strategy,market,start_balance,final_balance,profit,profit_pct,num_trades,win_rate_pct,best_trade,worst_trade,avg_trade,max_drawdown_pct,sharpe,time_in_market_pct,fees_paid,liquidated,data,cell,start,end,days,fee_rate,slippage_bps,funding_paid,funding_model,fills,fills_per_day,completed_round_trips,round_trips_per_day,active_days_pct
cautious_optimism,spot,1000.0,25195.456610599893,24195.456610599893,2419.5456610599895,1,0.0,24195.456610599893,24195.456610599893,24195.456610599893,83.91692785315725,1.3487679258325491,94.51265305346413,0.9683328905521883,False,real,inner_train,2017-01-01 00:00:00+00:00,2020-12-31 23:55:00+00:00,1461.0,0.001,1.0,0.0,not charged,1,0.0006844626967830253,0,0.0,0.06844626967830253
cautious_optimism,spot,1000.0,587.6226663765246,-412.37733362347535,-41.23773336234754,1,0.0,-412.37733362347524,-412.37733362347524,-412.37733362347524,76.31725788785263,0.07117429068692596,99.99952435312025,0.9683328905521881,False,real,inner_val,2021-01-01 00:00:00+00:00,2022-12-31 23:55:00+00:00,730.0,0.001,1.0,0.0,not charged,1,0.0013698630136986301,0,0.0,0.136986301369863
cautious_optimism,spot,1000.0,3751.4075768644248,2751.4075768644248,275.14075768644244,1,0.0,2751.4075768644248,2751.4075768644248,2751.4075768644248,53.73050182652654,1.0200991176642977,99.99973675966947,0.9683328905521882,False,real,holdout,2023-01-01 00:00:00+00:00,2026-08-12 00:40:00+00:00,1319.03125,0.001,1.0,0.0,not charged,1,0.00075813215191073,0,0.0,0.07575757575757576
cautious_optimism,spot,1000.0,3740.247990411631,2740.247990411631,274.0247990411631,1,0.0,2740.247990411631,2740.247990411631,2740.247990411631,53.72972257638967,1.018337885278736,99.99973675966947,3.861698771452295,False,real,fee_stress,2023-01-01 00:00:00+00:00,2026-08-12 00:40:00+00:00,1319.03125,0.004,1.0,0.0,not charged,1,0.00075813215191073,0,0.0,0.07575757575757576
cautious_optimism,spot,1000.0,1556.5191469672914,556.5191469672914,55.65191469672914,1,0.0,556.5191469672915,556.5191469672915,556.5191469672915,69.01505694877811,0.5066129292347852,99.99973659047986,0.9740886379003275,False,Coinbase ETH spot,eth_holdout,2023-01-01 00:00:00+00:00,2026-08-12 00:40:00+00:00,1319.03125,0.001,1.0,0.0,not charged,1,0.00075813215191073,0,0.0,0.07575757575757576
cautious_optimism,futures_5x,1000.0,409.7084754730528,-590.2915245269472,-59.029152452694724,1,0.0,-332.9027344234015,-332.9027344234015,-332.9027344234015,80.73165081045097,-0.06582690889656012,99.99952435312025,0.7059248498639079,False,Deribit perp + Deribit 8h funding,funded_val,2021-01-01 00:00:00+00:00,2022-12-31 23:55:00+00:00,730.0,0.0005,1.0,257.388790103545,Deribit 8h aggregation,4,0.005479452054794521,0,0.0,0.547945205479452
cautious_optimism,futures_5x,1000.0,3042.1804985148333,2042.1804985148333,204.2180498514833,1,0.0,2973.165127494919,2973.165127494919,2973.165127494919,57.26454249453836,0.8600111360963884,99.99973675966947,0.9782579021198752,False,Deribit perp + Deribit 8h funding,funded_holdout,2023-01-01 00:00:00+00:00,2026-08-12 00:40:00+00:00,1319.03125,0.0005,1.0,930.9846289800854,Deribit 8h aggregation,2,0.00151626430382146,0,0.0,0.15151515151515152
cautious_optimism,spot,1000.0,55424.23493853881,54424.23493853881,5442.423493853881,1,0.0,54424.23493853881,54424.23493853881,54424.23493853881,83.91694341865357,0.932951769977866,97.71597079402387,0.9683329971754412,False,real,full_spot,2017-01-01 00:00:00+00:00,2026-08-12 00:40:00+00:00,3510.03125,0.001,0.0,0.0,not charged,1,0.00028489774841748206,0,0.0,0.028481913984619765
cautious_optimism,futures_5x,1000.0,55343.000307582384,54343.000307582384,5434.300030758239,1,0.0,54343.000307582384,54343.000307582384,54343.000307582384,83.9072139887698,0.932798341117146,97.71597079402387,0.4834395218631145,False,spot (perp proxy),full_proxy,2017-01-01 00:00:00+00:00,2026-08-12 00:40:00+00:00,3510.03125,0.0005,0.0,0.0,not charged,1,0.00028489774841748206,0,0.0,0.028481913984619765
cautious_optimism,spot,1000.0,1581.8375512327327,581.8375512327327,58.18375512327327,1,0.0,581.8375512327327,581.8375512327327,581.8375512327327,28.11629542560377,1.743364821976506,99.99840723751274,0.9683328905521883,False,real,beta_spot_00,2024-06-20 00:00:00+00:00,2025-01-23 23:55:00+00:00,218.0,0.001,1.0,0.0,not charged,1,0.0045871559633027525,0,0.0,0.45871559633027525
cautious_optimism,futures_5x,1000.0,1506.6110672122115,506.61106721221154,50.66110672122115,1,0.0,580.4479660901203,580.4479660901203,580.4479660901203,28.846751698308708,1.5591113616922117,99.99840723751274,0.4820790443052324,False,Deribit perp + Deribit 8h funding,beta_perp_00,2024-06-20 00:00:00+00:00,2025-01-23 23:55:00+00:00,218.0,0.0005,1.0,73.83689887790908,Deribit 8h aggregation,1,0.0045871559633027525,0,0.0,0.45871559633027525
cautious_optimism,spot,1000.0,2332.287458433902,1332.287458433902,133.2287458433902,1,0.0,1332.2874584339022,1332.2874584339022,1332.2874584339022,20.987735962398705,2.272098992854255,99.9989666005291,0.9683328905521882,False,real,beta_spot_01,2023-05-19 00:00:00+00:00,2024-04-18 23:55:00+00:00,336.0,0.001,1.0,0.0,not charged,1,0.002976190476190476,0,0.0,0.2976190476190476
cautious_optimism,futures_5x,1000.0,2133.7447708745517,1133.7447708745517,113.37447708745518,1,0.0,1315.5023672351629,1315.5023672351629,1315.5023672351629,23.938010801986533,1.9015727369563808,99.9989666005291,0.48207904430523235,False,Deribit perp + Deribit 8h funding,beta_perp_01,2023-05-19 00:00:00+00:00,2024-04-18 23:55:00+00:00,336.0,0.0005,1.0,181.75759636061113,Deribit 8h aggregation,1,0.002976190476190476,0,0.0,0.2976190476190476
cautious_optimism,spot,1000.0,1537.025838268974,537.025838268974,53.70258382689739,1,0.0,537.0258382689739,537.0258382689739,537.0258382689739,30.07668258370566,1.504254579152782,99.99864366319444,0.9683328905521883,False,real,beta_spot_02,2024-05-04 00:00:00+00:00,2025-01-14 23:55:00+00:00,256.0,0.001,1.0,0.0,not charged,1,0.00390625,0,0.0,0.390625
cautious_optimism,futures_5x,1000.0,1440.314951380823,440.314951380823,44.03149513808231,1,0.0,515.1374915928446,515.1374915928446,515.1374915928446,31.67639989514598,1.291767571454615,99.99864366319444,0.4820790443052324,False,Deribit perp + Deribit 8h funding,beta_perp_02,2024-05-04 00:00:00+00:00,2025-01-14 23:55:00+00:00,256.0,0.0005,1.0,74.8225402120217,Deribit 8h aggregation,1,0.00390625,0,0.0,0.390625
cautious_optimism,spot,1000.0,676.9031938315973,-323.09680616840274,-32.309680616840275,1,0.0,-323.09680616840274,-323.09680616840274,-323.09680616840274,51.06817007363051,-1.0497531283149428,99.99875992063492,0.9683328905521882,False,real,beta_spot_03,2025-05-10 00:00:00+00:00,2026-02-13 23:55:00+00:00,280.0,0.001,1.0,0.0,not charged,1,0.0035714285714285713,0,0.0,0.35714285714285715
cautious_optimism,futures_5x,1000.0,634.6299836161816,-365.37001638381844,-36.53700163838184,1,0.0,-321.25283265923423,-321.25283265923423,-321.25283265923423,53.322718695487595,-1.1378152602028293,99.99875992063492,0.48207904430523235,False,Deribit perp + Deribit 8h funding,beta_perp_03,2025-05-10 00:00:00+00:00,2026-02-13 23:55:00+00:00,280.0,0.0005,1.0,44.117183724583114,Deribit 8h aggregation,1,0.0035714285714285713,0,0.0,0.35714285714285715
cautious_optimism,spot,1000.0,1603.1215854212574,603.1215854212574,60.31215854212573,1,0.0,603.1215854212572,603.1215854212572,603.1215854212572,20.640863780794586,2.5035435203180585,99.99825516471245,0.9683328905521882,False,real,beta_spot_04,2023-06-07 00:00:00+00:00,2023-12-22 23:55:00+00:00,199.0,0.001,1.0,0.0,not charged,1,0.005025125628140704,0,0.0,0.5025125628140703
cautious_optimism,futures_5x,1000.0,1533.2189271800473,533.2189271800473,53.32189271800474,1,0.0,594.2974704743484,594.2974704743484,594.2974704743484,23.87379290449287,2.0668113084099784,99.99825516471245,0.4820790443052324,False,Deribit perp + Deribit 8h funding,beta_perp_04,2023-06-07 00:00:00+00:00,2023-12-22 23:55:00+00:00,199.0,0.0005,1.0,61.078543294302875,Deribit 8h aggregation,1,0.005025125628140704,0,0.0,0.5025125628140703
cautious_optimism,spot,1000.0,1773.2377591952018,773.2377591952018,77.32377591952017,1,0.0,773.2377591952018,773.2377591952018,773.2377591952018,21.63760247070341,1.5895616559836432,99.99902738873327,0.9683328905521882,False,real,beta_spot_05,2023-01-27 00:00:00+00:00,2024-01-18 23:55:00+00:00,357.0,0.001,1.0,0.0,not charged,1,0.0028011204481792717,0,0.0,0.2801120448179272
cautious_optimism,futures_5x,1000.0,1656.9665762155817,656.9665762155817,65.69665762155816,1,0.0,763.0999915022784,763.0999915022784,763.0999915022784,24.1034478420268,1.3451063121878537,99.99902738873327,0.48207904430523235,False,Deribit perp + Deribit 8h funding,beta_perp_05,2023-01-27 00:00:00+00:00,2024-01-18 23:55:00+00:00,357.0,0.0005,1.0,106.13341528669592,Deribit 8h aggregation,1,0.0028011204481792717,0,0.0,0.2801120448179272
cautious_optimism,spot,1000.0,2130.5812281773324,1130.5812281773324,113.05812281773325,1,0.0,1130.5812281773324,1130.5812281773324,1130.5812281773324,22.740407048640364,1.9691892322039877,99.99900509391914,0.9683328905521883,False,real,beta_spot_06,2023-07-05 00:00:00+00:00,2024-06-17 23:55:00+00:00,349.0,0.001,1.0,0.0,not charged,1,0.0028653295128939827,0,0.0,0.28653295128939826
cautious_optimism,futures_5x,1000.0,1953.8041004717218,953.8041004717218,95.38041004717218,1,0.0,1115.5626485716446,1115.5626485716446,1115.5626485716446,24.90364054298976,1.6480168415501144,99.99900509391914,0.48207904430523235,False,Deribit perp + Deribit 8h funding,beta_perp_06,2023-07-05 00:00:00+00:00,2024-06-17 23:55:00+00:00,349.0,0.0005,1.0,161.75854809992472,Deribit 8h aggregation,1,0.0028653295128939827,0,0.0,0.28653295128939826
cautious_optimism,spot,1000.0,1181.6691780474544,181.66917804745435,18.16691780474544,1,0.0,181.66917804745447,181.66917804745447,181.66917804745447,20.736891554629565,0.9419489456704294,99.99828107810781,0.9683328905521882,False,real,beta_spot_07,2023-03-05 00:00:00+00:00,2023-09-22 23:55:00+00:00,202.0,0.001,1.0,0.0,not charged,1,0.0049504950495049506,0,0.0,0.49504950495049505
cautious_optimism,futures_5x,1000.0,1156.4086767660679,156.40867676606786,15.640867676606796,1,0.0,182.16484887369234,182.16484887369234,182.16484887369234,23.99808521734976,0.8118932455621339,99.99828107810781,0.48207904430523246,False,Deribit perp + Deribit 8h funding,beta_perp_07,2023-03-05 00:00:00+00:00,2023-09-22 23:55:00+00:00,202.0,0.0005,1.0,25.756172107624565,Deribit 8h aggregation,1,0.0049504950495049506,0,0.0,0.49504950495049505
cautious_optimism,spot,1000.0,2090.313993338135,1090.3139933381349,109.0313993338135,1,0.0,1090.313993338135,1090.313993338135,1090.313993338135,20.96094338124258,4.698164177099359,99.99736952861953,0.9683328905521881,False,real,beta_spot_08,2023-10-20 00:00:00+00:00,2024-02-28 23:55:00+00:00,132.0,0.001,1.0,0.0,not charged,1,0.007575757575757576,0,0.0,0.7575757575757576
cautious_optimism,futures_5x,1000.0,2048.5603742002772,1048.5603742002772,104.85603742002772,1,0.0,1130.5867755047448,1130.5867755047448,1130.5867755047448,21.730525076116358,4.323224815756878,99.99736952861953,0.48207904430523235,False,Deribit perp + Deribit 8h funding,beta_perp_08,2023-10-20 00:00:00+00:00,2024-02-28 23:55:00+00:00,132.0,0.0005,1.0,82.02640130446892,Deribit 8h aggregation,1,0.007575757575757576,0,0.0,0.7575757575757576
cautious_optimism,spot,1000.0,2184.199140865302,1184.199140865302,118.41991408653021,1,0.0,1184.1991408653023,1184.1991408653023,1184.1991408653023,31.957826528079508,1.8021904171475804,99.99903280718044,0.9683328905521882,False,real,beta_spot_09,2024-01-18 00:00:00+00:00,2025-01-10 23:55:00+00:00,359.0,0.001,1.0,0.0,not charged,1,0.002785515320334262,0,0.0,0.2785515320334262
cautious_optimism,futures_5x,1000.0,2007.532395721459,1007.5323957214589,100.7532395721459,1,0.0,1172.3124705271468,1172.3124705271468,1172.3124705271468,35.588597193974394,1.5744870322643745,99.99903280718044,0.4820790443052324,False,Deribit perp + Deribit 8h funding,beta_perp_09,2024-01-18 00:00:00+00:00,2025-01-10 23:55:00+00:00,359.0,0.0005,1.0,164.78007480568687,Deribit 8h aggregation,1,0.002785515320334262,0,0.0,0.2785515320334262
cautious_optimism,spot,1000.0,685.8404153368894,-314.15958466311065,-31.415958466311068,1,0.0,-314.1595846631106,-314.1595846631106,-314.1595846631106,50.89676928538586,-0.954053828684177,99.99869465329992,0.9683328905521882,False,real,beta_spot_10,2025-08-23 00:00:00+00:00,2026-05-15 23:55:00+00:00,266.0,0.001,1.0,0.0,not charged,1,0.0037593984962406013,0,0.0,0.37593984962406013
cautious_optimism,futures_5x,1000.0,667.2268723327832,-332.77312766721684,-33.27731276672169,1,0.0,-312.62496335620864,-312.62496335620864,-312.62496335620864,52.17264734261108,-0.9598003810431726,99.99869465329992,0.4820790443052324,False,Deribit perp + Deribit 8h funding,beta_perp_10,2025-08-23 00:00:00+00:00,2026-05-15 23:55:00+00:00,266.0,0.0005,1.0,20.148164311007204,Deribit 8h aggregation,1,0.0037593984962406013,0,0.0,0.37593984962406013
cautious_optimism,spot,1000.0,1426.2170115616505,426.21701156165045,42.62170115616504,1,0.0,426.2170115616505,426.2170115616505,426.2170115616505,28.1238375458848,1.584479565497937,99.99818208260616,0.9683328905521881,False,real,beta_spot_11,2024-06-23 00:00:00+00:00,2024-12-30 23:55:00+00:00,191.0,0.001,1.0,0.0,not charged,1,0.005235602094240838,0,0.0,0.5235602094240838
cautious_optimism,futures_5x,1000.0,1369.0246820470995,369.02468204709953,36.90246820470995,1,0.0,426.0176650859086,426.0176650859086,426.0176650859086,28.862872054067466,1.4115465522989312,99.99818208260616,0.4820790443052324,False,Deribit perp + Deribit 8h funding,beta_perp_11,2024-06-23 00:00:00+00:00,2024-12-30 23:55:00+00:00,191.0,0.0005,1.0,56.99298303880907,Deribit 8h aggregation,1,0.005235602094240838,0,0.0,0.5235602094240838
cautious_optimism,spot,1000.0,1234.4779852503914,234.47798525039138,23.447798525039133,1,0.0,234.47798525039153,234.47798525039153,234.47798525039153,19.089563842564882,1.1998578754620106,99.9982725262576,0.9683328905521882,False,real,beta_spot_12,2025-03-06 00:00:00+00:00,2025-09-22 23:55:00+00:00,201.0,0.001,1.0,0.0,not charged,1,0.004975124378109453,0,0.0,0.4975124378109453
cautious_optimism,futures_5x,1000.0,1202.7436928836094,202.74369288360936,20.274369288360926,1,0.0,234.0456804327009,234.0456804327009,234.0456804327009,18.890076258079517,1.0742365090356842,99.9982725262576,0.4820790443052324,False,Deribit perp + Deribit 8h funding,beta_perp_12,2025-03-06 00:00:00+00:00,2025-09-22 23:55:00+00:00,201.0,0.0005,1.0,31.301987549091578,Deribit 8h aggregation,1,0.004975124378109453,0,0.0,0.4975124378109453
cautious_optimism,spot,1000.0,1354.6797300313667,354.6797300313667,35.46797300313666,1,0.0,354.6797300313668,354.6797300313668,354.6797300313668,31.945487586149962,1.295793309888365,99.99825516471245,0.9683328905521882,False,real,beta_spot_13,2024-02-01 00:00:00+00:00,2024-08-17 23:55:00+00:00,199.0,0.001,1.0,0.0,not charged,1,0.005025125628140704,0,0.0,0.5025125628140703
cautious_optimism,futures_5x,1000.0,1304.7600108355746,304.7600108355746,30.476001083557456,1,0.0,382.8860157306816,382.8860157306816,382.8860157306816,35.5311074895966,1.139862370847599,99.99825516471245,0.48207904430523235,False,Deribit perp + Deribit 8h funding,beta_perp_13,2024-02-01 00:00:00+00:00,2024-08-17 23:55:00+00:00,199.0,0.0005,1.0,78.12600489510652,Deribit 8h aggregation,1,0.005025125628140704,0,0.0,0.5025125628140703
cautious_optimism,spot,1000.0,1183.6611097769796,183.66110977697963,18.366110977697957,1,0.0,183.6611097769798,183.6611097769798,183.6611097769798,20.71332669398606,0.9012956453414077,99.99840723751274,0.9683328905521882,False,real,beta_spot_14,2023-03-03 00:00:00+00:00,2023-10-06 23:55:00+00:00,218.0,0.001,1.0,0.0,not charged,1,0.0045871559633027525,0,0.0,0.45871559633027525
cautious_optimism,futures_5x,1000.0,1156.9599044402376,156.95990444023755,15.695990444023744,1,0.0,184.33200946980207,184.33200946980207,184.33200946980207,23.967364031490856,0.7761875632226836,99.99840723751274,0.4820790443052324,False,Deribit perp + Deribit 8h funding,beta_perp_14,2023-03-03 00:00:00+00:00,2023-10-06 23:55:00+00:00,218.0,0.0005,1.0,27.372105029564352,Deribit 8h aggregation,1,0.0045871559633027525,0,0.0,0.45871559633027525
cautious_optimism,spot,1000.0,1206.7879643585109,206.78796435851086,20.678796435851087,1,0.0,206.78796435851095,206.78796435851095,206.78796435851095,20.71332669398606,0.9432857297340533,99.99848374575448,0.9683328905521882,False,real,beta_spot_15,2023-03-03 00:00:00+00:00,2023-10-17 23:55:00+00:00,229.0,0.001,1.0,0.0,not charged,1,0.004366812227074236,0,0.0,0.4366812227074236
cautious_optimism,futures_5x,1000.0,1172.9389452867235,172.93894528672354,17.29389452867236,1,0.0,203.0079694327196,203.0079694327196,203.0079694327196,23.967364031490856,0.7979993084284038,99.99848374575448,0.4820790443052324,False,Deribit perp + Deribit 8h funding,beta_perp_15,2023-03-03 00:00:00+00:00,2023-10-17 23:55:00+00:00,229.0,0.0005,1.0,30.069024145995776,Deribit 8h aggregation,1,0.004366812227074236,0,0.0,0.4366812227074236
cautious_optimism,spot,1000.0,1983.9368324152124,983.9368324152124,98.39368324152125,1,0.0,983.9368324152123,983.9368324152123,983.9368324152123,31.006702726176805,1.790544467960297,99.99896966699637,0.9683328905521883,False,real,beta_spot_16,2024-08-12 00:00:00+00:00,2025-07-14 23:55:00+00:00,337.0,0.001,1.0,0.0,not charged,1,0.002967359050445104,0,0.0,0.29673590504451036
cautious_optimism,futures_5x,1000.0,1903.5544961055111,903.5544961055111,90.3554496105511,1,0.0,1002.1266912082826,1002.1266912082826,1002.1266912082826,33.16898176614913,1.6525350815849162,99.99896966699637,0.48207904430523235,False,Deribit perp + Deribit 8h funding,beta_perp_16,2024-08-12 00:00:00+00:00,2025-07-14 23:55:00+00:00,337.0,0.0005,1.0,98.57219510277152,Deribit 8h aggregation,1,0.002967359050445104,0,0.0,0.29673590504451036
cautious_optimism,spot,1000.0,554.5758541719683,-445.42414582803167,-44.54241458280317,1,0.0,-445.42414582803156,-445.42414582803156,-445.42414582803156,52.401292512087785,-1.1998224374898248,99.99902738873327,0.9683328905521881,False,real,beta_spot_17,2025-07-20 00:00:00+00:00,2026-07-11 23:55:00+00:00,357.0,0.001,1.0,0.0,not charged,1,0.0028011204481792717,0,0.0,0.2801120448179272
cautious_optimism,futures_5x,1000.0,527.6422358277266,-472.3577641722734,-47.235776417227335,1,0.0,-442.96081240324725,-442.96081240324725,-442.96081240324725,54.07184957826071,-1.2150027747245482,99.99902738873327,0.48207904430523235,False,Deribit perp + Deribit 8h funding,beta_perp_17,2025-07-20 00:00:00+00:00,2026-07-11 23:55:00+00:00,357.0,0.0005,1.0,29.39695176902624,Deribit 8h aggregation,1,0.0028011204481792717,0,0.0,0.2801120448179272
cautious_optimism,spot,1000.0,682.0529247731153,-317.94707522688475,-31.79470752268847,1,0.0,-317.9470752268847,-317.9470752268847,-317.9470752268847,38.35199271326548,-1.31284092831522,99.99824635241302,0.9683328905521881,False,real,beta_spot_18,2025-12-09 00:00:00+00:00,2026-06-24 23:55:00+00:00,198.0,0.001,1.0,0.0,not charged,1,0.005050505050505051,0,0.0,0.5050505050505051
cautious_optimism,futures_5x,1000.0,676.8553180374254,-323.1446819625746,-32.314468196257465,1,0.0,-316.2023988851026,-316.2023988851026,-316.2023988851026,38.57299872630377,-1.3265664713132608,99.99824635241302,0.48207904430523235,False,Deribit perp + Deribit 8h funding,beta_perp_18,2025-12-09 00:00:00+00:00,2026-06-24 23:55:00+00:00,198.0,0.0005,1.0,6.9422830774719415,Deribit 8h aggregation,1,0.005050505050505051,0,0.0,0.5050505050505051
cautious_optimism,spot,1000.0,1850.953133566347,850.9531335663471,85.09531335663472,1,0.0,850.9531335663471,850.9531335663471,850.9531335663471,22.68168206611634,2.429196441211637,99.9982725262576,0.9683328905521882,False,real,beta_spot_19,2023-11-20 00:00:00+00:00,2024-06-07 23:55:00+00:00,201.0,0.001,1.0,0.0,not charged,1,0.004975124378109453,0,0.0,0.4975124378109453
cautious_optimism,futures_5x,1000.0,1717.7377773785488,717.7377773785488,71.77377773785487,1,0.0,826.16973180217,826.16973180217,826.16973180217,24.49225601152186,2.071739071125694,99.9982725262576,0.48207904430523235,False,Deribit perp + Deribit 8h funding,beta_perp_19,2023-11-20 00:00:00+00:00,2024-06-07 23:55:00+00:00,201.0,0.0005,1.0,108.43195442362023,Deribit 8h aggregation,1,0.004975124378109453,0,0.0,0.4975124378109453
cautious_optimism,spot,1000.0,745.9439239134811,-254.05607608651894,-25.40560760865189,1,0.0,-254.05607608651889,-254.05607608651889,-254.05607608651889,42.7062099293414,-1.0231030438039366,99.99800446998722,0.9683328905521883,False,real,beta_spot_20,2025-11-04 00:00:00+00:00,2026-04-26 23:55:00+00:00,174.0,0.001,1.0,0.0,not charged,1,0.005747126436781609,0,0.0,0.5747126436781609
cautious_optimism,futures_5x,1000.0,742.2387360755331,-257.7612639244669,-25.776126392446685,1,0.0,-252.27300757404933,-252.27300757404933,-252.27300757404933,43.186552011499515,-1.031309633844961,99.99800446998722,0.48207904430523235,False,Deribit perp + Deribit 8h funding,beta_perp_20,2025-11-04 00:00:00+00:00,2026-04-26 23:55:00+00:00,174.0,0.0005,1.0,5.488256350417698,Deribit 8h aggregation,1,0.005747126436781609,0,0.0,0.5747126436781609
cautious_optimism,spot,1000.0,1318.2351172502908,318.23511725029084,31.823511725029086,1,0.0,318.2351172502909,318.2351172502909,318.2351172502909,21.63707403063382,1.7888914461182202,99.99748389694042,0.9683328905521882,False,real,beta_spot_21,2023-02-07 00:00:00+00:00,2023-06-24 23:55:00+00:00,138.0,0.001,1.0,0.0,not charged,1,0.007246376811594203,0,0.0,0.7246376811594203
cautious_optimism,futures_5x,1000.0,1315.5691188122507,315.56911881225074,31.55691188122507,1,0.0,328.3981500823458,328.3981500823458,328.3981500823458,22.157406828157665,1.7443153428317832,99.99748389694042,0.48207904430523235,False,Deribit perp + Deribit 8h funding,beta_perp_21,2023-02-07 00:00:00+00:00,2023-06-24 23:55:00+00:00,138.0,0.0005,1.0,12.829031270095742,Deribit 8h aggregation,1,0.007246376811594203,0,0.0,0.7246376811594203
cautious_optimism,spot,1000.0,1199.8586249678344,199.85862496783443,19.985862496783447,1,0.0,199.85862496783457,199.85862496783457,199.85862496783457,30.686590751302383,0.8231588842448279,99.9985592438912,0.9683328905521884,False,real,beta_spot_22,2024-12-03 00:00:00+00:00,2025-07-31 23:55:00+00:00,241.0,0.001,1.0,0.0,not charged,1,0.004149377593360996,0,0.0,0.4149377593360996
cautious_optimism,futures_5x,1000.0,1156.423378098788,156.4233780987879,15.642337809878782,1,0.0,199.03630758592237,199.03630758592237,199.03630758592237,32.04324080772106,0.6991818728449462,99.9985592438912,0.4820790443052324,False,Deribit perp + Deribit 8h funding,beta_perp_22,2024-12-03 00:00:00+00:00,2025-07-31 23:55:00+00:00,241.0,0.0005,1.0,42.61292948713489,Deribit 8h aggregation,1,0.004149377593360996,0,0.0,0.4149377593360996
cautious_optimism,spot,1000.0,912.8954203368222,-87.10457966317779,-8.710457966317776,1,0.0,-87.10457966317774,-87.10457966317774,-87.10457966317774,31.598330856717034,-0.05678475564529858,99.99823745064862,0.9683328905521883,False,real,beta_spot_23,2024-03-11 00:00:00+00:00,2024-09-23 23:55:00+00:00,197.0,0.001,1.0,0.0,not charged,1,0.005076142131979695,0,0.0,0.5076142131979695
cautious_optimism,futures_5x,1000.0,892.3881422794457,-107.61185772055433,-10.761185772055438,1,0.0,-78.66890131611666,-78.66890131611666,-78.66890131611666,34.36958203648032,-0.11741958189379388,99.99823745064862,0.4820790443052324,False,Deribit perp + Deribit 8h funding,beta_perp_23,2024-03-11 00:00:00+00:00,2024-09-23 23:55:00+00:00,197.0,0.0005,1.0,28.942956404437638,Deribit 8h aggregation,1,0.005076142131979695,0,0.0,0.5076142131979695
swap_regret_council,spot,1000.0,25961.684934639503,24961.684934639503,2496.16849346395,1,0.0,24961.684934639503,24961.684934639503,24961.684934639503,84.06746495499509,1.3541466391965131,94.51265305346413,0.9989983208344664,False,real,inner_train,2017-01-01 00:00:00+00:00,2020-12-31 23:55:00+00:00,1461.0,0.001,1.0,0.0,not charged,1,0.0006844626967830253,0,0.0,0.06844626967830253
swap_regret_council,spot,1000.0,574.5633884178764,-425.43661158212365,-42.543661158212366,1,0.0,-425.4366115821236,-425.4366115821236,-425.4366115821236,77.33132649774008,0.07665744876968257,99.99952435312025,0.9989983208344664,False,real,inner_val,2021-01-01 00:00:00+00:00,2022-12-31 23:55:00+00:00,730.0,0.001,1.0,0.0,not charged,1,0.0013698630136986301,0,0.0,0.136986301369863
swap_regret_council,spot,1000.0,3838.5399029990394,2838.5399029990394,283.85399029990396,1,0.0,2838.53990299904,2838.53990299904,2838.53990299904,53.95425142411795,1.0282111000719998,99.99973675966947,0.9989983208344664,False,real,holdout,2023-01-01 00:00:00+00:00,2026-08-12 00:40:00+00:00,1319.03125,0.001,1.0,0.0,not charged,1,0.00075813215191073,0,0.0,0.07575757575757576
swap_regret_council,spot,1000.0,3827.0269117164753,2827.0269117164753,282.70269117164753,1,0.0,2827.0269117164753,2827.0269117164753,2827.0269117164753,53.95414247826682,1.0264362805779454,99.99973675966947,3.9839921021885876,False,real,fee_stress,2023-01-01 00:00:00+00:00,2026-08-12 00:40:00+00:00,1319.03125,0.004,1.0,0.0,not charged,1,0.00075813215191073,0,0.0,0.07575757575757576
swap_regret_council,spot,1000.0,1570.7429478850895,570.7429478850895,57.074294788508965,1,0.0,570.7429478850896,570.7429478850896,570.7429478850896,69.44158092645993,0.5120487054448044,99.99973659047986,0.9989848933792027,False,Coinbase ETH spot,eth_holdout,2023-01-01 00:00:00+00:00,2026-08-12 00:40:00+00:00,1319.03125,0.001,1.0,0.0,not charged,1,0.00075813215191073,0,0.0,0.07575757575757576
swap_regret_council,futures_5x,1000.0,411.2747725159435,-588.7252274840565,-58.87252274840565,1,0.0,-320.12128752401884,-320.12128752401884,-320.12128752401884,81.62480719745737,-0.04257780708234679,99.99952435312025,0.6112522755545725,False,Deribit perp + Deribit 8h funding,funded_val,2021-01-01 00:00:00+00:00,2022-12-31 23:55:00+00:00,730.0,0.0005,1.0,268.60393996003654,Deribit 8h aggregation,2,0.0027397260273972603,0,0.0,0.273972602739726
swap_regret_council,futures_5x,1000.0,3071.966317964368,2071.966317964368,207.1966317964368,1,0.0,3014.358091086936,3014.358091086936,3014.358091086936,56.95321303650185,0.8620683343095685,99.99973675966947,0.9977658923864632,False,Deribit perp + Deribit 8h funding,funded_holdout,2023-01-01 00:00:00+00:00,2026-08-12 00:40:00+00:00,1319.03125,0.0005,1.0,942.3917731225695,Deribit 8h aggregation,2,0.00151626430382146,0,0.0,0.15151515151515152
swap_regret_council,spot,1000.0,57147.75646554423,56147.75646554423,5614.7756465544235,1,0.0,56147.75646554423,56147.75646554423,56147.75646554423,84.06746548057336,0.9364138077540515,97.71597079402387,0.9989984308342936,False,real,full_spot,2017-01-01 00:00:00+00:00,2026-08-12 00:40:00+00:00,3510.03125,0.001,0.0,0.0,not charged,1,0.00028489774841748206,0,0.0,0.028481913984619765
swap_regret_council,futures_5x,1000.0,57063.94927412187,56063.94927412187,5606.394927412187,1,0.0,56063.94927412187,56063.94927412187,56063.94927412187,84.0579278209123,0.9362611069268345,97.71597079402387,0.4987492165951991,False,spot (perp proxy),full_proxy,2017-01-01 00:00:00+00:00,2026-08-12 00:40:00+00:00,3510.03125,0.0005,0.0,0.0,not charged,1,0.00028489774841748206,0,0.0,0.028481913984619765
swap_regret_council,spot,1000.0,1600.263341616414,600.263341616414,60.0263341616414,1,0.0,600.2633416164139,600.2633416164139,600.2633416164139,28.943082474494542,1.7455150745313501,99.99840723751274,0.9989983208344664,False,real,beta_spot_00,2024-06-20 00:00:00+00:00,2025-01-23 23:55:00+00:00,218.0,0.001,1.0,0.0,not charged,1,0.0045871559633027525,0,0.0,0.45871559633027525
swap_regret_council,futures_5x,1000.0,1508.4479638935236,508.4479638935236,50.844796389352354,1,0.0,582.5525844287049,582.5525844287049,582.5525844287049,28.94454995729986,1.5595140409214332,99.99840723751274,0.48382699150561004,False,Deribit perp + Deribit 8h funding,beta_perp_00,2024-06-20 00:00:00+00:00,2025-01-23 23:55:00+00:00,218.0,0.0005,1.0,74.10462053518259,Deribit 8h aggregation,1,0.0045871559633027525,0,0.0,0.45871559633027525
swap_regret_council,spot,1000.0,2374.4787013124337,1374.4787013124337,137.44787013124338,1,0.0,1374.4787013124337,1374.4787013124337,1374.4787013124337,21.350713487015746,2.278106618549944,99.9989666005291,0.9989983208344663,False,real,beta_spot_01,2023-05-19 00:00:00+00:00,2024-04-18 23:55:00+00:00,336.0,0.001,1.0,0.0,not charged,1,0.002976190476190476,0,0.0,0.2976190476190476
swap_regret_council,futures_5x,1000.0,2137.8555614629468,1137.8555614629468,113.78555614629468,1,0.0,1320.272183942738,1320.272183942738,1320.272183942738,24.012706651222896,1.902250904141966,99.9989666005291,0.48382699150561,False,Deribit perp + Deribit 8h funding,beta_perp_01,2023-05-19 00:00:00+00:00,2024-04-18 23:55:00+00:00,336.0,0.0005,1.0,182.41662247979008,Deribit 8h aggregation,1,0.002976190476190476,0,0.0,0.2976190476190476
swap_regret_council,spot,1000.0,1554.032519095263,554.0325190952631,55.403251909526304,1,0.0,554.0325190952631,554.0325190952631,554.0325190952631,30.899211041366897,1.5074678178747103,99.99864366319444,0.9989983208344662,False,real,beta_spot_02,2024-05-04 00:00:00+00:00,2025-01-14 23:55:00+00:00,256.0,0.001,1.0,0.0,not charged,1,0.00390625,0,0.0,0.390625
swap_regret_council,futures_5x,1000.0,1441.9114681671092,441.9114681671092,44.191146816710926,1,0.0,517.0053038258717,517.0053038258717,517.0053038258717,31.77766193974765,1.292249575936771,99.99864366319444,0.48382699150561,False,Deribit perp + Deribit 8h funding,beta_perp_02,2024-05-04 00:00:00+00:00,2025-01-14 23:55:00+00:00,256.0,0.0005,1.0,75.09383565876166,Deribit 8h aggregation,1,0.00390625,0,0.0,0.390625
swap_regret_council,spot,1000.0,666.671275985314,-333.32872401468603,-33.332872401468606,1,0.0,-333.3287240146859,-333.3287240146859,-333.3287240146859,52.391825476168506,-1.0472653534605216,99.99875992063492,0.9989983208344665,False,real,beta_spot_03,2025-05-10 00:00:00+00:00,2026-02-13 23:55:00+00:00,280.0,0.001,1.0,0.0,not charged,1,0.0035714285714285713,0,0.0,0.35714285714285715
swap_regret_council,futures_5x,1000.0,633.3052060619975,-366.6947939380025,-36.66947939380025,1,0.0,-322.41764784067277,-322.41764784067277,-322.41764784067277,53.486171817513664,-1.1374880427713372,99.99875992063492,0.48382699150561004,False,Deribit perp + Deribit 8h funding,beta_perp_03,2025-05-10 00:00:00+00:00,2026-02-13 23:55:00+00:00,280.0,0.0005,1.0,44.27714609733272,Deribit 8h aggregation,1,0.0035714285714285713,0,0.0,0.35714285714285715
swap_regret_council,spot,1000.0,1622.2214044090497,622.2214044090497,62.22214044090497,1,0.0,622.2214044090497,622.2214044090497,622.2214044090497,21.199371584379044,2.5036022129137305,99.99825516471245,0.9989983208344664,False,real,beta_spot_04,2023-06-07 00:00:00+00:00,2023-12-22 23:55:00+00:00,199.0,0.001,1.0,0.0,not charged,1,0.005025125628140704,0,0.0,0.5025125628140703
swap_regret_council,futures_5x,1000.0,1535.1523000199609,535.1523000199609,53.515230001996095,1,0.0,596.452305064191,596.452305064191,596.452305064191,23.949142968543235,2.0668929317429834,99.99825516471245,0.4838269915056101,False,Deribit perp + Deribit 8h funding,beta_perp_04,2023-06-07 00:00:00+00:00,2023-12-22 23:55:00+00:00,199.0,0.0005,1.0,61.30000504422876,Deribit 8h aggregation,1,0.005025125628140704,0,0.0,0.5025125628140703
swap_regret_council,spot,1000.0,1797.724863606892,797.7248636068921,79.77248636068921,1,0.0,797.7248636068922,797.7248636068922,797.7248636068922,22.263558063500124,1.593775480405472,99.99902738873327,0.9989983208344663,False,real,beta_spot_05,2023-01-27 00:00:00+00:00,2024-01-18 23:55:00+00:00,357.0,0.001,1.0,0.0,not charged,1,0.0028011204481792717,0,0.0,0.2801120448179272
swap_regret_council,futures_5x,1000.0,1659.3486396991598,659.3486396991598,65.93486396991597,1,0.0,765.8668790272837,765.8668790272837,765.8668790272837,24.16841010405246,1.3457364651798702,99.99902738873327,0.4838269915056099,False,Deribit perp + Deribit 8h funding,beta_perp_05,2023-01-27 00:00:00+00:00,2024-01-18 23:55:00+00:00,357.0,0.0005,1.0,106.51823932812306,Deribit 8h aggregation,1,0.0028011204481792717,0,0.0,0.2801120448179272
swap_regret_council,spot,1000.0,2166.3847831008397,1166.3847831008397,116.63847831008395,1,0.0,1166.38478310084,1166.38478310084,1166.38478310084,23.041086089979242,1.9756090189831623,99.99900509391914,0.9989983208344663,False,real,beta_spot_06,2023-07-05 00:00:00+00:00,2024-06-17 23:55:00+00:00,349.0,0.001,1.0,0.0,not charged,1,0.0028653295128939827,0,0.0,0.28653295128939826
swap_regret_council,futures_5x,1000.0,1957.2624528453039,957.2624528453039,95.72624528453039,1,0.0,1119.6075134780356,1119.6075134780356,1119.6075134780356,24.944262841439624,1.6487276218317681,99.99900509391914,0.48382699150561,False,Deribit perp + Deribit 8h funding,beta_perp_06,2023-07-05 00:00:00+00:00,2024-06-17 23:55:00+00:00,349.0,0.0005,1.0,162.34506063273128,Deribit 8h aggregation,1,0.0028653295128939827,0,0.0,0.28653295128939826
swap_regret_council,spot,1000.0,1187.4223271640521,187.42232716405215,18.742232716405205,1,0.0,187.42232716405232,187.42232716405232,187.42232716405232,21.199380118956,0.9493733933449504,99.99828107810781,0.9989983208344662,False,real,beta_spot_07,2023-03-05 00:00:00+00:00,2023-09-22 23:55:00+00:00,202.0,0.001,1.0,0.0,not charged,1,0.0049504950495049506,0,0.0,0.49504950495049505
swap_regret_council,futures_5x,1000.0,1156.9757914579368,156.9757914579368,15.697579145793682,1,0.0,182.82535163015396,182.82535163015396,182.82535163015396,24.06055034342634,0.8127882209225066,99.99828107810781,0.4838269915056101,False,Deribit perp + Deribit 8h funding,beta_perp_07,2023-03-05 00:00:00+00:00,2023-09-22 23:55:00+00:00,202.0,0.0005,1.0,25.849560172216435,Deribit 8h aggregation,1,0.0049504950495049506,0,0.0,0.49504950495049505
swap_regret_council,spot,1000.0,2124.8423544779043,1124.8423544779043,112.48423544779045,1,0.0,1124.8423544779046,1124.8423544779046,1124.8423544779046,21.350711136985836,4.703782830229263,99.99736952861953,0.9989983208344663,False,real,beta_spot_08,2023-10-20 00:00:00+00:00,2024-02-28 23:55:00+00:00,132.0,0.001,1.0,0.0,not charged,1,0.007575757575757576,0,0.0,0.7575757575757576
swap_regret_council,futures_5x,1000.0,2052.362298785386,1052.362298785386,105.23622987853858,1,0.0,1134.6861156697494,1134.6861156697494,1134.6861156697494,21.778972604187004,4.3237955937456904,99.99736952861953,0.48382699150561,False,Deribit perp + Deribit 8h funding,beta_perp_08,2023-10-20 00:00:00+00:00,2024-02-28 23:55:00+00:00,132.0,0.0005,1.0,82.32381688436371,Deribit 8h aggregation,1,0.007575757575757576,0,0.0,0.7575757575757576
swap_regret_council,spot,1000.0,2221.7006824827004,1221.7006824827004,122.17006824827004,1,0.0,1221.7006824827006,1221.7006824827006,1221.7006824827006,32.54334841477674,1.8092059826776674,99.99903280718044,0.9989983208344663,False,real,beta_spot_09,2024-01-18 00:00:00+00:00,2025-01-10 23:55:00+00:00,359.0,0.001,1.0,0.0,not charged,1,0.002785515320334262,0,0.0,0.2785515320334262
swap_regret_council,futures_5x,1000.0,2011.1855589344113,1011.1855589344113,101.11855589344114,1,0.0,1176.5631018811378,1176.5631018811378,1176.5631018811378,35.6664138300447,1.5753041903129377,99.99903280718044,0.48382699150561004,False,Deribit perp + Deribit 8h funding,beta_perp_09,2024-01-18 00:00:00+00:00,2025-01-10 23:55:00+00:00,359.0,0.0005,1.0,165.37754294672524,Deribit 8h aggregation,1,0.002785515320334262,0,0.0,0.2785515320334262
swap_regret_council,spot,1000.0,675.8915238606303,-324.1084761393697,-32.410847613936966,1,0.0,-324.1084761393697,-324.1084761393697,-324.1084761393697,52.39181015436984,-0.9365860342466428,99.99869465329992,0.9989983208344662,False,real,beta_spot_10,2025-08-23 00:00:00+00:00,2026-05-15 23:55:00+00:00,266.0,0.001,1.0,0.0,not charged,1,0.0037593984962406013,0,0.0,0.37593984962406013
swap_regret_council,futures_5x,1000.0,666.0202862682398,-333.97971373176017,-33.39797137317602,1,0.0,-313.7584951616705,-313.7584951616705,-313.7584951616705,52.35018286703568,-0.9577301782857855,99.99869465329992,0.48382699150561,False,Deribit perp + Deribit 8h funding,beta_perp_10,2025-08-23 00:00:00+00:00,2026-05-15 23:55:00+00:00,266.0,0.0005,1.0,20.221218570088155,Deribit 8h aggregation,1,0.0037593984962406013,0,0.0,0.37593984962406013
swap_regret_council,spot,1000.0,1439.7145682187536,439.7145682187536,43.97145682187536,1,0.0,439.7145682187537,439.7145682187537,439.7145682187537,28.94308315082797,1.5876226493198067,99.99818208260616,0.9989983208344663,False,real,beta_spot_11,2024-06-23 00:00:00+00:00,2024-12-30 23:55:00+00:00,191.0,0.001,1.0,0.0,not charged,1,0.005235602094240838,0,0.0,0.5235602094240838
swap_regret_council,futures_5x,1000.0,1370.3627108775877,370.3627108775877,37.03627108775878,1,0.0,427.5623420300631,427.5623420300631,427.5623420300631,28.959857380132544,1.4120401698451757,99.99818208260616,0.48382699150561004,False,Deribit perp + Deribit 8h funding,beta_perp_11,2024-06-23 00:00:00+00:00,2024-12-30 23:55:00+00:00,191.0,0.0005,1.0,57.199631152475696,Deribit 8h aggregation,1,0.005235602094240838,0,0.0,0.5235602094240838
swap_regret_council,spot,1000.0,1241.9034980875363,241.90349808753626,24.19034980875363,1,0.0,241.90349808753643,241.90349808753643,241.90349808753643,19.681109041467263,1.2038215244137809,99.9982725262576,0.9989983208344663,False,real,beta_spot_12,2025-03-06 00:00:00+00:00,2025-09-22 23:55:00+00:00,201.0,0.001,1.0,0.0,not charged,1,0.004975124378109453,0,0.0,0.4975124378109453
swap_regret_council,futures_5x,1000.0,1203.4788114799403,203.4788114799403,20.34788114799404,1,0.0,234.89429539886768,234.89429539886768,234.89429539886768,18.957134073463738,1.0747528821162553,99.9982725262576,0.48382699150561004,False,Deribit perp + Deribit 8h funding,beta_perp_12,2025-03-06 00:00:00+00:00,2025-09-22 23:55:00+00:00,201.0,0.0005,1.0,31.41548391892765,Deribit 8h aggregation,1,0.004975124378109453,0,0.0,0.4975124378109453
swap_regret_council,spot,1000.0,1365.9118245310299,365.9118245310299,36.591182453102974,1,0.0,365.9118245310299,365.9118245310299,365.9118245310299,32.54334733128367,1.306702680287223,99.99825516471245,0.9989983208344664,False,real,beta_spot_13,2024-02-01 00:00:00+00:00,2024-08-17 23:55:00+00:00,199.0,0.001,1.0,0.0,not charged,1,0.005025125628140704,0,0.0,0.5025125628140703
swap_regret_council,futures_5x,1000.0,1305.8650254882975,305.86502548829753,30.586502548829753,1,0.0,384.2743037037146,384.2743037037146,384.2743037037146,35.608383428420396,1.1410826340596636,99.99825516471245,0.4838269915056099,False,Deribit perp + Deribit 8h funding,beta_perp_13,2024-02-01 00:00:00+00:00,2024-08-17 23:55:00+00:00,199.0,0.0005,1.0,78.4092782154183,Deribit 8h aggregation,1,0.005025125628140704,0,0.0,0.5025125628140703
swap_regret_council,spot,1000.0,1189.4773399312814,189.47733993128145,18.947733993128146,1,0.0,189.47733993128153,189.47733993128153,189.47733993128153,21.19937803192857,0.9078531520139893,99.99840723751274,0.9989983208344664,False,real,beta_spot_14,2023-03-03 00:00:00+00:00,2023-10-06 23:55:00+00:00,218.0,0.001,1.0,0.0,not charged,1,0.0045871559633027525,0,0.0,0.45871559633027525
swap_regret_council,futures_5x,1000.0,1157.529017801995,157.529017801995,15.752901780199501,1,0.0,185.00037002954616,185.00037002954616,185.00037002954616,24.032784912871247,0.7770091814987969,99.99840723751274,0.48382699150561004,False,Deribit perp + Deribit 8h funding,beta_perp_14,2023-03-03 00:00:00+00:00,2023-10-06 23:55:00+00:00,218.0,0.0005,1.0,27.47135222754994,Deribit 8h aggregation,1,0.0045871559633027525,0,0.0,0.45871559633027525
swap_regret_council,spot,1000.0,1213.3365820561232,213.33658205612323,21.333658205612327,1,0.0,213.33658205612323,213.33658205612323,213.33658205612323,21.19937803192857,0.9497292112488985,99.99848374575448,0.9989983208344664,False,real,beta_spot_15,2023-03-03 00:00:00+00:00,2023-10-17 23:55:00+00:00,229.0,0.001,1.0,0.0,not charged,1,0.004366812227074236,0,0.0,0.4366812227074236
swap_regret_council,futures_5x,1000.0,1173.5659962834857,173.56599628348567,17.35659962834857,1,0.0,203.744046256668,203.744046256668,203.744046256668,24.032784912871247,0.7988130474404526,99.99848374575448,0.48382699150561004,False,Deribit perp + Deribit 8h funding,beta_perp_15,2023-03-03 00:00:00+00:00,2023-10-17 23:55:00+00:00,229.0,0.0005,1.0,30.178049973181064,Deribit 8h aggregation,1,0.004366812227074236,0,0.0,0.4366812227074236
swap_regret_council,spot,1000.0,2015.0964125874693,1015.0964125874693,101.50964125874692,1,0.0,1015.0964125874693,1015.0964125874693,1015.0964125874693,31.543362143414587,1.7962455217759106,99.99896966699637,0.9989983208344664,False,real,beta_spot_16,2024-08-12 00:00:00+00:00,2025-07-14 23:55:00+00:00,337.0,0.001,1.0,0.0,not charged,1,0.002967359050445104,0,0.0,0.29673590504451036
swap_regret_council,futures_5x,1000.0,1906.830650857546,906.8306508575461,90.6830650857546,1,0.0,1005.7602541374611,1005.7602541374611,1005.7602541374611,33.23711192990187,1.6532312561796154,99.99896966699637,0.48382699150561,False,Deribit perp + Deribit 8h funding,beta_perp_16,2024-08-12 00:00:00+00:00,2025-07-14 23:55:00+00:00,337.0,0.0005,1.0,98.92960327991649,Deribit 8h aggregation,1,0.002967359050445104,0,0.0,0.29673590504451036
swap_regret_council,spot,1000.0,540.4700407443736,-459.5299592556264,-45.95299592556265,1,0.0,-459.5299592556264,-459.5299592556264,-459.5299592556264,53.95413509420587,-1.1851522795046656,99.99902738873327,0.9989983208344663,False,real,beta_spot_17,2025-07-20 00:00:00+00:00,2026-07-11 23:55:00+00:00,357.0,0.001,1.0,0.0,not charged,1,0.0028011204481792717,0,0.0,0.2801120448179272
swap_regret_council,futures_5x,1000.0,525.9295365490188,-474.07046345098115,-47.40704634509812,1,0.0,-444.5669226896489,-444.5669226896489,-444.5669226896489,54.25887121965264,-1.2131953542265892,99.99902738873327,0.48382699150561,False,Deribit perp + Deribit 8h funding,beta_perp_17,2025-07-20 00:00:00+00:00,2026-07-11 23:55:00+00:00,357.0,0.0005,1.0,29.503540761332157,Deribit 8h aggregation,1,0.0028011204481792717,0,0.0,0.2801120448179272
swap_regret_council,spot,1000.0,671.9840900118954,-328.01590998810457,-32.80159099881046,1,0.0,-328.01590998810445,-328.01590998810445,-328.01590998810445,39.47947010109436,-1.302146262368194,99.99824635241302,0.9989983208344662,False,real,beta_spot_18,2025-12-09 00:00:00+00:00,2026-06-24 23:55:00+00:00,198.0,0.001,1.0,0.0,not charged,1,0.005050505050505051,0,0.0,0.5050505050505051
swap_regret_council,futures_5x,1000.0,675.6836432906684,-324.31635670933156,-32.431635670933154,1,0.0,-317.3489019418378,-317.3489019418378,-317.3489019418378,38.70373461602098,-1.3253176083854916,99.99824635241302,0.48382699150561004,False,Deribit perp + Deribit 8h funding,beta_perp_18,2025-12-09 00:00:00+00:00,2026-06-24 23:55:00+00:00,198.0,0.0005,1.0,6.967454767494231,Deribit 8h aggregation,1,0.005050505050505051,0,0.0,0.5050505050505051
swap_regret_council,spot,1000.0,1877.9013496658583,877.9013496658583,87.79013496658582,1,0.0,877.9013496658583,877.9013496658583,877.9013496658583,23.041080973564824,2.4397177124228535,99.9982725262576,0.9989983208344663,False,real,beta_spot_19,2023-11-20 00:00:00+00:00,2024-06-07 23:55:00+00:00,201.0,0.001,1.0,0.0,not charged,1,0.004975124378109453,0,0.0,0.4975124378109453
swap_regret_council,futures_5x,1000.0,1720.340188235015,720.3401882350149,72.03401882350148,1,0.0,829.1653008624713,829.1653008624713,829.1653008624713,24.53986590584603,2.072875027605713,99.9982725262576,0.48382699150561,False,Deribit perp + Deribit 8h funding,beta_perp_19,2023-11-20 00:00:00+00:00,2024-06-07 23:55:00+00:00,201.0,0.0005,1.0,108.82511262745676,Deribit 8h aggregation,1,0.004975124378109453,0,0.0,0.4975124378109453
swap_regret_council,spot,1000.0,737.898406751942,-262.10159324805795,-26.210159324805794,1,0.0,-262.1015932480579,-262.1015932480579,-262.1015932480579,44.04972053813764,-1.0041329176666254,99.99800446998722,0.9989983208344663,False,real,beta_spot_20,2025-11-04 00:00:00+00:00,2026-04-26 23:55:00+00:00,174.0,0.001,1.0,0.0,not charged,1,0.005747126436781609,0,0.0,0.5747126436781609
swap_regret_council,futures_5x,1000.0,741.3041319168071,-258.69586808319286,-25.86958680831929,1,0.0,-253.18771212826914,-253.18771212826914,-253.18771212826914,43.34197076865841,-1.029125713360107,99.99800446998722,0.48382699150561,False,Deribit perp + Deribit 8h funding,beta_perp_20,2025-11-04 00:00:00+00:00,2026-04-26 23:55:00+00:00,174.0,0.0005,1.0,5.508155954924452,Deribit 8h aggregation,1,0.005747126436781609,0,0.0,0.5747126436781609
swap_regret_council,spot,1000.0,1328.313073804928,328.3130738049281,32.8313073804928,1,0.0,328.31307380492825,328.31307380492825,328.31307380492825,22.263558016142728,1.7947099026771933,99.99748389694042,0.9989983208344663,False,real,beta_spot_21,2023-02-07 00:00:00+00:00,2023-06-24 23:55:00+00:00,138.0,0.001,1.0,0.0,not charged,1,0.007246376811594203,0,0.0,0.7246376811594203
swap_regret_council,futures_5x,1000.0,1316.7133256892548,316.7133256892548,31.671332568925493,1,0.0,329.5888731262668,329.5888731262668,329.5888731262668,22.230149271944654,1.7450450322601254,99.99748389694042,0.48382699150561004,False,Deribit perp + Deribit 8h funding,beta_perp_21,2023-02-07 00:00:00+00:00,2023-06-24 23:55:00+00:00,138.0,0.0005,1.0,12.875547437012807,Deribit 8h aggregation,1,0.007246376811594203,0,0.0,0.7246376811594203
swap_regret_council,spot,1000.0,1206.1878024542752,206.18780245427524,20.618780245427516,1,0.0,206.18780245427536,206.18780245427536,206.18780245427536,31.54333380837779,0.8287771907825754,99.9985592438912,0.9989983208344663,False,real,beta_spot_22,2024-12-03 00:00:00+00:00,2025-07-31 23:55:00+00:00,241.0,0.001,1.0,0.0,not charged,1,0.004149377593360996,0,0.0,0.4149377593360996
swap_regret_council,futures_5x,1000.0,1156.9905460955129,156.99054609551285,15.699054609551277,1,0.0,199.7579837523687,199.7579837523687,199.7579837523687,32.14709631498011,0.6999027788798153,99.9985592438912,0.48382699150561004,False,Deribit perp + Deribit 8h funding,beta_perp_22,2024-12-03 00:00:00+00:00,2025-07-31 23:55:00+00:00,241.0,0.0005,1.0,42.767437656856856,Deribit 8h aggregation,1,0.004149377593360996,0,0.0,0.4149377593360996
swap_regret_council,spot,1000.0,910.1369687330507,-89.86303126694929,-8.986303126694928,1,0.0,-89.86303126694918,-89.86303126694918,-89.86303126694918,32.54331650036471,-0.046692056186073944,99.99823745064862,0.9989983208344664,False,real,beta_spot_23,2024-03-11 00:00:00+00:00,2024-09-23 23:55:00+00:00,197.0,0.001,1.0,0.0,not charged,1,0.005076142131979695,0,0.0,0.5076142131979695
swap_regret_council,futures_5x,1000.0,891.9979576247677,-108.00204237523235,-10.800204237523236,1,0.0,-78.95414309842741,-78.95414309842741,-78.95414309842741,34.486769461554736,-0.11619532309090268,99.99823745064862,0.4838269915056101,False,Deribit perp + Deribit 8h funding,beta_perp_23,2024-03-11 00:00:00+00:00,2024-09-23 23:55:00+00:00,197.0,0.0005,1.0,29.047899276805623,Deribit 8h aggregation,1,0.005076142131979695,0,0.0,0.5076142131979695
normalhedge_council,spot,1000.0,24843.18036515525,23843.18036515525,2384.3180365155254,1,0.0,23843.18036515525,23843.18036515525,23843.18036515525,83.84466320475408,1.3462355909600863,94.51265305346413,0.9542343479822233,False,real,inner_train,2017-01-01 00:00:00+00:00,2020-12-31 23:55:00+00:00,1461.0,0.001,1.0,0.0,not charged,1,0.0006844626967830253,0,0.0,0.06844626967830253
normalhedge_council,spot,1000.0,593.6267166878426,-406.37328331215735,-40.63732833121574,1,0.0,-406.3732833121573,-406.3732833121573,-406.3732833121573,75.83858703546424,0.06863593923888943,99.99952435312025,0.9542343479822231,False,real,inner_val,2021-01-01 00:00:00+00:00,2022-12-31 23:55:00+00:00,730.0,0.001,1.0,0.0,not charged,1,0.0013698630136986301,0,0.0,0.136986301369863
normalhedge_council,spot,1000.0,3711.3481745367535,2711.3481745367535,271.13481745367534,1,0.0,2711.3481745367535,2711.3481745367535,2711.3481745367535,53.623466694525426,1.0162869366742762,99.99973675966947,0.9542343479822232,False,real,holdout,2023-01-01 00:00:00+00:00,2026-08-12 00:40:00+00:00,1319.03125,0.001,1.0,0.0,not charged,1,0.00075813215191073,0,0.0,0.07575757575757576
normalhedge_council,spot,1000.0,3700.3510672336433,2700.3510672336433,270.0351067233643,1,0.0,2700.351067233643,2700.351067233643,2700.351067233643,53.62236877211841,1.0145320256368222,99.99973675966947,3.8054739699889724,False,real,fee_stress,2023-01-01 00:00:00+00:00,2026-08-12 00:40:00+00:00,1319.03125,0.004,1.0,0.0,not charged,1,0.00075813215191073,0,0.0,0.07575757575757576
normalhedge_council,spot,1000.0,1570.7515157979967,570.7515157979967,57.07515157979968,1,0.0,570.7515157979967,570.7515157979967,570.7515157979967,69.44183299183409,0.5120519478632916,99.99973659047986,0.99899989,False,Coinbase ETH spot,eth_holdout,2023-01-01 00:00:00+00:00,2026-08-12 00:40:00+00:00,1319.03125,0.001,1.0,0.0,not charged,1,0.00075813215191073,0,0.0,0.07575757575757576
normalhedge_council,futures_5x,1000.0,493.08289713778066,-506.91710286221934,-50.691710286221934,1,0.0,-237.27700602031277,-237.27700602031277,-237.27700602031277,77.60396113568595,0.033222835220167744,99.99952435312025,0.6192453436102652,False,Deribit perp + Deribit 8h funding,funded_val,2021-01-01 00:00:00+00:00,2022-12-31 23:55:00+00:00,730.0,0.0005,1.0,269.64009684190603,Deribit 8h aggregation,2,0.0027397260273972603,0,0.0,0.273972602739726
normalhedge_council,futures_5x,1000.0,2891.133740564892,1891.133740564892,189.1133740564892,1,0.0,2788.676367729614,2788.676367729614,2788.676367729614,57.829014051656344,0.8334137627310866,99.99973675966947,0.9057259693151204,False,Deribit perp + Deribit 8h funding,funded_holdout,2023-01-01 00:00:00+00:00,2026-08-12 00:40:00+00:00,1319.03125,0.0005,1.0,897.5426271647234,Deribit 8h aggregation,2,0.00151626430382146,0,0.0,0.15151515151515152
normalhedge_council,spot,1000.0,54631.83967797793,53631.83967797793,5363.183967797793,1,0.0,53631.83967797793,53631.83967797793,53631.83967797793,83.84468597092622,0.9313199582175968,97.71597079402387,0.9542344530530841,False,real,full_spot,2017-01-01 00:00:00+00:00,2026-08-12 00:40:00+00:00,3510.03125,0.001,0.0,0.0,not charged,1,0.00028489774841748206,0,0.0,0.028481913984619765
normalhedge_council,futures_5x,1000.0,54551.78779100745,53551.78779100745,5355.1787791007455,1,0.0,53551.78779100745,53551.78779100745,53551.78779100745,83.83486474912367,0.9311661927928755,97.71597079402387,0.4764008342945201,False,spot (perp proxy),full_proxy,2017-01-01 00:00:00+00:00,2026-08-12 00:40:00+00:00,3510.03125,0.0005,0.0,0.0,not charged,1,0.00028489774841748206,0,0.0,0.028481913984619765
normalhedge_council,spot,1000.0,1573.3662274091857,573.3662274091857,57.33662274091857,1,0.0,573.3662274091856,573.3662274091856,573.3662274091856,27.734956410259798,1.7423424715971292,99.99840723751274,0.9542343479822233,False,real,beta_spot_00,2024-06-20 00:00:00+00:00,2025-01-23 23:55:00+00:00,218.0,0.001,1.0,0.0,not charged,1,0.0045871559633027525,0,0.0,0.45871559633027525
normalhedge_council,futures_5x,1000.0,1513.02732417349,513.0273241734899,51.30273241734899,1,0.0,587.7993714267245,587.7993714267245,587.7993714267245,29.18815999849955,1.5605127246282264,99.99840723751274,0.4881846018504548,False,Deribit perp + Deribit 8h funding,beta_perp_00,2024-06-20 00:00:00+00:00,2025-01-23 23:55:00+00:00,218.0,0.0005,1.0,74.77204725323323,Deribit 8h aggregation,1,0.0045871559633027525,0,0.0,0.45871559633027525
normalhedge_council,spot,1000.0,2312.889881803566,1312.889881803566,131.2889881803566,1,0.0,1312.889881803566,1312.889881803566,1312.889881803566,20.817391304677233,2.269239789960401,99.9989666005291,0.9542343479822232,False,real,beta_spot_01,2023-05-19 00:00:00+00:00,2024-04-18 23:55:00+00:00,336.0,0.001,1.0,0.0,not charged,1,0.002976190476190476,0,0.0,0.2976190476190476
normalhedge_council,futures_5x,1000.0,2148.1037106001854,1148.1037106001854,114.81037106001853,1,0.0,1332.1632768907696,1332.1632768907696,1332.1632768907696,24.198595281143852,1.9039278851802652,99.9989666005291,0.4881846018504548,False,Deribit perp + Deribit 8h funding,beta_perp_01,2023-05-19 00:00:00+00:00,2024-04-18 23:55:00+00:00,336.0,0.0005,1.0,184.0595662905848,Deribit 8h aggregation,1,0.002976190476190476,0,0.0,0.2976190476190476
normalhedge_council,spot,1000.0,1529.2069552010976,529.2069552010976,52.92069552010976,1,0.0,529.2069552010975,529.2069552010975,529.2069552010975,29.696196099136944,1.5027537357038128,99.99864366319444,0.9542343479822232,False,real,beta_spot_02,2024-05-04 00:00:00+00:00,2025-01-14 23:55:00+00:00,256.0,0.001,1.0,0.0,not charged,1,0.00390625,0,0.0,0.390625
normalhedge_council,futures_5x,1000.0,1445.8915643977848,445.8915643977848,44.58915643977848,1,0.0,521.6617361867047,521.6617361867047,521.6617361867047,32.029730347019914,1.2934478120680937,99.99864366319444,0.4881846018504548,False,Deribit perp + Deribit 8h funding,beta_perp_02,2024-05-04 00:00:00+00:00,2025-01-14 23:55:00+00:00,256.0,0.0005,1.0,75.77017178891926,Deribit 8h aggregation,1,0.00390625,0,0.0,0.390625
normalhedge_council,spot,1000.0,681.6073550972415,-318.39264490275855,-31.839264490275852,1,0.0,-318.3926449027585,-318.3926449027585,-318.3926449027585,50.45462390371953,-1.0508567895716925,99.99875992063492,0.9542343479822234,False,real,beta_spot_03,2025-05-10 00:00:00+00:00,2026-02-13 23:55:00+00:00,280.0,0.001,1.0,0.0,not charged,1,0.0035714285714285713,0,0.0,0.35714285714285715
normalhedge_council,futures_5x,1000.0,630.0025523127831,-369.9974476872169,-36.99974476872169,1,0.0,-325.32151741028673,-325.32151741028673,-325.32151741028673,53.89286459933862,-1.136662117901269,99.99875992063492,0.4881846018504548,False,Deribit perp + Deribit 8h funding,beta_perp_03,2025-05-10 00:00:00+00:00,2026-02-13 23:55:00+00:00,280.0,0.0005,1.0,44.67593027692864,Deribit 8h aggregation,1,0.0035714285714285713,0,0.0,0.35714285714285715
normalhedge_council,spot,1000.0,1594.3403745072324,594.3403745072324,59.434037450723245,1,0.0,594.3403745072322,594.3403745072322,594.3403745072322,20.38240190646403,2.503503259125286,99.99825516471245,0.9542343479822234,False,real,beta_spot_04,2023-06-07 00:00:00+00:00,2023-12-22 23:55:00+00:00,199.0,0.001,1.0,0.0,not charged,1,0.005025125628140704,0,0.0,0.5025125628140703
normalhedge_council,futures_5x,1000.0,1539.9721741476492,539.9721741476492,53.99721741476491,1,0.0,601.8242805438271,601.8242805438271,601.8242805438271,24.136683028513833,2.0670957337814593,99.99825516471245,0.4881846018504549,False,Deribit perp + Deribit 8h funding,beta_perp_04,2023-06-07 00:00:00+00:00,2023-12-22 23:55:00+00:00,199.0,0.0005,1.0,61.85210639617796,Deribit 8h aggregation,1,0.005025125628140704,0,0.0,0.5025125628140703
normalhedge_council,spot,1000.0,1761.9797243075286,761.9797243075286,76.19797243075286,1,0.0,761.9797243075286,761.9797243075286,761.9797243075286,21.348697374446672,1.5875914812567988,99.99902738873327,0.9542343479822231,False,real,beta_spot_05,2023-01-27 00:00:00+00:00,2024-01-18 23:55:00+00:00,357.0,0.001,1.0,0.0,not charged,1,0.0028011204481792717,0,0.0,0.2801120448179272
normalhedge_council,futures_5x,1000.0,1664.9058193654917,664.9058193654917,66.49058193654918,1,0.0,772.3218250012217,772.3218250012217,772.3218250012217,24.319494901614515,1.347201706868462,99.99902738873327,0.4879048243201955,False,Deribit perp + Deribit 8h funding,beta_perp_05,2023-01-27 00:00:00+00:00,2024-01-18 23:55:00+00:00,357.0,0.0005,1.0,107.41600563572908,Deribit 8h aggregation,1,0.0028011204481792717,0,0.0,0.2801120448179272
normalhedge_council,spot,1000.0,2114.120414205422,1114.120414205422,111.41204142054222,1,0.0,1114.1204142054223,1114.1204142054223,1114.1204142054223,22.598464041140076,1.9661405217993855,99.99900509391914,0.9542343479822231,False,real,beta_spot_06,2023-07-05 00:00:00+00:00,2024-06-17 23:55:00+00:00,349.0,0.001,1.0,0.0,not charged,1,0.0028653295128939827,0,0.0,0.28653295128939826
normalhedge_council,futures_5x,1000.0,1965.8840817343203,965.8840817343203,96.58840817343201,1,0.0,1129.6913107207556,1129.6913107207556,1129.6913107207556,25.044834143584467,1.650485981577768,99.99900509391914,0.48818460185045476,False,Deribit perp + Deribit 8h funding,beta_perp_06,2023-07-05 00:00:00+00:00,2024-06-17 23:55:00+00:00,349.0,0.0005,1.0,163.80722898643583,Deribit 8h aggregation,1,0.0028653295128939827,0,0.0,0.28653295128939826
normalhedge_council,spot,1000.0,1179.0241469167943,179.02414691679428,17.902414691679436,1,0.0,179.02414691679436,179.02414691679436,179.02414691679436,20.521405186120756,0.9385103647010498,99.99828107810781,0.9542343479822232,False,real,beta_spot_07,2023-03-05 00:00:00+00:00,2023-09-22 23:55:00+00:00,202.0,0.001,1.0,0.0,not charged,1,0.0049504950495049506,0,0.0,0.49504950495049505
normalhedge_council,futures_5x,1000.0,1158.2988285037031,158.29882850370313,15.829882850370304,1,0.0,184.36625619171133,184.36625619171133,184.36625619171133,24.20578304415392,0.8148725076553659,99.99828107810781,0.4879048243201955,False,Deribit perp + Deribit 8h funding,beta_perp_07,2023-03-05 00:00:00+00:00,2023-09-22 23:55:00+00:00,202.0,0.0005,1.0,26.06742768800927,Deribit 8h aggregation,1,0.0049504950495049506,0,0.0,0.49504950495049505
normalhedge_council,spot,1000.0,2074.4394543240355,1074.4394543240355,107.44394543240357,1,0.0,1074.4394543240355,1074.4394543240355,1074.4394543240355,20.77836897873689,4.695567632394157,99.99736952861953,0.954234347982223,False,real,beta_spot_08,2023-10-20 00:00:00+00:00,2024-02-28 23:55:00+00:00,132.0,0.001,1.0,0.0,not charged,1,0.007575757575757576,0,0.0,0.7575757575757576
normalhedge_council,futures_5x,1000.0,2061.840448868417,1061.8404488684168,106.18404488684168,1,0.0,1144.9057190457568,1144.9057190457568,1144.9057190457568,21.89916673263366,4.32521736845236,99.99736952861953,0.48818460185045476,False,Deribit perp + Deribit 8h funding,beta_perp_08,2023-10-20 00:00:00+00:00,2024-02-28 23:55:00+00:00,132.0,0.0005,1.0,83.06527017733953,Deribit 8h aggregation,1,0.007575757575757576,0,0.0,0.7575757575757576
normalhedge_council,spot,1000.0,2166.957671364783,1166.957671364783,116.6957671364783,1,0.0,1166.9576713647828,1166.9576713647828,1166.9576713647828,31.683449199925345,1.7989193097627256,99.99903280718044,0.9542343479822232,False,real,beta_spot_09,2024-01-18 00:00:00+00:00,2025-01-10 23:55:00+00:00,359.0,0.001,1.0,0.0,not charged,1,0.002785515320334262,0,0.0,0.2785515320334262
normalhedge_council,futures_5x,1000.0,2020.2928487911822,1020.2928487911822,102.02928487911822,1,0.0,1187.1598722848832,1187.1598722848832,1187.1598722848832,35.85944140879312,1.5773337489656205,99.99903280718044,0.4881846018504548,False,Deribit perp + Deribit 8h funding,beta_perp_09,2024-01-18 00:00:00+00:00,2025-01-10 23:55:00+00:00,359.0,0.0005,1.0,166.86702349370162,Deribit 8h aggregation,1,0.002785515320334262,0,0.0,0.2785515320334262
normalhedge_council,spot,1000.0,690.4144542044628,-309.5855457955372,-30.95855457955372,1,0.0,-309.58554579553714,-309.58554579553714,-309.58554579553714,50.207180226493286,-0.9618894309003522,99.99869465329992,0.9542343479822231,False,real,beta_spot_10,2025-08-23 00:00:00+00:00,2026-05-15 23:55:00+00:00,266.0,0.001,1.0,0.0,not charged,1,0.0037593984962406013,0,0.0,0.37593984962406013
normalhedge_council,futures_5x,1000.0,663.0122824133996,-336.9877175866004,-33.69877175866004,1,0.0,-316.5843756691733,-316.5843756691733,-316.5843756691733,52.792433367812606,-0.9525307769495963,99.99869465329992,0.4881846018504548,False,Deribit perp + Deribit 8h funding,beta_perp_10,2025-08-23 00:00:00+00:00,2026-05-15 23:55:00+00:00,266.0,0.0005,1.0,20.403341917428016,Deribit 8h aggregation,1,0.0037593984962406013,0,0.0,0.37593984962406013
normalhedge_council,spot,1000.0,1420.0114610323087,420.0114610323087,42.001146103230866,1,0.0,420.0114610323087,420.0114610323087,420.0114610323087,27.74582875511127,1.5830075916201163,99.99818208260616,0.9542343479822232,False,real,beta_spot_11,2024-06-23 00:00:00+00:00,2024-12-30 23:55:00+00:00,191.0,0.001,1.0,0.0,not charged,1,0.005235602094240838,0,0.0,0.5235602094240838
normalhedge_council,futures_5x,1000.0,1373.6983998916344,373.6983998916344,37.36983998916343,1,0.0,431.41320218753054,431.41320218753054,431.41320218753054,29.201417187572147,1.4132666937666634,99.99818208260616,0.4881846018504548,False,Deribit perp + Deribit 8h funding,beta_perp_11,2024-06-23 00:00:00+00:00,2024-12-30 23:55:00+00:00,191.0,0.0005,1.0,57.71480229589555,Deribit 8h aggregation,1,0.005235602094240838,0,0.0,0.5235602094240838
normalhedge_council,spot,1000.0,1231.0640788458625,231.06407884586247,23.106407884586243,1,0.0,231.06407884586244,231.06407884586244,231.06407884586244,18.81733671984211,1.1980207304844266,99.9982725262576,0.9542343479822232,False,real,beta_spot_12,2025-03-06 00:00:00+00:00,2025-09-22 23:55:00+00:00,201.0,0.001,1.0,0.0,not charged,1,0.004975124378109453,0,0.0,0.4975124378109453
normalhedge_council,futures_5x,1000.0,1205.3114528774413,205.3114528774413,20.531145287744135,1,0.0,237.00988181621472,237.00988181621472,237.00988181621472,19.12426417759703,1.0760379028630929,99.9982725262576,0.4881846018504548,False,Deribit perp + Deribit 8h funding,beta_perp_12,2025-03-06 00:00:00+00:00,2025-09-22 23:55:00+00:00,201.0,0.0005,1.0,31.69842893877333,Deribit 8h aggregation,1,0.004975124378109453,0,0.0,0.4975124378109453
normalhedge_council,spot,1000.0,1349.5157339290558,349.51573392905584,34.95157339290558,1,0.0,349.5157339290559,349.5157339290559,349.5157339290559,31.665487515919654,1.2907257960226535,99.99825516471245,0.9542343479822232,False,real,beta_spot_13,2024-02-01 00:00:00+00:00,2024-08-17 23:55:00+00:00,199.0,0.001,1.0,0.0,not charged,1,0.005025125628140704,0,0.0,0.5025125628140703
normalhedge_council,futures_5x,1000.0,1308.619813093358,308.61981309335806,30.861981309335796,1,0.0,387.73528812681684,387.73528812681684,387.73528812681684,35.800062008786156,1.144116314048391,99.99825516471245,0.4881846018504547,False,Deribit perp + Deribit 8h funding,beta_perp_13,2024-02-01 00:00:00+00:00,2024-08-17 23:55:00+00:00,199.0,0.0005,1.0,79.11547503345871,Deribit 8h aggregation,1,0.005025125628140704,0,0.0,0.5025125628140703
normalhedge_council,spot,1000.0,1180.987076910905,180.987076910905,18.0987076910905,1,0.0,180.98707691090496,180.98707691090496,180.98707691090496,20.487238792235395,0.8982617822975025,99.99840723751274,0.9542343479822232,False,real,beta_spot_14,2023-03-03 00:00:00+00:00,2023-10-06 23:55:00+00:00,218.0,0.001,1.0,0.0,not charged,1,0.0045871559633027525,0,0.0,0.45871559633027525
normalhedge_council,futures_5x,1000.0,1158.856717598247,158.8567175982471,15.885671759824715,1,0.0,186.5596062707268,186.5596062707268,186.5596062707268,24.18495371666159,0.7789232606074459,99.99840723751274,0.48790482432019555,False,Deribit perp + Deribit 8h funding,beta_perp_14,2023-03-03 00:00:00+00:00,2023-10-06 23:55:00+00:00,218.0,0.0005,1.0,27.70288867248025,Deribit 8h aggregation,1,0.0045871559633027525,0,0.0,0.45871559633027525
normalhedge_council,spot,1000.0,1203.777213668423,203.77721366842297,20.377721366842305,1,0.0,203.77721366842295,203.77721366842295,203.77721366842295,20.487238792235395,0.9403042655652953,99.99848374575448,0.9542343479822232,False,real,beta_spot_15,2023-03-03 00:00:00+00:00,2023-10-17 23:55:00+00:00,229.0,0.001,1.0,0.0,not charged,1,0.004366812227074236,0,0.0,0.4366812227074236
normalhedge_council,futures_5x,1000.0,1175.0288603393733,175.0288603393733,17.502886033937326,1,0.0,205.46125958330862,205.46125958330862,205.46125958330862,24.18495371666159,0.8007087272442148,99.99848374575448,0.48790482432019555,False,Deribit perp + Deribit 8h funding,beta_perp_15,2023-03-03 00:00:00+00:00,2023-10-17 23:55:00+00:00,229.0,0.0005,1.0,30.43239924393565,Deribit 8h aggregation,1,0.004366812227074236,0,0.0,0.4366812227074236
normalhedge_council,spot,1000.0,1969.611102644687,969.611102644687,96.9611102644687,1,0.0,969.6111026446869,969.6111026446869,969.6111026446869,30.754854256505894,1.787882007906192,99.99896966699637,0.9542343479822231,False,real,beta_spot_16,2024-08-12 00:00:00+00:00,2025-07-14 23:55:00+00:00,337.0,0.001,1.0,0.0,not charged,1,0.002967359050445104,0,0.0,0.29673590504451036
normalhedge_council,futures_5x,1000.0,1914.998063371887,914.9980633718869,91.49980633718869,1,0.0,1014.8186807337628,1014.8186807337628,1014.8186807337628,33.406034030029396,1.6549603343877317,99.99896966699637,0.4881846018504548,False,Deribit perp + Deribit 8h funding,beta_perp_16,2024-08-12 00:00:00+00:00,2025-07-14 23:55:00+00:00,337.0,0.0005,1.0,99.82061736187676,Deribit 8h aggregation,1,0.002967359050445104,0,0.0,0.29673590504451036
normalhedge_council,spot,1000.0,561.0610529532116,-438.93894704678837,-43.893894704678836,1,0.0,-438.93894704678826,-438.93894704678826,-438.93894704678826,51.68530629621816,-1.2063496690176518,99.99902738873327,0.9542343479822232,False,real,beta_spot_17,2025-07-20 00:00:00+00:00,2026-07-11 23:55:00+00:00,357.0,0.001,1.0,0.0,not charged,1,0.0028011204481792717,0,0.0,0.2801120448179272
normalhedge_council,futures_5x,1000.0,521.6597988287424,-478.3402011712576,-47.83402011712576,1,0.0,-448.57093539522305,-448.57093539522305,-448.57093539522305,54.72484279094836,-1.2086439447271253,99.99902738873327,0.4881846018504547,False,Deribit perp + Deribit 8h funding,beta_perp_17,2025-07-20 00:00:00+00:00,2026-07-11 23:55:00+00:00,357.0,0.0005,1.0,29.7692657760343,Deribit 8h aggregation,1,0.0028011204481792717,0,0.0,0.2801120448179272
normalhedge_council,spot,1000.0,686.6821080001002,-313.31789199989976,-31.331789199989977,1,0.0,-313.31789199989964,-313.31789199989964,-313.31789199989964,37.83196050369989,-1.3176864823232133,99.99824635241302,0.9542343479822231,False,real,beta_spot_18,2025-12-09 00:00:00+00:00,2026-06-24 23:55:00+00:00,198.0,0.001,1.0,0.0,not charged,1,0.005050505050505051,0,0.0,0.5050505050505051
normalhedge_council,futures_5x,1000.0,672.7626729111525,-327.23732708884745,-32.72373270888475,1,0.0,-320.20711961531543,-320.20711961531543,-320.20711961531543,39.02938938347055,-1.322191400285316,99.99824635241302,0.48818460185045476,False,Deribit perp + Deribit 8h funding,beta_perp_18,2025-12-09 00:00:00+00:00,2026-06-24 23:55:00+00:00,198.0,0.0005,1.0,7.030207473534042,Deribit 8h aggregation,1,0.005050505050505051,0,0.0,0.5050505050505051
normalhedge_council,spot,1000.0,1838.5635936718704,838.5635936718704,83.85635936718705,1,0.0,838.5635936718703,838.5635936718703,838.5635936718703,22.51266302117555,2.4242809327675254,99.9982725262576,0.9542343479822231,False,real,beta_spot_19,2023-11-20 00:00:00+00:00,2024-06-07 23:55:00+00:00,201.0,0.001,1.0,0.0,not charged,1,0.004975124378109453,0,0.0,0.4975124378109453
normalhedge_council,futures_5x,1000.0,1726.8279657074786,726.8279657074786,72.68279657074785,1,0.0,836.6332167829552,836.6332167829552,836.6332167829552,24.657864859152728,2.075695578591521,99.9982725262576,0.4881846018504547,False,Deribit perp + Deribit 8h funding,beta_perp_19,2023-11-20 00:00:00+00:00,2024-06-07 23:55:00+00:00,201.0,0.0005,1.0,109.80525107547638,Deribit 8h aggregation,1,0.004975124378109453,0,0.0,0.4975124378109453
normalhedge_council,spot,1000.0,749.6428795503401,-250.35712044965987,-25.035712044965987,1,0.0,-250.35712044965987,-250.35712044965987,-250.35712044965987,42.088343434218025,-1.0316692727042622,99.99800446998722,0.9542343479822233,False,real,beta_spot_20,2025-11-04 00:00:00+00:00,2026-04-26 23:55:00+00:00,174.0,0.001,1.0,0.0,not charged,1,0.005747126436781609,0,0.0,0.5747126436781609
normalhedge_council,futures_5x,1000.0,738.97417552595,-261.02582447404995,-26.102582447405,1,0.0,-255.4680590558442,-255.4680590558442,-255.4680590558442,43.72939126363038,-1.0236537929146712,99.99800446998722,0.48818460185045476,False,Deribit perp + Deribit 8h funding,beta_perp_20,2025-11-04 00:00:00+00:00,2026-04-26 23:55:00+00:00,174.0,0.0005,1.0,5.557765418206996,Deribit 8h aggregation,1,0.005747126436781609,0,0.0,0.5747126436781609
normalhedge_council,spot,1000.0,1313.6017402457644,313.6017402457644,31.360174024576448,1,0.0,313.6017402457645,313.6017402457645,313.6017402457645,21.347935378629966,1.786197078148635,99.99748389694042,0.9542343479822231,False,real,beta_spot_21,2023-02-07 00:00:00+00:00,2023-06-24 23:55:00+00:00,138.0,0.001,1.0,0.0,not charged,1,0.007246376811594203,0,0.0,0.7246376811594203
normalhedge_council,futures_5x,1000.0,1319.3826765419067,319.3826765419067,31.93826765419068,1,0.0,332.3667427899128,332.3667427899128,332.3667427899128,22.399658993140225,1.746744098007138,99.99748389694042,0.4879048243201955,False,Deribit perp + Deribit 8h funding,beta_perp_21,2023-02-07 00:00:00+00:00,2023-06-24 23:55:00+00:00,138.0,0.0005,1.0,12.98406624800559,Deribit 8h aggregation,1,0.007246376811594203,0,0.0,0.7246376811594203
normalhedge_council,spot,1000.0,1196.9487627091262,196.94876270912619,19.69487627091262,1,0.0,196.94876270912627,196.94876270912627,196.94876270912627,30.290599365226743,0.8205795296506898,99.9985592438912,0.9542343479822234,False,real,beta_spot_22,2024-12-03 00:00:00+00:00,2025-07-31 23:55:00+00:00,241.0,0.001,1.0,0.0,not charged,1,0.004149377593360996,0,0.0,0.4149377593360996
normalhedge_council,futures_5x,1000.0,1158.404488764522,158.40448876452206,15.840448876452196,1,0.0,201.55711334155484,201.55711334155484,201.55711334155484,32.4056604200696,0.7017012146976526,99.9985592438912,0.4881846018504548,False,Deribit perp + Deribit 8h funding,beta_perp_22,2024-12-03 00:00:00+00:00,2025-07-31 23:55:00+00:00,241.0,0.0005,1.0,43.152624577032704,Deribit 8h aggregation,1,0.004149377593360996,0,0.0,0.4149377593360996
normalhedge_council,spot,1000.0,914.1636284462462,-85.83637155375379,-8.583637155375378,1,0.0,-85.83637155375379,-85.83637155375379,-85.83637155375379,31.162784359393527,-0.06139584335650023,99.99823745064862,0.9542343479822233,False,real,beta_spot_23,2024-03-11 00:00:00+00:00,2024-09-23 23:55:00+00:00,197.0,0.001,1.0,0.0,not charged,1,0.005076142131979695,0,0.0,0.5076142131979695
normalhedge_council,futures_5x,1000.0,891.0252321973278,-108.9747678026722,-10.897476780267223,1,0.0,-79.66524726742678,-79.66524726742678,-79.66524726742678,34.77869649998711,-0.11313709901919143,99.99823745064862,0.4881846018504548,False,Deribit perp + Deribit 8h funding,beta_perp_23,2024-03-11 00:00:00+00:00,2024-09-23 23:55:00+00:00,197.0,0.0005,1.0,29.30952053524495,Deribit 8h aggregation,1,0.005076142131979695,0,0.0,0.5076142131979695
squint_council,spot,1000.0,22568.685703291936,21568.685703291936,2156.8685703291935,1,0.0,21568.685703291936,21568.685703291936,21568.685703291936,83.33728228650857,1.328759816756966,94.51265305346413,1.292034649748385,False,real,inner_train,2017-01-01 00:00:00+00:00,2020-12-31 23:55:00+00:00,1461.0,0.001,1.0,0.0,not charged,9,0.006160164271047228,0,0.0,0.4106776180698152
squint_council,spot,1000.0,591.6288610038602,-408.37113899613985,-40.83711389961399,1,0.0,-408.3711389961399,-408.3711389961399,-408.3711389961399,75.99875669349753,0.06948190791342687,99.99952435312025,0.958925656673654,False,real,inner_val,2021-01-01 00:00:00+00:00,2022-12-31 23:55:00+00:00,730.0,0.001,1.0,0.0,not charged,1,0.0013698630136986301,0,0.0,0.136986301369863
squint_council,spot,1000.0,3724.677993656759,2724.677993656759,272.4677993656759,1,0.0,2724.677993656759,2724.677993656759,2724.677993656759,53.65938457287422,1.0175613678954059,99.99973675966947,0.9589256566736541,False,real,holdout,2023-01-01 00:00:00+00:00,2026-08-12 00:40:00+00:00,1319.03125,0.001,1.0,0.0,not charged,1,0.00075813215191073,0,0.0,0.07575757575757576
squint_council,spot,1000.0,3713.6268212016444,2713.6268212016444,271.36268212016444,1,0.0,2713.6268212016444,2713.6268212016444,2713.6268212016444,53.65839344467476,1.0158043479821344,99.99973675966947,3.8241828470569312,False,real,fee_stress,2023-01-01 00:00:00+00:00,2026-08-12 00:40:00+00:00,1319.03125,0.004,1.0,0.0,not charged,1,0.00075813215191073,0,0.0,0.07575757575757576
squint_council,spot,1000.0,1553.241484138423,553.241484138423,55.3241484138423,1,0.0,553.2414841384228,553.2414841384228,553.2414841384228,68.91443135519457,0.505345099595615,99.99973659047986,0.9683516670559861,False,Coinbase ETH spot,eth_holdout,2023-01-01 00:00:00+00:00,2026-08-12 00:40:00+00:00,1319.03125,0.001,1.0,0.0,not charged,1,0.00075813215191073,0,0.0,0.07575757575757576
squint_council,futures_5x,1000.0,489.73938645660377,-510.26061354339623,-51.026061354339625,1,0.0,-251.85696854433286,-251.85696854433286,-251.85696854433286,76.17859722275189,-0.05718497723045104,99.99952435312025,1.0188438092339474,False,Deribit perp + Deribit 8h funding,funded_val,2021-01-01 00:00:00+00:00,2022-12-31 23:55:00+00:00,730.0,0.0005,1.0,258.4036449990632,Deribit 8h aggregation,7,0.009589041095890411,0,0.0,0.958904109589041
squint_council,futures_5x,1000.0,2212.180178760033,1212.180178760033,121.2180178760033,1,0.0,1828.7776300288197,1828.7776300288197,1828.7776300288197,55.76354183922527,0.71632750110414,99.99973675966947,1.7635806785289734,False,Deribit perp + Deribit 8h funding,funded_holdout,2023-01-01 00:00:00+00:00,2026-08-12 00:40:00+00:00,1319.03125,0.0005,1.0,616.5974512687897,Deribit 8h aggregation,8,0.00606505721528584,0,0.0,0.6060606060606061
squint_council,spot,1000.0,49524.74903039848,48524.74903039848,4852.474903039848,1,0.0,48524.74903039848,48524.74903039848,48524.74903039848,83.33777045571065,0.9200972426050337,97.71597079402387,1.2920628394295517,False,real,full_spot,2017-01-01 00:00:00+00:00,2026-08-12 00:40:00+00:00,3510.03125,0.001,0.0,0.0,not charged,9,0.0025640797357573382,0,0.0,0.1708914839077186
squint_council,futures_5x,1000.0,49398.74871874009,48398.74871874009,4839.87487187401,1,0.0,48398.74871874009,48398.74871874009,48398.74871874009,83.3095624655149,0.9198531145227473,97.71597079402387,0.43055900128679625,False,spot (perp proxy),full_proxy,2017-01-01 00:00:00+00:00,2026-08-12 00:40:00+00:00,3510.03125,0.0005,0.0,0.0,not charged,1,0.00028489774841748206,0,0.0,0.028481913984619765
squint_council,spot,1000.0,1576.1850716183735,576.1850716183735,57.618507161837364,1,0.0,576.1850716183734,576.1850716183734,576.1850716183734,27.861933077294964,1.7426850773178775,99.99840723751274,0.958925656673654,False,real,beta_spot_00,2024-06-20 00:00:00+00:00,2025-01-23 23:55:00+00:00,218.0,0.001,1.0,0.0,not charged,1,0.0045871559633027525,0,0.0,0.45871559633027525
squint_council,futures_5x,1000.0,1441.1703131452264,441.1703131452264,44.11703131452265,1,0.0,505.46943708440784,505.46943708440784,505.46943708440784,25.332405434456795,1.5439264832514712,99.99840723751274,0.41980717892173985,False,Deribit perp + Deribit 8h funding,beta_perp_00,2024-06-20 00:00:00+00:00,2025-01-23 23:55:00+00:00,218.0,0.0005,1.0,64.29912393918254,Deribit 8h aggregation,1,0.0045871559633027525,0,0.0,0.45871559633027525
squint_council,spot,1000.0,2319.3444510887953,1319.3444510887953,131.93444510887952,1,0.0,1319.344451088795,1319.344451088795,1319.344451088795,20.874320468936055,2.270198138302302,99.9989666005291,0.9589256566736541,False,real,beta_spot_01,2023-05-19 00:00:00+00:00,2024-04-18 23:55:00+00:00,336.0,0.001,1.0,0.0,not charged,1,0.002976190476190476,0,0.0,0.2976190476190476
squint_council,futures_5x,1000.0,1809.2014650011479,809.2014650011479,80.92014650011478,1,0.0,941.5096640911675,941.5096640911675,941.5096640911675,18.29949056025888,1.801114770152066,99.9989666005291,0.6035676798497422,False,Deribit perp + Deribit 8h funding,beta_perp_01,2023-05-19 00:00:00+00:00,2024-04-18 23:55:00+00:00,336.0,0.0005,1.0,132.30819909001826,Deribit 8h aggregation,3,0.008928571428571428,0,0.0,0.8928571428571429
squint_council,spot,1000.0,1531.8086988857076,531.8086988857076,53.18086988857076,1,0.0,531.8086988857075,531.8086988857075,531.8086988857075,29.822967031993297,1.5032548317598324,99.99864366319444,0.958925656673654,False,real,beta_spot_02,2024-05-04 00:00:00+00:00,2025-01-14 23:55:00+00:00,256.0,0.001,1.0,0.0,not charged,1,0.00390625,0,0.0,0.390625
squint_council,futures_5x,1000.0,1368.7512078266782,368.7512078266782,36.875120782667814,1,0.0,431.4129502665354,431.4129502665354,431.4129502665354,27.046631028445926,1.2692691230974849,99.99864366319444,0.40372744395349097,False,Deribit perp + Deribit 8h funding,beta_perp_02,2024-05-04 00:00:00+00:00,2025-01-14 23:55:00+00:00,256.0,0.0005,1.0,62.66174243985683,Deribit 8h aggregation,1,0.00390625,0,0.0,0.390625
squint_council,spot,1000.0,680.042039212859,-319.957960787141,-31.9957960787141,1,0.0,-319.957960787141,-319.957960787141,-319.957960787141,50.65913376222926,-1.0504922576929467,99.99875992063492,0.958925656673654,False,real,beta_spot_03,2025-05-10 00:00:00+00:00,2026-02-13 23:55:00+00:00,280.0,0.001,1.0,0.0,not charged,1,0.0035714285714285713,0,0.0,0.35714285714285715
squint_council,futures_5x,1000.0,642.0827465826912,-357.91725341730876,-35.791725341730874,1,0.0,-314.69996541023283,-314.69996541023283,-314.69996541023283,52.39977003499487,-1.139613810646206,99.99875992063492,0.4722456680367388,False,Deribit perp + Deribit 8h funding,beta_perp_03,2025-05-10 00:00:00+00:00,2026-02-13 23:55:00+00:00,280.0,0.0005,1.0,43.21728800707624,Deribit 8h aggregation,1,0.0035714285714285713,0,0.0,0.35714285714285715
squint_council,spot,1000.0,1597.262334055733,597.2623340557329,59.7262334055733,1,0.0,597.262334055733,597.262334055733,597.262334055733,20.46852402096777,2.503517605729791,99.99825516471245,0.958925656673654,False,real,beta_spot_04,2023-06-07 00:00:00+00:00,2023-12-22 23:55:00+00:00,199.0,0.001,1.0,0.0,not charged,1,0.005025125628140704,0,0.0,0.5025125628140703
squint_council,futures_5x,1000.0,1460.53620875052,460.53620875052,46.053620875052005,1,0.0,513.2891763046227,513.2891763046227,513.2891763046227,20.9890004713276,2.063603721450795,99.99825516471245,0.416367169403648,False,Deribit perp + Deribit 8h funding,beta_perp_04,2023-06-07 00:00:00+00:00,2023-12-22 23:55:00+00:00,199.0,0.0005,1.0,52.752967554103314,Deribit 8h aggregation,1,0.005025125628140704,0,0.0,0.5025125628140703
squint_council,spot,1000.0,1765.7258503099065,765.7258503099065,76.57258503099065,1,0.0,765.7258503099064,765.7258503099064,765.7258503099064,21.444909502061293,1.5882494019905848,99.99902738873327,0.958925656673654,False,real,beta_spot_05,2023-01-27 00:00:00+00:00,2024-01-18 23:55:00+00:00,357.0,0.001,1.0,0.0,not charged,1,0.0028011204481792717,0,0.0,0.2801120448179272
squint_council,futures_5x,1000.0,1405.065095636233,405.0650956362331,40.50650956362332,1,0.0,480.4191006592499,480.4191006592499,480.4191006592499,22.137448172461742,1.087792525427707,99.99902738873327,1.2206746918696973,False,Deribit perp + Deribit 8h funding,beta_perp_05,2023-01-27 00:00:00+00:00,2024-01-18 23:55:00+00:00,357.0,0.0005,1.0,75.35400502301886,Deribit 8h aggregation,6,0.01680672268907563,0,0.0,1.680672268907563
squint_council,spot,1000.0,2119.597771830952,1119.5977718309518,111.95977718309518,1,0.0,1119.5977718309516,1119.5977718309516,1119.5977718309516,22.645961028038005,1.9671618888465312,99.99900509391914,0.958925656673654,False,real,beta_spot_06,2023-07-05 00:00:00+00:00,2024-06-17 23:55:00+00:00,349.0,0.001,1.0,0.0,not charged,1,0.0028653295128939827,0,0.0,0.28653295128939826
squint_council,futures_5x,1000.0,1666.126063479273,666.126063479273,66.6126063479273,1,0.0,787.3996164711067,787.3996164711067,787.3996164711067,23.516155870944985,1.4648070071201278,99.99900509391914,0.5917760270589072,False,Deribit perp + Deribit 8h funding,beta_perp_06,2023-07-05 00:00:00+00:00,2024-06-17 23:55:00+00:00,349.0,0.0005,1.0,121.27355299183442,Deribit 8h aggregation,2,0.0057306590257879654,0,0.0,0.5730659025787965
squint_council,spot,1000.0,1179.904284524692,179.904284524692,17.99042845246921,1,0.0,179.90428452469197,179.90428452469197,179.90428452469197,20.593310643329808,0.9396563303512743,99.99828107810781,0.958925656673654,False,real,beta_spot_07,2023-03-05 00:00:00+00:00,2023-09-22 23:55:00+00:00,202.0,0.001,1.0,0.0,not charged,1,0.0049504950495049506,0,0.0,0.49504950495049505
squint_council,futures_5x,1000.0,1122.369768403515,122.36976840351508,12.236976840351499,1,0.0,142.52067614685566,142.52067614685566,142.52067614685566,20.000204985241357,0.7563930259335226,99.99828107810781,0.3771651434149657,False,Deribit perp + Deribit 8h funding,beta_perp_07,2023-03-05 00:00:00+00:00,2023-09-22 23:55:00+00:00,202.0,0.0005,1.0,20.150907743341037,Deribit 8h aggregation,1,0.0049504950495049506,0,0.0,0.49504950495049505
squint_council,spot,1000.0,2079.7217281817575,1079.7217281817575,107.97217281817578,1,0.0,1079.7217281817573,1079.7217281817573,1079.7217281817573,20.839360995876806,4.696432570827779,99.99736952861953,0.958925656673654,False,real,beta_spot_08,2023-10-20 00:00:00+00:00,2024-02-28 23:55:00+00:00,132.0,0.001,1.0,0.0,not charged,1,0.007575757575757576,0,0.0,0.7575757575757576
squint_council,futures_5x,1000.0,1847.5656264397853,847.5656264397853,84.75656264397853,1,0.0,922.3778098209035,922.3778098209035,922.3778098209035,20.97634474334821,3.909395517330303,99.99736952861953,0.663636882687308,False,Deribit perp + Deribit 8h funding,beta_perp_08,2023-10-20 00:00:00+00:00,2024-02-28 23:55:00+00:00,132.0,0.0005,1.0,74.81218338111783,Deribit 8h aggregation,2,0.015151515151515152,0,0.0,1.5151515151515151
squint_council,spot,1000.0,2172.694793150203,1172.6947931502032,117.26947931502032,1,0.0,1172.6947931502032,1172.6947931502032,1172.6947931502032,31.775117184744467,1.8000110228220088,99.99903280718044,0.958925656673654,False,real,beta_spot_09,2024-01-18 00:00:00+00:00,2025-01-10 23:55:00+00:00,359.0,0.001,1.0,0.0,not charged,1,0.002785515320334262,0,0.0,0.2785515320334262
squint_council,futures_5x,1000.0,1834.1463637443758,834.1463637443758,83.41463637443758,1,0.0,970.5694711306827,970.5694711306827,970.5694711306827,31.619419592080817,1.5335342890536727,99.99903280718044,0.3991181658795462,False,Deribit perp + Deribit 8h funding,beta_perp_09,2024-01-18 00:00:00+00:00,2025-01-10 23:55:00+00:00,359.0,0.0005,1.0,136.42310738630536,Deribit 8h aggregation,1,0.002785515320334262,0,0.0,0.2785515320334262
squint_council,spot,1000.0,688.8924367201803,-311.1075632798197,-31.11075632798197,1,0.0,-311.10756327981983,-311.10756327981983,-311.10756327981983,50.43679889645464,-0.9592954552778022,99.99869465329992,0.958925656673654,False,real,beta_spot_10,2025-08-23 00:00:00+00:00,2026-05-15 23:55:00+00:00,266.0,0.001,1.0,0.0,not charged,1,0.0037593984962406013,0,0.0,0.37593984962406013
squint_council,futures_5x,1000.0,674.0147288369207,-325.98527116307935,-32.59852711630793,1,0.0,-306.24808609526883,-306.24808609526883,-306.24808609526883,51.17241829380188,-0.9712856310642886,99.99869465329992,0.4722456680367388,False,Deribit perp + Deribit 8h funding,beta_perp_10,2025-08-23 00:00:00+00:00,2026-05-15 23:55:00+00:00,266.0,0.0005,1.0,19.737185067810493,Deribit 8h aggregation,1,0.0037593984962406013,0,0.0,0.37593984962406013
squint_council,spot,1000.0,1422.0763661804078,422.07636618040783,42.20763661804079,1,0.0,422.0763661804078,422.0763661804078,422.0763661804078,27.87170692533251,1.5834993277991558,99.99818208260616,0.958925656673654,False,real,beta_spot_11,2024-06-23 00:00:00+00:00,2024-12-30 23:55:00+00:00,191.0,0.001,1.0,0.0,not charged,1,0.005235602094240838,0,0.0,0.5235602094240838
squint_council,futures_5x,1000.0,1321.3564508823495,321.35645088234946,32.135645088234945,1,0.0,370.9874475217896,370.9874475217896,370.9874475217896,25.373877809222666,1.3932953520465143,99.99818208260616,0.4198071789217399,False,Deribit perp + Deribit 8h funding,beta_perp_11,2024-06-23 00:00:00+00:00,2024-12-30 23:55:00+00:00,191.0,0.0005,1.0,49.63099663943917,Deribit 8h aggregation,1,0.005235602094240838,0,0.0,0.5235602094240838
squint_council,spot,1000.0,1232.2000607183022,232.2000607183022,23.220006071830213,1,0.0,232.20006071830213,232.20006071830213,232.20006071830213,18.90793899743062,1.1986330948469024,99.9982725262576,0.9589256566736541,False,real,beta_spot_12,2025-03-06 00:00:00+00:00,2025-09-22 23:55:00+00:00,201.0,0.001,1.0,0.0,not charged,1,0.004975124378109453,0,0.0,0.4975124378109453
squint_council,futures_5x,1000.0,1182.8921653809111,182.89216538091114,18.289216538091125,1,0.0,211.12923752927216,211.12923752927216,211.12923752927216,17.07536578382607,1.0600861927745289,99.9982725262576,0.43487656283522286,False,Deribit perp + Deribit 8h funding,beta_perp_12,2025-03-06 00:00:00+00:00,2025-09-22 23:55:00+00:00,201.0,0.0005,1.0,28.237072148361243,Deribit 8h aggregation,1,0.004975124378109453,0,0.0,0.4975124378109453
squint_council,spot,1000.0,1351.234060463665,351.23406046366495,35.1234060463665,1,0.0,351.23406046366495,351.23406046366495,351.23406046366495,31.75902276028479,1.2924156881478661,99.99825516471245,0.9589256566736541,False,real,beta_spot_13,2024-02-01 00:00:00+00:00,2024-08-17 23:55:00+00:00,199.0,0.001,1.0,0.0,not charged,1,0.005025125628140704,0,0.0,0.5025125628140703
squint_council,futures_5x,1000.0,1293.605382856272,293.60538285627194,29.360538285627193,1,0.0,368.8718704619391,368.8718704619391,368.8718704619391,34.738325504913306,1.127434592989888,99.99825516471245,0.46443430022906806,False,Deribit perp + Deribit 8h funding,beta_perp_13,2024-02-01 00:00:00+00:00,2024-08-17 23:55:00+00:00,199.0,0.0005,1.0,75.26648760566704,Deribit 8h aggregation,1,0.005025125628140704,0,0.0,0.5025125628140703
squint_council,spot,1000.0,1181.876864884629,181.87686488462896,18.187686488462894,1,0.0,181.87686488462884,181.87686488462884,181.87686488462884,20.562655261854257,0.8992726438376343,99.99840723751274,0.9589256566736539,False,real,beta_spot_14,2023-03-03 00:00:00+00:00,2023-10-06 23:55:00+00:00,218.0,0.001,1.0,0.0,not charged,1,0.0045871559633027525,0,0.0,0.45871559633027525
squint_council,futures_5x,1000.0,1063.3235414071455,63.32354140714551,6.332354140714558,1,0.0,83.59122896257784,83.59122896257784,83.59122896257784,22.13744813242709,0.46232013877460115,99.99840723751274,1.230780420376918,False,Deribit perp + Deribit 8h funding,beta_perp_14,2023-03-03 00:00:00+00:00,2023-10-06 23:55:00+00:00,218.0,0.0005,1.0,20.2676875554324,Deribit 8h aggregation,6,0.027522935779816515,0,0.0,2.7522935779816513
squint_council,spot,1000.0,1204.7790449435388,204.7790449435388,20.477904494353872,1,0.0,204.77904494353868,204.77904494353868,204.77904494353868,20.562655261854257,0.9412976930053285,99.99848374575448,0.9589256566736539,False,real,beta_spot_15,2023-03-03 00:00:00+00:00,2023-10-17 23:55:00+00:00,229.0,0.001,1.0,0.0,not charged,1,0.004366812227074236,0,0.0,0.4366812227074236
squint_council,futures_5x,1000.0,1074.1560340023661,74.15603400236614,7.4156034002366145,1,0.0,96.25201379632053,96.25201379632053,96.25201379632053,22.13744813242709,0.49243610929074033,99.99848374575448,1.230780420376918,False,Deribit perp + Deribit 8h funding,beta_perp_15,2023-03-03 00:00:00+00:00,2023-10-17 23:55:00+00:00,229.0,0.0005,1.0,22.09597979395418,Deribit 8h aggregation,6,0.026200873362445413,0,0.0,2.6200873362445414
squint_council,spot,1000.0,1974.3780081776554,974.3780081776554,97.43780081776553,1,0.0,974.3780081776553,974.3780081776553,974.3780081776553,30.839021646129204,1.788770875240021,99.99896966699637,0.9589256566736541,False,real,beta_spot_16,2024-08-12 00:00:00+00:00,2025-07-14 23:55:00+00:00,337.0,0.001,1.0,0.0,not charged,1,0.002967359050445104,0,0.0,0.29673590504451036
squint_council,futures_5x,1000.0,1769.920150636663,769.920150636663,76.99201506366632,1,0.0,853.9136669427896,853.9136669427896,853.9136669427896,30.195329921850885,1.6228047206201959,99.99896966699637,0.41078028166540287,False,Deribit perp + Deribit 8h funding,beta_perp_16,2024-08-12 00:00:00+00:00,2025-07-14 23:55:00+00:00,337.0,0.0005,1.0,83.99351630612655,Deribit 8h aggregation,1,0.002967359050445104,0,0.0,0.29673590504451036
squint_council,spot,1000.0,558.9030944793396,-441.09690552066036,-44.10969055206604,1,0.0,-441.09690552066047,-441.09690552066047,-441.09690552066047,51.923696166683555,-1.204192487821976,99.99902738873327,0.9589256566736539,False,real,beta_spot_17,2025-07-20 00:00:00+00:00,2026-07-11 23:55:00+00:00,357.0,0.001,1.0,0.0,not charged,1,0.0028011204481792717,0,0.0,0.2801120448179272
squint_council,futures_5x,1000.0,537.2773188775298,-462.72268112247025,-46.272268112247026,1,0.0,-433.9253639803932,-433.9253639803932,-433.9253639803932,53.01856544987943,-1.2249808544716942,99.99902738873327,0.47224566803673873,False,Deribit perp + Deribit 8h funding,beta_perp_17,2025-07-20 00:00:00+00:00,2026-07-11 23:55:00+00:00,357.0,0.0005,1.0,28.797317142077876,Deribit 8h aggregation,1,0.0028011204481792717,0,0.0,0.2801120448179272
squint_council,spot,1000.0,685.1417411572718,-314.8582588427282,-31.48582588427282,1,0.0,-314.8582588427283,-314.8582588427283,-314.8582588427283,38.00511905447407,-1.3160790372937983,99.99824635241302,0.958925656673654,False,real,beta_spot_18,2025-12-09 00:00:00+00:00,2026-06-24 23:55:00+00:00,198.0,0.001,1.0,0.0,not charged,1,0.005050505050505051,0,0.0,0.5050505050505051
squint_council,futures_5x,1000.0,690.9520898882504,-309.0479101117496,-30.904791011174957,1,0.0,-302.40847522002707,-302.40847522002707,-302.40847522002707,36.99523005315666,-1.3413657714522027,99.99824635241302,0.46104896496008724,False,Deribit perp + Deribit 8h funding,beta_perp_18,2025-12-09 00:00:00+00:00,2026-06-24 23:55:00+00:00,198.0,0.0005,1.0,6.6394348917224475,Deribit 8h aggregation,1,0.005050505050505051,0,0.0,0.5050505050505051
squint_council,spot,1000.0,1842.686229462155,842.6862294621551,84.26862294621552,1,0.0,842.686229462155,842.686229462155,842.686229462155,22.569174359441117,2.425922135675924,99.9982725262576,0.9589256566736539,False,real,beta_spot_19,2023-11-20 00:00:00+00:00,2024-06-07 23:55:00+00:00,201.0,0.001,1.0,0.0,not charged,1,0.004975124378109453,0,0.0,0.4975124378109453
squint_council,futures_5x,1000.0,1541.5719013770781,541.5719013770781,54.157190137707815,1,0.0,629.7425937077338,629.7425937077338,629.7425937077338,20.68210652760066,1.8969601115652817,99.9982725262576,0.6153086666467538,False,Deribit perp + Deribit 8h funding,beta_perp_19,2023-11-20 00:00:00+00:00,2024-06-07 23:55:00+00:00,201.0,0.0005,1.0,88.17069233065412,Deribit 8h aggregation,2,0.009950248756218905,0,0.0,0.9950248756218906
squint_council,spot,1000.0,748.4120471687447,-251.58795283125528,-25.158795283125524,1,0.0,-251.58795283125525,-251.58795283125525,-251.58795283125525,42.293952102229014,-1.0288295047297085,99.99800446998722,0.9589256566736541,False,real,beta_spot_20,2025-11-04 00:00:00+00:00,2026-04-26 23:55:00+00:00,174.0,0.001,1.0,0.0,not charged,1,0.005747126436781609,0,0.0,0.5747126436781609
squint_council,futures_5x,1000.0,758.8538170336699,-241.14618296633012,-24.11461829663302,1,0.0,-236.01169514650124,-236.01169514650124,-236.01169514650124,40.42216883506492,-1.0691200281879945,99.99800446998722,0.4510046220766864,False,Deribit perp + Deribit 8h funding,beta_perp_20,2025-11-04 00:00:00+00:00,2026-04-26 23:55:00+00:00,174.0,0.0005,1.0,5.1344878198291815,Deribit 8h aggregation,1,0.005747126436781609,0,0.0,0.5747126436781609
squint_council,spot,1000.0,1315.143502573618,315.143502573618,31.5143502573618,1,0.0,315.143502573618,315.143502573618,315.143502573618,21.444224561899393,1.7870949924013395,99.99748389694042,0.958925656673654,False,real,beta_spot_21,2023-02-07 00:00:00+00:00,2023-06-24 23:55:00+00:00,138.0,0.001,1.0,0.0,not charged,1,0.007246376811594203,0,0.0,0.7246376811594203
squint_council,futures_5x,1000.0,1178.0945273075063,178.09452730750627,17.80945273075063,1,0.0,190.20571664509814,190.20571664509814,190.20571664509814,20.592131357427025,1.1980097192590908,99.99748389694042,1.2291253706410072,False,Deribit perp + Deribit 8h funding,beta_perp_21,2023-02-07 00:00:00+00:00,2023-06-24 23:55:00+00:00,138.0,0.0005,1.0,12.111189337592862,Deribit 8h aggregation,6,0.043478260869565216,0,0.0,4.3478260869565215
squint_council,spot,1000.0,1197.917023225233,197.91702322523292,19.791702322523296,1,0.0,197.91702322523284,197.91702322523284,197.91702322523284,30.422513619671122,0.8214375633377828,99.9985592438912,0.958925656673654,False,real,beta_spot_22,2024-12-03 00:00:00+00:00,2025-07-31 23:55:00+00:00,241.0,0.001,1.0,0.0,not charged,1,0.004149377593360996,0,0.0,0.4149377593360996
squint_council,futures_5x,1000.0,1153.055166954858,153.0551669548579,15.305516695485789,1,0.0,194.75052679403694,194.75052679403694,194.75052679403694,31.424834549882174,0.6949063732026108,99.9985592438912,0.47169860099158256,False,Deribit perp + Deribit 8h funding,beta_perp_22,2024-12-03 00:00:00+00:00,2025-07-31 23:55:00+00:00,241.0,0.0005,1.0,41.695359839179616,Deribit 8h aggregation,1,0.004149377593360996,0,0.0,0.4149377593360996
squint_council,spot,1000.0,913.7416305200948,-86.25836947990524,-8.625836947990528,1,0.0,-86.25836947990528,-86.25836947990528,-86.25836947990528,31.307789139503285,-0.05986351115667716,99.99823745064862,0.9589256566736541,False,real,beta_spot_23,2024-03-11 00:00:00+00:00,2024-09-23 23:55:00+00:00,197.0,0.001,1.0,0.0,not charged,1,0.005076142131979695,0,0.0,0.5076142131979695
squint_council,futures_5x,1000.0,896.3268816033584,-103.6731183966416,-10.367311839664161,1,0.0,-75.78951328447882,-75.78951328447882,-75.78951328447882,33.18379312415151,-0.1296996783148705,99.99823745064862,0.4644343002290682,False,Deribit perp + Deribit 8h funding,beta_perp_23,2024-03-11 00:00:00+00:00,2024-09-23 23:55:00+00:00,197.0,0.0005,1.0,27.8836051121617,Deribit 8h aggregation,1,0.005076142131979695,0,0.0,0.5076142131979695
blackwell_council,spot,1000.0,7631.667471141205,6631.667471141205,663.1667471141205,19,66.66666666666667,1644.2235276190556,-305.8784038828115,349.0351300600637,26.888990998318953,1.7516479270544278,59.764763480112556,163.25660124051177,False,real,inner_train,2017-01-01 00:00:00+00:00,2020-12-31 23:55:00+00:00,1461.0,0.001,1.0,0.0,not charged,298,0.20396988364134155,18,0.012320328542094456,15.468856947296372
blackwell_council,spot,1000.0,578.4282134742718,-421.57178652572816,-42.15717865257281,16,33.333333333333336,152.6298489196856,-175.6400615764564,-26.348236657857992,57.72805503677753,-0.7753675719533973,46.18673896499239,28.963763923083437,False,real,inner_val,2021-01-01 00:00:00+00:00,2022-12-31 23:55:00+00:00,730.0,0.001,1.0,0.0,not charged,128,0.17534246575342466,15,0.02054794520547945,13.013698630136986
blackwell_council,spot,1000.0,2430.882006608297,1430.8820066082972,143.0882006608297,18,50.0,972.7678643552013,-472.38066911890337,79.49344481157203,34.20419897373449,1.093958535193277,57.37796836377708,88.7712514225382,False,real,holdout,2023-01-01 00:00:00+00:00,2026-08-12 00:40:00+00:00,1319.03125,0.001,1.0,0.0,not charged,140,0.1061385012675022,18,0.013646378734393139,7.7272727272727275
blackwell_council,spot,1000.0,2175.4847769316207,1175.4847769316207,117.54847769316208,18,44.44444444444444,891.8651792396836,-453.34449304250455,65.30470982953446,36.58894547980348,0.9734290947045847,57.37796836377708,333.30616231106603,False,real,fee_stress,2023-01-01 00:00:00+00:00,2026-08-12 00:40:00+00:00,1319.03125,0.004,1.0,0.0,not charged,140,0.1061385012675022,18,0.013646378734393139,7.7272727272727275
blackwell_council,spot,1000.0,1443.7781106587668,443.77811065876676,44.377811065876685,24,30.434782608695652,506.3009303459104,-242.886886735863,18.490754610781927,41.18461626855341,0.5106724371211513,54.32426238749121,65.80648223757107,False,Coinbase ETH spot,eth_holdout,2023-01-01 00:00:00+00:00,2026-08-12 00:40:00+00:00,1319.03125,0.001,1.0,0.0,not charged,194,0.14707763747068162,23,0.017437039493946788,11.287878787878787
blackwell_council,futures_5x,1000.0,605.2252517613097,-394.77474823869034,-39.47747482386903,15,42.857142857142854,125.24586838278894,-136.31604432534706,-22.397101115465293,51.3554825601773,-0.653239151997958,43.698154490106546,11.64476900909177,False,Deribit perp + Deribit 8h funding,funded_val,2021-01-01 00:00:00+00:00,2022-12-31 23:55:00+00:00,730.0,0.0005,1.0,58.81823150671126,Deribit 8h aggregation,65,0.08904109589041095,14,0.019178082191780823,7.808219178082192
blackwell_council,futures_5x,1000.0,2119.3758802765656,1119.3758802765656,111.93758802765656,18,50.0,918.0676597370622,-417.00510462103307,79.00390524905015,35.77830285516412,0.9112881002276657,56.56929406840563,39.69306910064441,False,Deribit perp + Deribit 8h funding,funded_holdout,2023-01-01 00:00:00+00:00,2026-08-12 00:40:00+00:00,1319.03125,0.0005,1.0,302.6944142063467,Deribit 8h aggregation,86,0.06519936506432278,18,0.013646378734393139,6.0606060606060606
blackwell_council,spot,1000.0,10921.511864941103,9921.511864941103,992.1511864941102,51,50.98039215686274,4367.24422529318,-2117.2541286279275,194.5394483321785,57.60508651584026,0.9994115347054314,56.04413540952567,777.4426977066311,False,real,full_spot,2017-01-01 00:00:00+00:00,2026-08-12 00:40:00+00:00,3510.03125,0.001,0.0,0.0,not charged,565,0.16096722785587736,51,0.014529785169291584,12.019367701509541
blackwell_council,futures_5x,1000.0,14079.841734195465,13079.841734195465,1307.9841734195466,51,50.98039215686274,6016.999801699829,-2755.2612557679117,256.46748498422477,57.88199459931125,1.0460846106155095,56.04413540952567,466.02542768383375,False,spot (perp proxy),full_proxy,2017-01-01 00:00:00+00:00,2026-08-12 00:40:00+00:00,3510.03125,0.0005,0.0,0.0,not charged,280,0.07977136955689497,51,0.014529785169291584,7.29136998006266
blackwell_council,spot,1000.0,1369.257720596686,369.2577205966861,36.9257720596686,5,50.0,397.72235524458665,-25.493692118011882,73.85154411933723,15.541931863402256,1.928708110385831,65.82409531090724,8.372065088626009,False,real,beta_spot_00,2024-06-20 00:00:00+00:00,2025-01-23 23:55:00+00:00,218.0,0.001,1.0,0.0,not charged,36,0.1651376146788991,4,0.01834862385321101,11.009174311926605
blackwell_council,futures_5x,1000.0,1362.6202681116006,362.6202681116006,36.26202681116006,5,50.0,421.1825243615884,-19.034011180848005,80.64940388158611,15.42300169645616,1.8161977525876942,66.3592635066259,4.178563141173699,False,Deribit perp + Deribit 8h funding,beta_perp_00,2024-06-20 00:00:00+00:00,2025-01-23 23:55:00+00:00,218.0,0.0005,1.0,40.62675129633142,Deribit 8h aggregation,21,0.0963302752293578,4,0.01834862385321101,9.63302752293578
blackwell_council,spot,1000.0,1926.6141872739609,926.6141872739609,92.66141872739608,3,100.0,601.9032375771387,0.3083081305372328,308.87139575798693,12.143969813093324,2.6207866332078877,65.8234126984127,9.04428800311903,False,real,beta_spot_01,2023-05-19 00:00:00+00:00,2024-04-18 23:55:00+00:00,336.0,0.001,1.0,0.0,not charged,32,0.09523809523809523,3,0.008928571428571428,6.5476190476190474
blackwell_council,futures_5x,1000.0,1816.0365097194058,816.0365097194058,81.60365097194058,4,75.0,607.1389295823772,-23.757356571277633,228.8366230723192,12.581240845887462,2.2883069834542695,60.86309523809524,4.4277421757515825,False,Deribit perp + Deribit 8h funding,beta_perp_01,2023-05-19 00:00:00+00:00,2024-04-18 23:55:00+00:00,336.0,0.0005,1.0,99.30998256987054,Deribit 8h aggregation,16,0.047619047619047616,4,0.011904761904761904,4.761904761904762
blackwell_council,spot,1000.0,1354.1969478955152,354.1969478955152,35.419694789551514,4,50.0,390.9674004209952,-27.485219443410276,88.54923697387878,15.541931863402258,1.76578374697168,67.1875,8.070122135287017,False,real,beta_spot_02,2024-05-04 00:00:00+00:00,2025-01-14 23:55:00+00:00,256.0,0.001,1.0,0.0,not charged,38,0.1484375,4,0.015625,10.546875
blackwell_council,futures_5x,1000.0,1327.1287703901203,327.1287703901203,32.71287703901202,4,50.0,408.1034639501955,-33.87734745705763,91.8232054591258,15.423001696456126,1.5698526294748445,67.12239583333333,3.9979270097861592,False,Deribit perp + Deribit 8h funding,beta_perp_02,2024-05-04 00:00:00+00:00,2025-01-14 23:55:00+00:00,256.0,0.0005,1.0,40.16405144638265,Deribit 8h aggregation,21,0.08203125,4,0.015625,8.203125
blackwell_council,spot,1000.0,867.9628916351146,-132.0371083648854,-13.203710836488536,3,0.0,-23.69447978306218,-61.00996027695855,-44.01236945496174,20.25504681027563,-0.8653220230754171,49.04761904761905,7.453987886665344,False,real,beta_spot_03,2025-05-10 00:00:00+00:00,2026-02-13 23:55:00+00:00,280.0,0.001,1.0,0.0,not charged,19,0.06785714285714285,3,0.010714285714285714,5.714285714285714
blackwell_council,futures_5x,1000.0,849.3945838118995,-150.60541618810055,-15.060541618810053,3,0.0,-22.016538960507503,-59.39687520580565,-43.09876470157352,22.898702899488967,-0.8489402285944864,49.04761904761905,3.68071315921165,False,Deribit perp + Deribit 8h funding,beta_perp_03,2025-05-10 00:00:00+00:00,2026-02-13 23:55:00+00:00,280.0,0.0005,1.0,21.30912208338071,Deribit 8h aggregation,14,0.05,3,0.010714285714285714,4.285714285714286
blackwell_council,spot,1000.0,1354.9308390688575,354.9308390688575,35.493083906885744,2,100.0,354.6225309383203,0.3083081305372328,177.46541953442878,12.143969813093324,2.155534228841494,61.053531546622,4.824627778407718,False,real,beta_spot_04,2023-06-07 00:00:00+00:00,2023-12-22 23:55:00+00:00,199.0,0.001,1.0,0.0,not charged,13,0.06532663316582915,1,0.005025125628140704,4.522613065326633
blackwell_council,futures_5x,1000.0,1308.3268834166922,308.3268834166922,30.83268834166921,2,100.0,345.6927553385117,2.9898845591263856,174.34131994881903,12.581240845887462,1.8966420314689472,61.13728364042434,2.309608236967648,False,Deribit perp + Deribit 8h funding,beta_perp_04,2023-06-07 00:00:00+00:00,2023-12-22 23:55:00+00:00,199.0,0.0005,1.0,40.35575648094589,Deribit 8h aggregation,7,0.035175879396984924,1,0.005025125628140704,3.5175879396984926
blackwell_council,spot,1000.0,1235.3292273124487,235.32922731244867,23.532922731244877,6,40.0,305.97587984115125,-58.86797528148118,39.22153788540814,17.24856291158505,0.949993275243069,66.94580610021787,10.236214897064317,False,real,beta_spot_05,2023-01-27 00:00:00+00:00,2024-01-18 23:55:00+00:00,357.0,0.001,1.0,0.0,not charged,38,0.10644257703081232,5,0.014005602240896359,8.403361344537815
blackwell_council,futures_5x,1000.0,1142.5595434374895,142.55954343748954,14.255954343748956,5,60.0,293.3579878065608,-91.21623142507663,38.62875644475541,16.651135748320872,0.6497803821279445,66.66666666666667,4.566394649823462,False,Deribit perp + Deribit 8h funding,beta_perp_05,2023-01-27 00:00:00+00:00,2024-01-18 23:55:00+00:00,357.0,0.0005,1.0,50.584238786287116,Deribit 8h aggregation,22,0.06162464985994398,5,0.014005602240896359,5.602240896358543
blackwell_council,spot,1000.0,1737.7543980671483,737.7543980671483,73.77543980671481,4,66.66666666666667,548.8587104719585,-87.84686009509802,184.4385995167871,12.143969089259304,2.2200636437150436,68.81466889525629,11.210663903788717,False,real,beta_spot_06,2023-07-05 00:00:00+00:00,2024-06-17 23:55:00+00:00,349.0,0.001,1.0,0.0,not charged,41,0.1174785100286533,3,0.008595988538681949,8.022922636103152
blackwell_council,futures_5x,1000.0,1635.768887005179,635.7688870051791,63.5768887005179,5,50.0,556.0941111318721,-87.22693022312578,146.27287121136402,12.533658055734964,1.8873259337839272,64.03911970709964,5.418146197942942,False,Deribit perp + Deribit 8h funding,beta_perp_06,2023-07-05 00:00:00+00:00,2024-06-17 23:55:00+00:00,349.0,0.0005,1.0,95.59546905164177,Deribit 8h aggregation,21,0.06017191977077364,4,0.011461318051575931,6.017191977077364
blackwell_council,spot,1000.0,997.288576963405,-2.711423036594965,-0.27114230365949954,4,50.0,68.7315937289162,-46.19787191598511,-0.6778557591488156,11.573563869565872,0.10128098474806155,57.59075907590759,5.589714975361165,False,real,beta_spot_07,2023-03-05 00:00:00+00:00,2023-09-22 23:55:00+00:00,202.0,0.001,1.0,0.0,not charged,20,0.09900990099009901,4,0.019801980198019802,7.920792079207921
blackwell_council,futures_5x,1000.0,943.2398439765115,-56.76015602348855,-5.6760156023488495,4,50.0,31.420248093723735,-43.900716324842215,-10.376696749480494,12.062129551262672,-0.40240233865790803,57.42574257425743,2.407566529649484,False,Deribit perp + Deribit 8h funding,beta_perp_07,2023-03-05 00:00:00+00:00,2023-09-22 23:55:00+00:00,202.0,0.0005,1.0,15.25336902556686,Deribit 8h aggregation,13,0.06435643564356436,4,0.019801980198019802,5.445544554455446
blackwell_council,spot,1000.0,1794.973344904656,794.973344904656,79.49733449046559,2,100.0,470.6706884841007,324.30265642055565,397.4866724523282,9.237203715314921,4.942859602283713,87.49736952861953,4.748462294571025,False,real,beta_spot_08,2023-10-20 00:00:00+00:00,2024-02-28 23:55:00+00:00,132.0,0.001,1.0,0.0,not charged,17,0.12878787878787878,1,0.007575757575757576,8.333333333333334
blackwell_council,futures_5x,1000.0,1764.550348084383,764.5503480843829,76.4550348084383,2,100.0,486.34563500615053,332.7770936472444,409.56136432669746,9.886759988652855,4.483945438609554,79.79534932659932,2.3404834711870803,False,Deribit perp + Deribit 8h funding,beta_perp_08,2023-10-20 00:00:00+00:00,2024-02-28 23:55:00+00:00,132.0,0.0005,1.0,54.57238056901155,Deribit 8h aggregation,7,0.05303030303030303,1,0.007575757575757576,5.303030303030303
blackwell_council,spot,1000.0,1956.7187542191768,956.7187542191768,95.67187542191769,6,50.0,564.9202251422482,-39.7141969876157,159.45312570319615,16.860945116659135,2.521312897031424,68.43082636954503,14.56645753969343,False,real,beta_spot_09,2024-01-18 00:00:00+00:00,2025-01-10 23:55:00+00:00,359.0,0.001,1.0,0.0,not charged,56,0.15598885793871867,6,0.016713091922005572,10.86350974930362
blackwell_council,futures_5x,1000.0,1881.0215626187617,881.0215626187617,88.10215626187616,6,50.0,578.4302417346195,-48.0164566339116,162.64975519179885,17.535925236403134,2.2712048107637397,65.041782729805,7.035208519827416,False,Deribit perp + Deribit 8h funding,beta_perp_09,2024-01-18 00:00:00+00:00,2025-01-10 23:55:00+00:00,359.0,0.0005,1.0,94.8769685320331,Deribit 8h aggregation,28,0.07799442896935933,6,0.016713091922005572,7.7994428969359335
blackwell_council,spot,1000.0,762.4690089545744,-237.5309910454256,-23.753099104542564,5,0.0,41.401394862932385,-143.3526826894962,-47.50619820908519,30.854709163165488,-1.7252619907725664,32.83077485380117,8.330076908787708,False,real,beta_spot_10,2025-08-23 00:00:00+00:00,2026-05-15 23:55:00+00:00,266.0,0.001,1.0,0.0,not charged,18,0.06766917293233082,4,0.015037593984962405,5.639097744360902
blackwell_council,futures_5x,1000.0,760.6182571081246,-239.38174289187543,-23.938174289187543,5,0.0,43.542774270883754,-144.68321973183248,-46.48959665800375,31.397660525110027,-1.464671288645333,32.83077485380117,4.114087821223438,False,Deribit perp + Deribit 8h funding,beta_perp_10,2025-08-23 00:00:00+00:00,2026-05-15 23:55:00+00:00,266.0,0.0005,1.0,6.933759601856896,Deribit 8h aggregation,16,0.06015037593984962,4,0.015037593984962405,5.2631578947368425
blackwell_council,spot,1000.0,1380.7623557671736,380.76235576717363,38.07623557671735,4,50.0,398.6370443917976,-25.552322977442284,95.19058894179351,15.541931863402231,2.277625420087398,70.15706806282722,6.815411067425445,False,real,beta_spot_11,2024-06-23 00:00:00+00:00,2024-12-30 23:55:00+00:00,191.0,0.001,1.0,0.0,not charged,30,0.15706806282722513,4,0.020942408376963352,11.518324607329843
blackwell_council,futures_5x,1000.0,1372.7123772532668,372.7123772532668,37.27123772532668,4,50.0,422.1208134909824,-19.076414188443916,101.97014478779427,15.423001696456145,2.141359865689317,69.9825479930192,3.3677176638745427,False,Deribit perp + Deribit 8h funding,beta_perp_11,2024-06-23 00:00:00+00:00,2024-12-30 23:55:00+00:00,191.0,0.0005,1.0,35.16820189791044,Deribit 8h aggregation,17,0.08900523560209424,4,0.020942408376963352,8.900523560209423
blackwell_council,spot,1000.0,979.2465618133938,-20.753438186606218,-2.0753438186606243,2,50.0,95.43319938266916,-116.18663756927518,-10.37671909330301,11.91494239102539,-0.04944707474037011,68.82255389718077,5.555238996769657,False,real,beta_spot_12,2025-03-06 00:00:00+00:00,2025-09-22 23:55:00+00:00,201.0,0.001,1.0,0.0,not charged,16,0.07960199004975124,2,0.009950248756218905,6.965174129353234
blackwell_council,futures_5x,1000.0,962.7744936924129,-37.225506307587125,-3.722550630758714,2,50.0,96.6857470069115,-118.24360242307496,-10.778927708081731,12.062674221850909,-0.16906989768778174,68.82255389718077,2.757345118249535,False,Deribit perp + Deribit 8h funding,beta_perp_12,2025-03-06 00:00:00+00:00,2025-09-22 23:55:00+00:00,201.0,0.0005,1.0,15.66765089142506,Deribit 8h aggregation,12,0.05970149253731343,2,0.009950248756218905,4.975124378109452
blackwell_council,spot,1000.0,1437.3354591804853,437.33545918048526,43.73354591804852,3,66.66666666666667,454.36571481113845,-39.973560822556394,145.77848639349477,12.24097782285926,2.4056015977526086,63.81909547738694,8.298362280059393,False,real,beta_spot_13,2024-02-01 00:00:00+00:00,2024-08-17 23:55:00+00:00,199.0,0.001,1.0,0.0,not charged,35,0.17587939698492464,3,0.01507537688442211,11.055276381909549
blackwell_council,futures_5x,1000.0,1370.4916152670135,370.49161526701346,37.04916152670135,4,50.0,473.853633410381,-48.0164566339116,105.90215337693581,12.747555999203266,2.023434734893498,60.301507537688444,4.122872336351929,False,Deribit perp + Deribit 8h funding,beta_perp_13,2024-02-01 00:00:00+00:00,2024-08-17 23:55:00+00:00,199.0,0.0005,1.0,53.11699824073149,Deribit 8h aggregation,17,0.08542713567839195,4,0.020100502512562814,8.542713567839195
blackwell_council,spot,1000.0,978.2962474824074,-21.703752517592648,-2.17037525175926,4,50.0,67.42267161348568,-45.31808122649278,-5.425938129398158,11.573563869565874,-0.039742871901165114,54.281345565749234,5.4794367770869865,False,real,beta_spot_14,2023-03-03 00:00:00+00:00,2023-10-06 23:55:00+00:00,218.0,0.001,1.0,0.0,not charged,20,0.09174311926605505,4,0.01834862385321101,7.339449541284404
blackwell_council,futures_5x,1000.0,923.9466780002649,-76.05332199973509,-7.605332199973514,4,50.0,30.777573735385026,-51.689896228953245,-15.280166573240237,12.062129551262656,-0.5572630249560434,54.12844036697248,2.357267521854819,False,Deribit perp + Deribit 8h funding,beta_perp_14,2023-03-03 00:00:00+00:00,2023-10-06 23:55:00+00:00,218.0,0.0005,1.0,14.93265570677427,Deribit 8h aggregation,13,0.05963302752293578,4,0.01834862385321101,5.045871559633028
blackwell_council,spot,1000.0,978.2962474824074,-21.703752517592648,-2.17037525175926,4,50.0,67.42267161348568,-45.31808122649278,-5.425938129398158,11.573563869565874,-0.0387766022930715,51.67394468704512,5.4794367770869865,False,real,beta_spot_15,2023-03-03 00:00:00+00:00,2023-10-17 23:55:00+00:00,229.0,0.001,1.0,0.0,not charged,20,0.08733624454148471,4,0.017467248908296942,6.986899563318778
blackwell_council,futures_5x,1000.0,923.9466780002649,-76.05332199973509,-7.605332199973514,4,50.0,30.777573735385026,-51.689896228953245,-15.280166573240237,12.062129551262656,-0.5437142343590629,51.52838427947598,2.357267521854819,False,Deribit perp + Deribit 8h funding,beta_perp_15,2023-03-03 00:00:00+00:00,2023-10-17 23:55:00+00:00,229.0,0.0005,1.0,14.93265570677427,Deribit 8h aggregation,13,0.056768558951965066,4,0.017467248908296942,4.8034934497816595
blackwell_council,spot,1000.0,1400.7534032706633,400.7534032706633,40.07534032706632,5,25.0,395.59977397714334,-154.59903635843267,80.15068065413269,17.999263328802787,1.516255518545543,67.35802011210023,12.662716465200573,False,real,beta_spot_16,2024-08-12 00:00:00+00:00,2025-07-14 23:55:00+00:00,337.0,0.001,1.0,0.0,not charged,42,0.12462908011869436,4,0.011869436201780416,9.198813056379821
blackwell_council,futures_5x,1000.0,1398.9756574400255,398.97565744002554,39.89756574400256,5,25.0,422.06040175001226,-158.97364697630454,89.07523131101955,18.867624280391908,1.4363334867899455,67.803123969667,6.401144714657101,False,Deribit perp + Deribit 8h funding,beta_perp_16,2024-08-12 00:00:00+00:00,2025-07-14 23:55:00+00:00,337.0,0.0005,1.0,46.400499115074105,Deribit 8h aggregation,27,0.08011869436201781,4,0.011869436201780416,7.71513353115727
blackwell_council,spot,1000.0,716.9262682575604,-283.0737317424396,-28.307373174243956,5,20.0,16.16047105330464,-139.31655645472688,-56.614746348487856,32.2286620595583,-1.677921214852878,36.04108309990663,9.68089881088685,False,real,beta_spot_17,2025-07-20 00:00:00+00:00,2026-07-11 23:55:00+00:00,357.0,0.001,1.0,0.0,not charged,25,0.0700280112044818,5,0.014005602240896359,5.322128851540616
blackwell_council,futures_5x,1000.0,709.0572847118891,-290.9427152881109,-29.09427152881109,5,20.0,17.624131950129634,-139.5130094407805,-55.623690408825915,33.137874551697244,-1.508279936328125,36.04108309990663,4.870858657290108,False,Deribit perp + Deribit 8h funding,beta_perp_17,2025-07-20 00:00:00+00:00,2026-07-11 23:55:00+00:00,357.0,0.0005,1.0,12.824263243981887,Deribit 8h aggregation,21,0.058823529411764705,5,0.014005602240896359,5.042016806722689
blackwell_council,spot,1000.0,809.2681220970065,-190.73187790299346,-19.07318779029935,3,33.333333333333336,18.24197918329373,-157.2608690893081,-63.577292634331194,25.832012594640823,-1.6968075209732267,41.91919191919192,6.665837145897656,False,real,beta_spot_18,2025-12-09 00:00:00+00:00,2026-06-24 23:55:00+00:00,198.0,0.001,1.0,0.0,not charged,18,0.09090909090909091,3,0.015151515151515152,7.070707070707071
blackwell_council,futures_5x,1000.0,805.8590083217103,-194.14099167828965,-19.41409916782897,3,33.333333333333336,20.030208845020702,-158.55956614507903,-63.927274012053296,26.174734056034787,-1.6695895979725974,41.91919191919192,3.396209259781343,False,Deribit perp + Deribit 8h funding,beta_perp_18,2025-12-09 00:00:00+00:00,2026-06-24 23:55:00+00:00,198.0,0.0005,1.0,2.3591696421298893,Deribit 8h aggregation,14,0.0707070707070707,3,0.015151515151515152,6.565656565656566
blackwell_council,spot,1000.0,1566.7391447027694,566.7391447027694,56.67391447027694,3,100.0,484.32795828901277,16.468175087894817,188.9130482342565,10.877694105389551,2.9113310911315757,77.44437534549475,7.055506509002757,False,real,beta_spot_19,2023-11-20 00:00:00+00:00,2024-06-07 23:55:00+00:00,201.0,0.001,1.0,0.0,not charged,32,0.15920398009950248,2,0.009950248756218905,10.945273631840797
blackwell_council,futures_5x,1000.0,1499.8327656649615,499.83276566496147,49.98327656649615,4,66.66666666666667,495.63458803399294,-19.3941898027875,141.01198623526562,11.059915856659458,2.4677845319661484,69.152501381979,3.4197634618319204,False,Deribit perp + Deribit 8h funding,beta_perp_19,2023-11-20 00:00:00+00:00,2024-06-07 23:55:00+00:00,201.0,0.0005,1.0,64.21517927609968,Deribit 8h aggregation,17,0.0845771144278607,3,0.014925373134328358,7.960199004975125
blackwell_council,spot,1000.0,832.3924409313493,-167.60755906865074,-16.76075590686508,3,0.0,41.36629801763651,-157.2608690893081,-55.869186356216936,25.832012594640823,-1.7636067244282287,32.56505427841635,5.8953506786988665,False,real,beta_spot_20,2025-11-04 00:00:00+00:00,2026-04-26 23:55:00+00:00,174.0,0.001,1.0,0.0,not charged,12,0.06896551724137931,2,0.011494252873563218,6.32183908045977
blackwell_council,futures_5x,1000.0,829.678396409904,-170.32160359009595,-17.032160359009595,3,0.0,43.53311794028834,-158.55956614507903,-56.092970980297416,26.174734056034787,-1.7381363633330802,32.56505427841635,2.9940170976986593,False,Deribit perp + Deribit 8h funding,beta_perp_20,2025-11-04 00:00:00+00:00,2026-04-26 23:55:00+00:00,174.0,0.0005,1.0,2.0426906492039123,Deribit 8h aggregation,11,0.06321839080459771,2,0.011494252873563218,5.747126436781609
blackwell_council,spot,1000.0,1019.985498049744,19.985498049744024,1.9985498049744033,5,25.0,86.37467784347093,-59.155888750640806,3.9970996099488305,13.847447628968066,0.3350255430692371,60.50473027375201,5.2628179217223225,False,real,beta_spot_21,2023-02-07 00:00:00+00:00,2023-06-24 23:55:00+00:00,138.0,0.001,1.0,0.0,not charged,21,0.15217391304347827,4,0.028985507246376812,12.318840579710145
blackwell_council,futures_5x,1000.0,980.3622695135631,-19.637730486436908,-1.963773048643691,4,33.333333333333336,80.41776123153878,-82.25377255010582,-3.40800530011515,13.043421216330831,-0.1519073559112533,64.00714573268921,2.350556451332214,False,Deribit perp + Deribit 8h funding,beta_perp_21,2023-02-07 00:00:00+00:00,2023-06-24 23:55:00+00:00,138.0,0.0005,1.0,6.005709285976596,Deribit 8h aggregation,13,0.09420289855072464,3,0.021739130434782608,7.971014492753623
blackwell_council,spot,1000.0,982.3588701950889,-17.64112980491109,-1.764112980491106,4,0.0,128.19760842802532,-112.28855453565669,-4.410282451227815,17.47890181185911,0.003197089230389369,62.72331719686491,6.5753565248283845,False,real,beta_spot_22,2024-12-03 00:00:00+00:00,2025-07-31 23:55:00+00:00,241.0,0.001,1.0,0.0,not charged,27,0.11203319502074689,3,0.012448132780082987,8.298755186721992
blackwell_council,futures_5x,1000.0,968.8065858525988,-31.1934141474012,-3.1193414147401177,4,0.0,125.90451285490025,-114.68584596083817,-3.122200915746525,17.598003374445582,-0.06792198455860934,63.41488012909175,3.3302276734090723,False,Deribit perp + Deribit 8h funding,beta_perp_22,2024-12-03 00:00:00+00:00,2025-07-31 23:55:00+00:00,241.0,0.0005,1.0,18.704610484414648,Deribit 8h aggregation,18,0.07468879668049792,3,0.012448132780082987,7.053941908713693
blackwell_council,spot,1000.0,958.3540375814688,-41.64596241853121,-4.164596241853125,5,25.0,40.033952778630976,-46.62384245731431,-8.329192483706255,16.83798966631348,-0.26031295433044377,59.981316976875355,6.654865272917309,False,real,beta_spot_23,2024-03-11 00:00:00+00:00,2024-09-23 23:55:00+00:00,197.0,0.001,1.0,0.0,not charged,33,0.16751269035532995,4,0.02030456852791878,11.16751269035533
blackwell_council,futures_5x,1000.0,939.4436967821516,-60.55630321784838,-6.055630321784832,6,20.0,40.05554531978506,-33.55551826625895,-7.443068998426988,18.256156134981165,-0.4010900915873376,56.51261985335589,3.1933277880268216,False,Deribit perp + Deribit 8h funding,beta_perp_23,2024-03-11 00:00:00+00:00,2024-09-23 23:55:00+00:00,197.0,0.0005,1.0,15.897889227285905,Deribit 8h aggregation,19,0.09644670050761421,5,0.025380710659898477,9.137055837563452
minimax_council,spot,1000.0,4891.571254089107,3891.5712540891072,389.1571254089107,508,31.36094674556213,1115.9973625416217,-350.4400203029471,7.660573334821062,63.15257482917384,1.0973048091377706,32.21513993459579,3223.2024118256036,False,real,inner_train,2017-01-01 00:00:00+00:00,2020-12-31 23:55:00+00:00,1461.0,0.001,1.0,0.0,not charged,1408,0.9637234770704997,507,0.3470225872689938,43.66872005475702
minimax_council,spot,1000.0,858.8961242065119,-141.1038757934881,-14.110387579348815,207,26.08695652173913,283.2335392531951,-96.50237089419242,-0.6816612357173398,56.171388230051,-0.037808570128736695,25.136986301369863,509.9630028504075,False,real,inner_val,2021-01-01 00:00:00+00:00,2022-12-31 23:55:00+00:00,730.0,0.001,1.0,0.0,not charged,591,0.8095890410958904,207,0.28356164383561644,36.57534246575342
minimax_council,spot,1000.0,760.670023956606,-239.32997604339403,-23.932997604339402,465,28.817204301075268,195.0557948059918,-80.49526808941117,-0.5146881205234218,57.81484887840047,-0.18062193984291072,29.996762143934546,1084.2259218134438,False,real,holdout,2023-01-01 00:00:00+00:00,2026-08-12 00:40:00+00:00,1319.03125,0.001,1.0,0.0,not charged,1166,0.8839820891279111,465,0.3525314506384894,43.40909090909091
minimax_council,spot,1000.0,48.44302669299913,-951.5569733070008,-95.15569733070008,465,16.344086021505376,184.53939073565562,-65.47819209598171,-2.0463590823806483,96.11229873375332,-3.151478800683148,29.996762143934546,1581.83606346732,False,real,fee_stress,2023-01-01 00:00:00+00:00,2026-08-12 00:40:00+00:00,1319.03125,0.004,1.0,0.0,not charged,1164,0.8824658248240896,465,0.3525314506384894,43.40909090909091
minimax_council,spot,1000.0,418.392319889195,-581.607680110805,-58.1607680110805,456,27.252747252747252,181.89819750629331,-81.01782050717219,-1.2754554388394839,64.48390583247989,-0.6419341100318215,28.90234618859595,690.1740053961717,False,Coinbase ETH spot,eth_holdout,2023-01-01 00:00:00+00:00,2026-08-12 00:40:00+00:00,1319.03125,0.001,1.0,0.0,not charged,1179,0.8938378071027506,455,0.3449501291193821,44.015151515151516
minimax_council,futures_5x,1000.0,586.0450759518784,-413.9549240481216,-41.39549240481216,219,28.310502283105023,231.04488305057401,-75.27894364201941,-1.47162759334477,57.21396578969944,-0.6462225471405116,24.908675799086758,168.0407260110624,False,Deribit perp + Deribit 8h funding,funded_val,2021-01-01 00:00:00+00:00,2022-12-31 23:55:00+00:00,730.0,0.0005,1.0,91.66848110561843,Deribit 8h aggregation,581,0.7958904109589041,219,0.3,40.0
minimax_council,futures_5x,1000.0,802.1762388645742,-197.8237611354258,-19.782376113542576,470,30.851063829787233,199.4492624791312,-57.29963004777846,-0.10019461108197725,51.03492880327164,-0.11927021786380901,29.718780354900613,509.63012777824014,False,Deribit perp + Deribit 8h funding,funded_holdout,2023-01-01 00:00:00+00:00,2026-08-12 00:40:00+00:00,1319.03125,0.0005,1.0,150.73229392689964,Deribit 8h aggregation,1086,0.8233315169750527,470,0.3563221113980431,44.31818181818182
minimax_council,spot,1000.0,4009.768287856774,3009.768287856774,300.9768287856774,1179,29.770992366412212,1528.8173182876656,-526.4524750486939,2.5528144935171886,62.04592199351584,0.576403517789825,29.909515288028658,11622.141292293074,False,real,full_spot,2017-01-01 00:00:00+00:00,2026-08-12 00:40:00+00:00,3510.03125,0.001,0.0,0.0,not charged,3164,0.9014164759929132,1179,0.3358944453842113,42.067786955283395
minimax_council,futures_5x,1000.0,13470.667088067657,12470.667088067657,1247.0667088067657,1179,32.06106870229008,2551.905935250763,-937.5859778223888,10.577325774442507,57.572536603132875,0.9196648044487644,29.909515288028658,11766.806139432823,False,spot (perp proxy),full_proxy,2017-01-01 00:00:00+00:00,2026-08-12 00:40:00+00:00,3510.03125,0.0005,0.0,0.0,not charged,2844,0.8102491964993189,1179,0.3358944453842113,41.61207633152948
minimax_council,spot,1000.0,800.8603212353293,-199.13967876467075,-19.913967876467076,86,31.764705882352942,125.57137099949351,-41.2794032089329,-2.315577660054316,22.635545245449233,-1.243422885643432,32.72011977573904,155.4138058062602,False,real,beta_spot_00,2024-06-20 00:00:00+00:00,2025-01-23 23:55:00+00:00,218.0,0.001,1.0,0.0,not charged,250,1.146788990825688,85,0.38990825688073394,50.0
minimax_council,futures_5x,1000.0,814.9291881516035,-185.0708118483965,-18.507081184839645,89,32.95454545454545,129.30625875074873,-41.11607363898787,-1.7714872722343151,23.021542851467398,-1.14234297501931,32.8730249745158,77.61993715064293,False,Deribit perp + Deribit 8h funding,beta_perp_00,2024-06-20 00:00:00+00:00,2025-01-23 23:55:00+00:00,218.0,0.0005,1.0,27.408444619542244,Deribit 8h aggregation,209,0.9587155963302753,88,0.4036697247706422,50.45871559633027
minimax_council,spot,1000.0,1349.0603194122657,349.0603194122657,34.906031941226566,118,37.28813559322034,159.49418422255252,-44.153058359472354,2.958138300103958,17.090453412243818,1.2628735450374924,32.34126984126984,271.62390493719795,False,real,beta_spot_01,2023-05-19 00:00:00+00:00,2024-04-18 23:55:00+00:00,336.0,0.001,1.0,0.0,not charged,275,0.8184523809523809,118,0.35119047619047616,44.04761904761905
minimax_council,futures_5x,1000.0,1176.896238484701,176.89623848470092,17.68962384847008,122,36.885245901639344,166.28958500259765,-45.27978287578203,1.9724853917831486,16.654978325381116,0.7523750883591902,31.25,129.9332421360247,False,Deribit perp + Deribit 8h funding,beta_perp_01,2023-05-19 00:00:00+00:00,2024-04-18 23:55:00+00:00,336.0,0.0005,1.0,63.74697931284334,Deribit 8h aggregation,273,0.8125,122,0.3630952380952381,44.345238095238095
minimax_council,spot,1000.0,735.0592109122356,-264.9407890877644,-26.49407890877644,104,29.807692307692307,108.21136255042632,-38.031100685865624,-2.547507587382349,29.904160517532556,-1.6582968151679687,33.333333333333336,167.6526371891882,False,real,beta_spot_02,2024-05-04 00:00:00+00:00,2025-01-14 23:55:00+00:00,256.0,0.001,1.0,0.0,not charged,301,1.17578125,104,0.40625,50.78125
minimax_council,futures_5x,1000.0,801.3394303720671,-198.6605696279329,-19.866056962793287,110,32.72727272727273,113.82265891017364,-36.19268603662234,-1.570627367040306,26.041738634643423,-1.165997977417836,33.203125,86.39097950560138,False,Deribit perp + Deribit 8h funding,beta_perp_02,2024-05-04 00:00:00+00:00,2025-01-14 23:55:00+00:00,256.0,0.0005,1.0,25.89155925349941,Deribit 8h aggregation,258,1.0078125,110,0.4296875,52.34375
minimax_council,spot,1000.0,822.2895186975676,-177.7104813024324,-17.771048130243237,88,15.909090909090908,74.33865477202153,-29.204161856049133,-2.0194372875276425,21.50090942873159,-1.4464466359897992,25.892857142857142,162.91132911216374,False,real,beta_spot_03,2025-05-10 00:00:00+00:00,2026-02-13 23:55:00+00:00,280.0,0.001,1.0,0.0,not charged,199,0.7107142857142857,88,0.3142857142857143,37.857142857142854
minimax_council,futures_5x,1000.0,869.5214295436494,-130.47857045635055,-13.047857045635059,87,20.689655172413794,77.77412071683403,-28.407140879922554,-1.2823391170513698,20.03214780137016,-1.009721470024655,25.535714285714285,83.44241521692899,False,Deribit perp + Deribit 8h funding,beta_perp_03,2025-05-10 00:00:00+00:00,2026-02-13 23:55:00+00:00,280.0,0.0005,1.0,18.915067272881473,Deribit 8h aggregation,195,0.6964285714285714,87,0.3107142857142857,37.5
minimax_council,spot,1000.0,1279.1995191160618,279.19951911606177,27.919951911606166,61,35.0,138.15341602410874,-45.93900646903571,4.5770412969846115,17.090453412243804,1.8322202826298868,30.5677694025684,133.84055299639593,False,real,beta_spot_04,2023-06-07 00:00:00+00:00,2023-12-22 23:55:00+00:00,199.0,0.001,1.0,0.0,not charged,140,0.7035175879396985,60,0.3015075376884422,41.20603015075377
minimax_council,futures_5x,1000.0,1188.4637523984597,188.46375239845975,18.84637523984598,68,35.82089552238806,171.48073583643884,-46.69330605360512,3.1760974702729614,16.654978325381055,1.2921252348836987,30.400265214963706,71.77694865908568,False,Deribit perp + Deribit 8h funding,beta_perp_04,2023-06-07 00:00:00+00:00,2023-12-22 23:55:00+00:00,199.0,0.0005,1.0,27.510875580100254,Deribit 8h aggregation,152,0.7638190954773869,67,0.33668341708542715,41.20603015075377
minimax_council,spot,1000.0,1146.93512984416,146.93512984415997,14.69351298441599,123,32.520325203252035,124.70634960916884,-63.78362558369762,1.1945945515785426,25.343159139185044,0.632334061376322,30.392156862745097,248.6296257998494,False,real,beta_spot_05,2023-01-27 00:00:00+00:00,2024-01-18 23:55:00+00:00,357.0,0.001,1.0,0.0,not charged,295,0.8263305322128851,123,0.3445378151260504,43.417366946778714
minimax_council,futures_5x,1000.0,1093.2981514157343,93.29815141573431,9.329815141573427,130,33.07692307692308,154.44704505569845,-45.249271050041216,1.0159575423616962,21.69545277059455,0.45561398766876193,30.859010270774977,128.19307202128317,False,Deribit perp + Deribit 8h funding,beta_perp_05,2023-01-27 00:00:00+00:00,2024-01-18 23:55:00+00:00,357.0,0.0005,1.0,38.77632909128584,Deribit 8h aggregation,305,0.8543417366946778,130,0.3641456582633053,45.378151260504204
minimax_council,spot,1000.0,1099.7756116884182,99.77561168841817,9.97756116884181,133,35.338345864661655,155.42835109103382,-48.5356387960981,0.7501925690858613,25.873564228401836,0.4880463986027642,33.61986628462273,301.68317092224976,False,real,beta_spot_06,2023-07-05 00:00:00+00:00,2024-06-17 23:55:00+00:00,349.0,0.001,1.0,0.0,not charged,315,0.9025787965616046,133,0.38108882521489973,46.13180515759312
minimax_council,futures_5x,1000.0,969.0595481786366,-30.940451821363354,-3.09404518213634,139,35.25179856115108,161.13029848362066,-43.87493618397284,0.21201645430074095,28.25289701997106,0.028897774564503365,32.139446036294174,139.79147238263704,False,Deribit perp + Deribit 8h funding,beta_perp_06,2023-07-05 00:00:00+00:00,2024-06-17 23:55:00+00:00,349.0,0.0005,1.0,60.4107389691664,Deribit 8h aggregation,308,0.8825214899713467,139,0.3982808022922636,48.137535816618914
minimax_council,spot,1000.0,918.1097234965729,-81.89027650342712,-8.189027650342705,54,29.62962962962963,103.68823732911153,-68.06212235755474,-1.516486601915325,25.343159139185012,-0.4682439230389754,22.35973597359736,113.1990387470816,False,real,beta_spot_07,2023-03-05 00:00:00+00:00,2023-09-22 23:55:00+00:00,202.0,0.001,1.0,0.0,not charged,135,0.6683168316831684,54,0.26732673267326734,34.15841584158416
minimax_council,futures_5x,1000.0,989.8847220208714,-10.115277979128564,-1.011527797912859,55,36.36363636363637,112.8714704172387,-51.73020211776138,0.017500177332869075,21.69545277059455,0.06557927403638528,22.77227722772277,62.38819262347745,False,Deribit perp + Deribit 8h funding,beta_perp_07,2023-03-05 00:00:00+00:00,2023-09-22 23:55:00+00:00,202.0,0.0005,1.0,11.077787732436894,Deribit 8h aggregation,135,0.6683168316831684,55,0.2722772277227723,36.13861386138614
minimax_council,spot,1000.0,1482.9262875530424,482.92628755304236,48.29262875530424,64,39.682539682539684,183.02773253966035,-29.118911911119742,7.545723243016287,11.21096920392899,3.4522757077763275,45.57817760942761,159.78795939662942,False,real,beta_spot_08,2023-10-20 00:00:00+00:00,2024-02-28 23:55:00+00:00,132.0,0.001,1.0,0.0,not charged,150,1.1363636363636365,63,0.4772727272727273,59.09090909090909
minimax_council,futures_5x,1000.0,1356.0189369696527,356.0189369696527,35.60189369696527,67,37.878787878787875,174.05732198334297,-47.39489696376798,5.818526311656585,14.499818647405483,2.6776851024326804,43.05292508417509,75.25018170587185,False,Deribit perp + Deribit 8h funding,beta_perp_08,2023-10-20 00:00:00+00:00,2024-02-28 23:55:00+00:00,132.0,0.0005,1.0,33.82232591133866,Deribit 8h aggregation,149,1.128787878787879,66,0.5,56.81818181818182
minimax_council,spot,1000.0,788.256720150593,-211.74327984940703,-21.1743279849407,150,34.0,130.60317729142267,-40.78347736524963,-1.4116218656627078,37.64319145371077,-0.7276838435369094,35.42246982358403,275.92602456616675,False,real,beta_spot_09,2024-01-18 00:00:00+00:00,2025-01-10 23:55:00+00:00,359.0,0.001,1.0,0.0,not charged,405,1.128133704735376,150,0.4178272980501393,50.97493036211699
minimax_council,futures_5x,1000.0,773.4310016344396,-226.56899836556045,-22.656899836556043,153,35.294117647058826,113.65813750706822,-34.93219521239395,-1.1400648453088111,38.15233991027338,-0.815119226331501,34.26183844011142,124.63988332615497,False,Deribit perp + Deribit 8h funding,beta_perp_09,2024-01-18 00:00:00+00:00,2025-01-10 23:55:00+00:00,359.0,0.0005,1.0,52.139077033312105,Deribit 8h aggregation,352,0.9805013927576601,153,0.42618384401114207,52.646239554317546
minimax_council,spot,1000.0,856.2490574131108,-143.7509425868892,-14.375094258688925,76,21.05263157894737,60.089875946131095,-32.710721052257,-1.8914597708801153,18.379293128669673,-1.2011256436513216,21.992481203007518,135.76685909041777,False,real,beta_spot_10,2025-08-23 00:00:00+00:00,2026-05-15 23:55:00+00:00,266.0,0.001,1.0,0.0,not charged,173,0.650375939849624,76,0.2857142857142857,33.45864661654135
minimax_council,futures_5x,1000.0,896.5487692836366,-103.4512307163634,-10.345123071636342,76,23.68421052631579,61.27315484669088,-30.71316129030198,-1.2595843892360092,15.390167688830875,-0.8154245573316231,22.117794486215537,68.18120582950178,False,Deribit perp + Deribit 8h funding,beta_perp_10,2025-08-23 00:00:00+00:00,2026-05-15 23:55:00+00:00,266.0,0.0005,1.0,7.722817134426836,Deribit 8h aggregation,167,0.6278195488721805,76,0.2857142857142857,33.45864661654135
minimax_council,spot,1000.0,907.7348307121345,-92.26516928786555,-9.226516928786555,76,31.57894736842105,125.57137099949351,-41.2794032089329,-1.2140153853666584,17.985539687135752,-0.5970276129460425,33.769633507853406,136.8062593193215,False,real,beta_spot_11,2024-06-23 00:00:00+00:00,2024-12-30 23:55:00+00:00,191.0,0.001,1.0,0.0,not charged,224,1.1727748691099475,76,0.39790575916230364,50.261780104712045
minimax_council,futures_5x,1000.0,915.3939922970745,-84.60600770292547,-8.460600770292547,79,34.177215189873415,129.30625875074873,-41.11607363898787,-0.7791562738895197,16.883850378195515,-0.5345441717837726,33.595113438045374,69.87805680965145,False,Deribit perp + Deribit 8h funding,beta_perp_11,2024-06-23 00:00:00+00:00,2024-12-30 23:55:00+00:00,191.0,0.0005,1.0,23.052662065653085,Deribit 8h aggregation,188,0.9842931937172775,79,0.41361256544502617,50.78534031413613
minimax_council,spot,1000.0,909.8751153128345,-90.12488468716549,-9.012488468716551,73,16.438356164383563,83.25107951654674,-22.51065049754668,-1.234587461468017,16.718492793594205,-0.7784637597658917,32.4212271973466,149.81070619586552,False,real,beta_spot_12,2025-03-06 00:00:00+00:00,2025-09-22 23:55:00+00:00,201.0,0.001,1.0,0.0,not charged,175,0.8706467661691543,73,0.36318407960199006,46.766169154228855
minimax_council,futures_5x,1000.0,992.958986147226,-7.041013852773972,-0.7041013852774003,69,23.18840579710145,90.69798851318409,-27.513379792927818,0.11054482245587495,15.710817459786567,0.030528399746596168,31.42620232172471,75.93037137288034,False,Deribit perp + Deribit 8h funding,beta_perp_12,2025-03-06 00:00:00+00:00,2025-09-22 23:55:00+00:00,201.0,0.0005,1.0,14.66860660223211,Deribit 8h aggregation,163,0.8109452736318408,69,0.34328358208955223,45.27363184079602
minimax_council,spot,1000.0,844.676242482123,-155.32375751787697,-15.532375751787697,79,35.44303797468354,132.2509705887007,-41.29803407080507,-1.9661235128845216,33.047843465715296,-0.9136016767351324,33.91959798994975,159.9871878373219,False,real,beta_spot_13,2024-02-01 00:00:00+00:00,2024-08-17 23:55:00+00:00,199.0,0.001,1.0,0.0,not charged,200,1.0050251256281406,79,0.3969849246231156,48.743718592964825
minimax_council,futures_5x,1000.0,799.3786373273717,-200.62136267262827,-20.06213626726283,78,35.8974358974359,115.51804977870266,-28.63536116411036,-2.1328645118720884,33.63688269845891,-1.3224895772098828,32.41206030150754,69.81872850338104,False,Deribit perp + Deribit 8h funding,beta_perp_13,2024-02-01 00:00:00+00:00,2024-08-17 23:55:00+00:00,199.0,0.0005,1.0,34.25793074660644,Deribit 8h aggregation,177,0.8894472361809045,78,0.39195979899497485,51.75879396984924
minimax_council,spot,1000.0,937.7658159239849,-62.23418407601514,-6.22341840760151,57,30.357142857142858,103.68823732911153,-68.06212235755474,-1.091827790807288,25.343159139185012,-0.29038237468786554,22.628376656472987,117.83872801544402,False,real,beta_spot_14,2023-03-03 00:00:00+00:00,2023-10-06 23:55:00+00:00,218.0,0.001,1.0,0.0,not charged,141,0.6467889908256881,56,0.25688073394495414,33.944954128440365
minimax_council,futures_5x,1000.0,1001.8392958042144,1.83929580421443,0.18392958042143803,60,37.28813559322034,112.78926705670484,-51.69252743841631,0.2313895388499475,21.6954527705946,0.14432778905579785,23.087092252803263,66.83591572054104,False,Deribit perp + Deribit 8h funding,beta_perp_14,2023-03-03 00:00:00+00:00,2023-10-06 23:55:00+00:00,218.0,0.0005,1.0,12.044076526780328,Deribit 8h aggregation,144,0.6605504587155964,59,0.2706422018348624,36.23853211009175
minimax_council,spot,1000.0,942.6977282849808,-57.302271715019174,-5.730227171501923,61,30.0,103.68823732911153,-68.06212235755474,-0.9393815035249106,25.343159139185012,-0.22749770839273753,22.997028141678797,124.26657298711146,False,real,beta_spot_15,2023-03-03 00:00:00+00:00,2023-10-17 23:55:00+00:00,229.0,0.001,1.0,0.0,not charged,150,0.6550218340611353,60,0.26200873362445415,34.49781659388646
minimax_council,futures_5x,1000.0,1010.3028159030839,10.30281590308391,1.0302815903084017,63,35.483870967741936,112.78926705670484,-51.69252743841631,0.36126787415078343,21.6954527705946,0.19564271759038196,23.28814895681708,69.26900590546433,False,Deribit perp + Deribit 8h funding,beta_perp_15,2023-03-03 00:00:00+00:00,2023-10-17 23:55:00+00:00,229.0,0.0005,1.0,12.457060168413605,Deribit 8h aggregation,150,0.6550218340611353,62,0.27074235807860264,36.24454148471616
minimax_council,spot,1000.0,904.6927742268072,-95.30722577319284,-9.530722577319285,130,28.68217054263566,136.5284317430681,-44.88134626982859,-0.7331325059476346,30.178537892339328,-0.319121751209242,34.0246867787669,241.19027712457617,False,real,beta_spot_16,2024-08-12 00:00:00+00:00,2025-07-14 23:55:00+00:00,337.0,0.001,1.0,0.0,not charged,359,1.0652818991097923,129,0.3827893175074184,48.6646884272997
minimax_council,futures_5x,1000.0,965.747462055821,-34.25253794417904,-3.425253794417904,133,31.060606060606062,136.62230593440773,-43.44238899027702,-0.007345982828292183,28.727382557541624,-0.031850328096350765,33.77740685789647,120.76791545431689,False,Deribit perp + Deribit 8h funding,beta_perp_16,2024-08-12 00:00:00+00:00,2025-07-14 23:55:00+00:00,337.0,0.0005,1.0,33.275522228017124,Deribit 8h aggregation,318,0.9436201780415431,132,0.3916913946587537,49.25816023738872
minimax_council,spot,1000.0,759.9519094176071,-240.0480905823929,-24.004809058239285,97,17.708333333333332,54.96301729115695,-29.91984753659938,-2.474722583323656,25.312116266884615,-1.6980788968594016,21.054116090880797,161.29925352587415,False,real,beta_spot_17,2025-07-20 00:00:00+00:00,2026-07-11 23:55:00+00:00,357.0,0.001,1.0,0.0,not charged,226,0.6330532212885154,96,0.2689075630252101,32.773109243697476
minimax_council,futures_5x,1000.0,807.8614030724882,-192.1385969275118,-19.21385969275118,95,21.27659574468085,56.38582391873414,-28.263387266996176,-1.8984147609328745,20.670363513557163,-1.3026899768722655,20.914060068471834,79.99473797517068,False,Deribit perp + Deribit 8h funding,beta_perp_17,2025-07-20 00:00:00+00:00,2026-07-11 23:55:00+00:00,357.0,0.0005,1.0,11.78919463888805,Deribit 8h aggregation,210,0.5882352941176471,94,0.26330532212885155,32.49299719887955
minimax_council,spot,1000.0,861.4178346423927,-138.58216535760732,-13.858216535760736,59,20.338983050847457,36.47148074287265,-26.022467544203888,-2.3488502602984194,14.188214301489966,-1.521503113823971,21.717171717171716,102.57771633484789,False,real,beta_spot_18,2025-12-09 00:00:00+00:00,2026-06-24 23:55:00+00:00,198.0,0.001,1.0,0.0,not charged,137,0.6919191919191919,59,0.29797979797979796,34.343434343434346
minimax_council,futures_5x,1000.0,902.9968768128267,-97.00312318717329,-9.70031231871733,57,24.56140350877193,37.93957059403619,-25.799368782008216,-1.6553272259050154,10.789507656854406,-1.018182719509745,21.632996632996633,50.15932292620342,False,Deribit perp + Deribit 8h funding,beta_perp_18,2025-12-09 00:00:00+00:00,2026-06-24 23:55:00+00:00,198.0,0.0005,1.0,2.6494713105880026,Deribit 8h aggregation,127,0.6414141414141414,57,0.2878787878787879,33.83838383838384
minimax_council,spot,1000.0,1006.5100542032218,6.5100542032217845,0.6510054203221705,96,37.89473684210526,140.08960183261075,-43.74580484132172,0.06781306461689773,25.081136820676836,0.19691410982200644,41.125967385295745,208.3388471656309,False,real,beta_spot_19,2023-11-20 00:00:00+00:00,2024-06-07 23:55:00+00:00,201.0,0.001,1.0,0.0,not charged,227,1.1293532338308458,95,0.472636815920398,55.72139303482587
minimax_council,futures_5x,1000.0,913.3053905488994,-86.69460945110063,-8.669460945110064,98,35.714285714285715,149.79393665988025,-40.788104245747405,-0.44160640212872404,27.508050963171314,-0.3715526398784393,39.22056384742952,94.15674333753172,False,Deribit perp + Deribit 8h funding,beta_perp_19,2023-11-20 00:00:00+00:00,2024-06-07 23:55:00+00:00,201.0,0.0005,1.0,43.417182042484846,Deribit 8h aggregation,218,1.0845771144278606,98,0.48756218905472637,58.70646766169154
minimax_council,spot,1000.0,902.6281150486861,-97.37188495131386,-9.737188495131388,51,22.0,36.00802247886235,-25.691789233708977,-1.9092526461041883,12.265814058897922,-1.1778876009115553,19.634019795657725,83.95237409063567,False,real,beta_spot_20,2025-11-04 00:00:00+00:00,2026-04-26 23:55:00+00:00,174.0,0.001,1.0,0.0,not charged,107,0.6149425287356322,50,0.28735632183908044,32.758620689655174
minimax_council,futures_5x,1000.0,922.501681598254,-77.49831840174602,-7.749831840174604,51,26.0,37.10937444862701,-25.234825320354485,-1.4711126026643386,11.320974186013508,-0.9012567235419777,19.82559067688378,41.73644979249311,False,Deribit perp + Deribit 8h funding,beta_perp_20,2025-11-04 00:00:00+00:00,2026-04-26 23:55:00+00:00,174.0,0.0005,1.0,2.4715756658642967,Deribit 8h aggregation,104,0.5977011494252874,50,0.28735632183908044,32.758620689655174
minimax_council,spot,1000.0,1045.9975173605842,45.9975173605842,4.599751736058422,45,35.55555555555556,102.00476327441217,-66.9570710995895,1.0221670524574424,22.29233347411147,0.5390164003955981,28.6231884057971,95.09633505513828,False,real,beta_spot_21,2023-02-07 00:00:00+00:00,2023-06-24 23:55:00+00:00,138.0,0.001,1.0,0.0,not charged,113,0.8188405797101449,45,0.32608695652173914,41.30434782608695
minimax_council,futures_5x,1000.0,1029.005761896994,29.005761896994045,2.900576189699411,45,37.77777777777778,102.5629791263166,-47.00571030386591,0.9073171727681781,18.46885578788092,0.3951302270330223,30.07246376811594,48.14081212772524,False,Deribit perp + Deribit 8h funding,beta_perp_21,2023-02-07 00:00:00+00:00,2023-06-24 23:55:00+00:00,138.0,0.0005,1.0,11.823510877574364,Deribit 8h aggregation,112,0.8115942028985508,45,0.32608695652173914,44.20289855072464
minimax_council,spot,1000.0,798.3681544265474,-201.63184557345255,-20.16318455734526,95,23.157894736842106,67.69459558861878,-32.90315889629743,-2.1224404797205545,27.923894283693134,-1.3799437482530716,32.01936376210235,162.1235525411182,False,real,beta_spot_22,2024-12-03 00:00:00+00:00,2025-07-31 23:55:00+00:00,241.0,0.001,1.0,0.0,not charged,235,0.975103734439834,95,0.3941908713692946,48.13278008298755
minimax_council,futures_5x,1000.0,885.5052932282736,-114.49470677172644,-11.449470677172647,95,27.36842105263158,75.34324721673644,-34.07651205197103,-0.999695890491772,26.030124559077173,-0.6947880338438238,31.881051175656985,84.67312186169914,False,Deribit perp + Deribit 8h funding,beta_perp_22,2024-12-03 00:00:00+00:00,2025-07-31 23:55:00+00:00,241.0,0.0005,1.0,19.523597175007822,Deribit 8h aggregation,221,0.91701244813278,95,0.3941908713692946,48.13278008298755
minimax_council,spot,1000.0,704.016103607349,-295.983896392651,-29.5983896392651,68,29.850746268656717,36.75020642966073,-34.637587110262466,-4.352704358715447,33.420009432589545,-2.858111587778505,28.170826283135927,112.77618631642267,False,real,beta_spot_23,2024-03-11 00:00:00+00:00,2024-09-23 23:55:00+00:00,197.0,0.001,1.0,0.0,not charged,194,0.9847715736040609,67,0.3401015228426396,44.16243654822335
minimax_council,futures_5x,1000.0,742.2546696429878,-257.7453303570122,-25.774533035701218,68,32.83582089552239,37.91385536579492,-26.96287116544853,-3.559503871312501,30.088613700375078,-2.5316523422497843,27.324802594472644,53.96562640792037,False,Deribit perp + Deribit 8h funding,beta_perp_23,2024-03-11 00:00:00+00:00,2024-09-23 23:55:00+00:00,197.0,0.0005,1.0,15.699067107762362,Deribit 8h aggregation,156,0.7918781725888325,67,0.3401015228426396,47.20812182741117
nash_council,spot,1000.0,8174.558762087425,7174.558762087425,717.4558762087426,263,20.610687022900763,4424.516003026338,-1283.935465006996,27.27969111059858,77.17371108925141,1.2043297525631704,80.25301353715112,3837.7545323073814,False,real,inner_train,2017-01-01 00:00:00+00:00,2020-12-31 23:55:00+00:00,1461.0,0.001,1.0,0.0,not charged,3425,2.3442847364818618,262,0.17932922655715264,80.62970568104038
nash_council,spot,1000.0,348.80722611247967,-651.1927738875204,-65.11927738875202,216,13.488372093023257,641.7372151491909,-132.03876408705003,-3.0147813605903706,81.47762718193997,-0.9579973963277654,76.59769786910198,489.1712309144516,False,real,inner_val,2021-01-01 00:00:00+00:00,2022-12-31 23:55:00+00:00,730.0,0.001,1.0,0.0,not charged,2006,2.747945205479452,215,0.2945205479452055,88.9041095890411
nash_council,spot,1000.0,874.7992106532729,-125.2007893467271,-12.520078934672707,248,16.194331983805668,449.3092603063884,-113.26035061943756,-0.5048418925271364,62.56476639462547,0.03347672235089511,85.481506050579,1330.3046847201474,False,real,holdout,2023-01-01 00:00:00+00:00,2026-08-12 00:40:00+00:00,1319.03125,0.001,1.0,0.0,not charged,3124,2.36840484256912,247,0.1872586415219503,85.75757575757575
nash_council,spot,1000.0,55.42643259020326,-944.5735674097967,-94.45735674097968,248,8.097165991902834,160.8806542097999,-115.42810653723421,-3.8087643847169272,95.8781244464186,-2.431262092018199,85.45623497884864,1821.4010111005177,False,real,fee_stress,2023-01-01 00:00:00+00:00,2026-08-12 00:40:00+00:00,1319.03125,0.004,1.0,0.0,not charged,3074,2.3304982349735837,247,0.1872586415219503,85.37878787878788
nash_council,spot,1000.0,570.3026729944472,-429.6973270055528,-42.96973270055528,285,19.366197183098592,406.6870704344254,-108.51408498519694,-1.5077099193177372,66.44027169840558,-0.234996294110407,82.95977473217837,988.7648282727022,False,Coinbase ETH spot,eth_holdout,2023-01-01 00:00:00+00:00,2026-08-12 00:40:00+00:00,1319.03125,0.001,1.0,0.0,not charged,3504,2.6564950602951978,284,0.2153095311426473,89.16666666666667
nash_council,futures_5x,1000.0,349.9779300244433,-650.0220699755566,-65.00220699755566,207,18.932038834951456,275.73368101128835,-92.2357770016059,-2.4787076961432715,74.58101438976712,-0.9775087871598777,76.0040905631659,154.61707192935452,False,Deribit perp + Deribit 8h funding,funded_val,2021-01-01 00:00:00+00:00,2022-12-31 23:55:00+00:00,730.0,0.0005,1.0,136.9295768738976,Deribit 8h aggregation,1113,1.5246575342465754,206,0.2821917808219178,79.45205479452055
nash_council,futures_5x,1000.0,1430.333381476261,430.3333814762609,43.03333814762609,244,21.39917695473251,660.5738263515633,-114.24671764634124,3.2838229298709143,46.30611212929988,0.4738421303087364,85.69631016028704,686.2240193750716,False,Deribit perp + Deribit 8h funding,funded_holdout,2023-01-01 00:00:00+00:00,2026-08-12 00:40:00+00:00,1319.03125,0.0005,1.0,370.91941341223645,Deribit 8h aggregation,1772,1.3434101731858135,243,0.18422611291430738,72.8030303030303
nash_council,spot,1000.0,3169.894167692101,2169.894167692101,216.9894167692101,726,17.655172413793103,8744.622503345101,-1310.8516491983903,2.9888349417246474,81.34795025446874,0.49104037213284446,81.45780595099957,13098.34661415727,False,real,full_spot,2017-01-01 00:00:00+00:00,2026-08-12 00:40:00+00:00,3510.03125,0.001,0.0,0.0,not charged,8556,2.4375851354599765,725,0.20655086760267446,84.2779834804899
nash_council,futures_5x,1000.0,14212.297806013656,13212.297806013656,1321.2297806013655,726,20.96551724137931,14031.473112958083,-1952.1497747638891,18.198757308558797,71.22168750786265,0.8345702955898837,81.45780595099957,11533.408802370683,False,spot (perp proxy),full_proxy,2017-01-01 00:00:00+00:00,2026-08-12 00:40:00+00:00,3510.03125,0.0005,0.0,0.0,not charged,4710,1.3418683950463404,725,0.20655086760267446,70.35032754201082
nash_council,spot,1000.0,1059.3305542861524,59.33055428615239,5.9330554286152415,43,19.047619047619047,260.3016302821239,-49.15231164420954,1.3797803322361193,23.29916599526347,0.4519795433431771,87.46018093781855,157.96310350669376,False,real,beta_spot_00,2024-06-20 00:00:00+00:00,2025-01-23 23:55:00+00:00,218.0,0.001,1.0,0.0,not charged,573,2.628440366972477,42,0.1926605504587156,86.69724770642202
nash_council,futures_5x,1000.0,1204.6879603984469,204.68796039844688,20.468796039844683,41,32.5,312.59426032455684,-53.255703828220696,6.28084906176177,18.968260883311125,1.0801588778332936,87.61308613659531,61.87274726695956,False,Deribit perp + Deribit 8h funding,beta_perp_00,2024-06-20 00:00:00+00:00,2025-01-23 23:55:00+00:00,218.0,0.0005,1.0,52.8268511337864,Deribit 8h aggregation,271,1.2431192660550459,40,0.1834862385321101,68.34862385321101
nash_council,spot,1000.0,1407.2781356560365,407.2781356560365,40.72781356560364,40,15.384615384615385,333.0620909036029,-83.95715941412337,10.181953391400974,25.634218112775635,1.246302761091915,89.97912533068784,250.34274992047932,False,real,beta_spot_01,2023-05-19 00:00:00+00:00,2024-04-18 23:55:00+00:00,336.0,0.001,1.0,0.0,not charged,744,2.2142857142857144,39,0.11607142857142858,84.52380952380952
nash_council,futures_5x,1000.0,1517.8966594736867,517.8966594736867,51.78966594736867,39,21.05263157894737,457.1454143775656,-79.0636277070985,16.244314602815358,24.399994197886326,1.454593779930659,90.17753802910053,103.83884058720606,False,Deribit perp + Deribit 8h funding,beta_perp_01,2023-05-19 00:00:00+00:00,2024-04-18 23:55:00+00:00,336.0,0.0005,1.0,115.6316100361105,Deribit 8h aggregation,413,1.2291666666666667,38,0.1130952380952381,68.1547619047619
nash_council,spot,1000.0,932.7440813712021,-67.25591862879787,-6.725591862879787,53,17.307692307692307,237.9442606339338,-45.038659212605324,-1.2689795967697834,28.600883770913992,-0.14990662725817594,88.47520616319444,175.25551090652883,False,real,beta_spot_02,2024-05-04 00:00:00+00:00,2025-01-14 23:55:00+00:00,256.0,0.001,1.0,0.0,not charged,675,2.63671875,52,0.203125,85.9375
nash_council,futures_5x,1000.0,1051.2726764538036,51.27267645380357,5.127267645380362,50,28.571428571428573,287.1144736526326,-48.914792478161374,2.0115289621074353,22.758423761079953,0.38284572762946145,88.27989366319444,71.13204054706654,False,Deribit perp + Deribit 8h funding,beta_perp_02,2024-05-04 00:00:00+00:00,2025-01-14 23:55:00+00:00,256.0,0.0005,1.0,49.3037716515695,Deribit 8h aggregation,342,1.3359375,49,0.19140625,72.265625
nash_council,spot,1000.0,701.3441314352029,-298.65586856479706,-29.86558685647971,73,13.88888888888889,34.69598167139644,-20.222949105225428,-4.091176281709546,37.016985176631195,-1.8900948831769153,79.40352182539682,175.36038683097192,False,real,beta_spot_03,2025-05-10 00:00:00+00:00,2026-02-13 23:55:00+00:00,280.0,0.001,1.0,0.0,not charged,617,2.2035714285714287,72,0.2571428571428571,86.78571428571429
nash_council,futures_5x,1000.0,754.7152176241799,-245.2847823758201,-24.528478237582007,74,16.438356164383563,41.942434095377024,-24.097568130275047,-2.908817665600403,32.826557601442595,-1.4790439246505651,79.16542658730158,81.03381202247247,False,Deribit perp + Deribit 8h funding,beta_perp_03,2025-05-10 00:00:00+00:00,2026-02-13 23:55:00+00:00,280.0,0.0005,1.0,30.032275121388352,Deribit 8h aggregation,419,1.4964285714285714,73,0.26071428571428573,78.92857142857143
nash_council,spot,1000.0,1192.3360136606614,192.33601366066137,19.233601366066132,26,8.0,339.1248399252091,-84.52896290414654,7.397538986948504,25.634218112775493,1.2126946472194062,88.1892099385818,129.09021300761273,False,real,beta_spot_04,2023-06-07 00:00:00+00:00,2023-12-22 23:55:00+00:00,199.0,0.001,1.0,0.0,not charged,429,2.1557788944723617,25,0.12562814070351758,85.42713567839196
nash_council,futures_5x,1000.0,1233.1750562165694,233.17505621656937,23.31750562165693,25,12.5,381.8373421509995,-77.78102620503526,11.052907870401642,24.399994197886084,1.3765131756925104,88.44046621998883,52.55770467788501,False,Deribit perp + Deribit 8h funding,beta_perp_04,2023-06-07 00:00:00+00:00,2023-12-22 23:55:00+00:00,199.0,0.0005,1.0,43.14764054347185,Deribit 8h aggregation,233,1.170854271356784,24,0.12060301507537688,66.83417085427136
nash_council,spot,1000.0,1157.177651802791,157.17765180279093,15.717765180279098,43,14.285714285714286,291.29317807786987,-85.78452651800872,3.655294227971914,30.8814294799295,0.6178391839374013,90.33516184251478,256.2386286225238,False,real,beta_spot_05,2023-01-27 00:00:00+00:00,2024-01-18 23:55:00+00:00,357.0,0.001,1.0,0.0,not charged,824,2.3081232492997197,42,0.11764705882352941,86.83473389355743
nash_council,futures_5x,1000.0,1312.294652036895,312.29465203689506,31.2294652036895,39,17.94871794871795,397.36453213720347,-84.77479489993479,9.722785247363426,26.21440778044382,0.986950705378615,91.12978524743231,103.50601300522914,False,Deribit perp + Deribit 8h funding,beta_perp_05,2023-01-27 00:00:00+00:00,2024-01-18 23:55:00+00:00,357.0,0.0005,1.0,66.8939726102775,Deribit 8h aggregation,434,1.2156862745098038,39,0.1092436974789916,70.30812324929973
nash_council,spot,1000.0,1166.9442871044948,166.94428710449483,16.694428710449483,38,10.526315789473685,310.0420661970083,-78.15434985760658,4.393270713276186,27.485591361733896,0.639132437396932,91.64278892072588,258.1716314671272,False,real,beta_spot_06,2023-07-05 00:00:00+00:00,2024-06-17 23:55:00+00:00,349.0,0.001,1.0,0.0,not charged,783,2.2435530085959887,38,0.10888252148997135,83.3810888252149
nash_council,futures_5x,1000.0,1238.7295848784443,238.72958487844426,23.872958487844432,36,11.428571428571429,411.22637120606714,-71.12189621467866,9.468917796358236,23.216194996977762,0.8100651998332545,91.40301655523719,106.8938178834751,False,Deribit perp + Deribit 8h funding,beta_perp_06,2023-07-05 00:00:00+00:00,2024-06-17 23:55:00+00:00,349.0,0.0005,1.0,102.15145579045134,Deribit 8h aggregation,449,1.2865329512893984,35,0.10028653295128939,69.91404011461319
nash_council,spot,1000.0,939.2753724745544,-60.72462752544561,-6.072462752544561,36,14.285714285714286,138.98920598150403,-91.73873671263355,-1.6867952090401512,29.552229570566407,-0.2388614523448112,84.32171342134214,153.94093202409886,False,real,beta_spot_07,2023-03-05 00:00:00+00:00,2023-09-22 23:55:00+00:00,202.0,0.001,1.0,0.0,not charged,465,2.301980198019802,35,0.17326732673267325,90.0990099009901
nash_council,futures_5x,1000.0,1041.4054095336462,41.40540953364621,4.140540953364624,35,17.647058823529413,277.9883133218455,-90.82127089375605,1.6880204400146654,24.5045273424247,0.3940137649278509,84.89927117711771,63.27694744658253,False,Deribit perp + Deribit 8h funding,beta_perp_07,2023-03-05 00:00:00+00:00,2023-09-22 23:55:00+00:00,202.0,0.0005,1.0,17.675305866867227,Deribit 8h aggregation,259,1.2821782178217822,34,0.16831683168316833,75.24752475247524
nash_council,spot,1000.0,1714.2382461682416,714.2382461682416,71.42382461682418,5,25.0,463.45431422868535,-18.40658461472837,142.8476492336482,13.735132896779053,4.030138057265869,97.34585437710437,107.43042444959602,False,real,beta_spot_08,2023-10-20 00:00:00+00:00,2024-02-28 23:55:00+00:00,132.0,0.001,1.0,0.0,not charged,264,2.0,4,0.030303030303030304,78.03030303030303
nash_council,futures_5x,1000.0,1701.43637235906,701.43637235906,70.143637235906,5,50.0,435.81048761347404,-18.14466176218839,152.42065749353984,12.702533839793018,3.9121107048656594,97.472117003367,44.15974348855681,False,Deribit perp + Deribit 8h funding,beta_perp_08,2023-10-20 00:00:00+00:00,2024-02-28 23:55:00+00:00,132.0,0.0005,1.0,60.66691510863757,Deribit 8h aggregation,152,1.1515151515151516,4,0.030303030303030304,61.36363636363637
nash_council,spot,1000.0,1105.2187119618047,105.21871196180473,10.521871196180467,61,18.333333333333332,291.22609369336607,-53.227875397782725,1.724896917406602,39.98153671364662,0.46520894480432234,89.87832714329929,290.84704300057945,False,real,beta_spot_09,2024-01-18 00:00:00+00:00,2025-01-10 23:55:00+00:00,359.0,0.001,1.0,0.0,not charged,901,2.5097493036211698,60,0.1671309192200557,84.67966573816156
nash_council,futures_5x,1000.0,1248.2709775044175,248.2709775044175,24.82709775044174,60,27.11864406779661,369.1354333434208,-58.56117367057908,5.879801306483971,31.54917956780355,0.8126847985334983,89.55335035592695,119.31107482429498,False,Deribit perp + Deribit 8h funding,beta_perp_09,2024-01-18 00:00:00+00:00,2025-01-10 23:55:00+00:00,359.0,0.0005,1.0,104.51710088462058,Deribit 8h aggregation,484,1.3481894150417828,59,0.16434540389972144,70.75208913649026
nash_council,spot,1000.0,705.7582542095948,-294.24174579040516,-29.424174579040518,75,17.56756756756757,36.536654057603585,-29.720212788481405,-3.9232232772054143,32.08754323657355,-1.8680579547127167,75.93854427736007,164.57283951133886,False,real,beta_spot_10,2025-08-23 00:00:00+00:00,2026-05-15 23:55:00+00:00,266.0,0.001,1.0,0.0,not charged,627,2.357142857142857,74,0.2781954887218045,87.21804511278195
nash_council,futures_5x,1000.0,781.2624247246679,-218.73757527533212,-21.87375752753321,74,20.54794520547945,39.3663880474232,-46.49422083206995,-2.771498199234682,26.816417969891592,-1.2576138374229069,75.81323099415205,75.24279817235413,False,Deribit perp + Deribit 8h funding,beta_perp_10,2025-08-23 00:00:00+00:00,2026-05-15 23:55:00+00:00,266.0,0.0005,1.0,13.6467085319685,Deribit 8h aggregation,393,1.4774436090225564,73,0.2744360902255639,80.45112781954887
nash_council,spot,1000.0,1055.9637311725355,55.96373117253552,5.596373117253561,33,25.0,264.1699691519053,-49.882763456850185,1.6958706415920357,23.29916599526346,0.47906083951419853,87.51999709133217,139.13786135260003,False,real,beta_spot_11,2024-06-23 00:00:00+00:00,2024-12-30 23:55:00+00:00,191.0,0.001,1.0,0.0,not charged,494,2.586387434554974,32,0.16753926701570682,84.81675392670157
nash_council,futures_5x,1000.0,1146.5583046682075,146.55830466820748,14.655830466820753,35,38.23529411764706,313.8490995276528,-53.46948684804539,5.428729839112264,18.96826088331109,0.9473160208047748,87.25821698662013,57.03613716649071,False,Deribit perp + Deribit 8h funding,beta_perp_11,2024-06-23 00:00:00+00:00,2024-12-30 23:55:00+00:00,191.0,0.0005,1.0,43.44723970072214,Deribit 8h aggregation,247,1.293193717277487,34,0.17801047120418848,69.63350785340315
nash_council,spot,1000.0,845.5707386962134,-154.42926130378657,-15.442926130378654,37,13.88888888888889,129.1522087685374,-34.184600497533914,-4.173763819021249,21.402494682696112,-1.0543364743268477,87.3117053620785,127.23851518997841,False,real,beta_spot_12,2025-03-06 00:00:00+00:00,2025-09-22 23:55:00+00:00,201.0,0.001,1.0,0.0,not charged,444,2.208955223880597,36,0.1791044776119403,84.07960199004975
nash_council,futures_5x,1000.0,916.1410285119908,-83.85897148800916,-8.385897148800915,39,13.157894736842104,161.84146366582073,-31.6062972475074,-1.6252950027090736,18.88809230097948,-0.5114935850941189,87.3117053620785,57.50204292003235,False,Deribit perp + Deribit 8h funding,beta_perp_12,2025-03-06 00:00:00+00:00,2025-09-22 23:55:00+00:00,201.0,0.0005,1.0,20.472466382356025,Deribit 8h aggregation,292,1.4527363184079602,38,0.1890547263681592,75.62189054726367
nash_council,spot,1000.0,985.1665346381851,-14.833465361814888,-1.4833465361814846,40,23.076923076923077,275.4644354851798,-53.85116490644279,-0.37083663404534517,36.12507524882493,0.10594953335665992,88.1892099385818,168.8747367881779,False,real,beta_spot_13,2024-02-01 00:00:00+00:00,2024-08-17 23:55:00+00:00,199.0,0.001,1.0,0.0,not charged,478,2.4020100502512562,39,0.19597989949748743,82.41206030150754
nash_council,futures_5x,1000.0,1069.2364600676156,69.23646006761555,6.9236460067615635,38,28.94736842105263,383.37422642485325,-60.442604951370456,3.415889949309747,28.964418461105275,0.5193762556992749,87.85594639865997,69.06863619851978,False,Deribit perp + Deribit 8h funding,beta_perp_13,2024-02-01 00:00:00+00:00,2024-08-17 23:55:00+00:00,199.0,0.0005,1.0,60.56735800615526,Deribit 8h aggregation,272,1.3668341708542713,38,0.19095477386934673,71.85929648241206
nash_council,spot,1000.0,917.1388238643624,-82.8611761356376,-8.286117613563759,40,12.820512820512821,135.2460260979108,-89.26808015060723,-2.0715294033909464,30.881429479929434,-0.3553993082662823,84.86079255861365,159.92777726526066,False,real,beta_spot_14,2023-03-03 00:00:00+00:00,2023-10-06 23:55:00+00:00,218.0,0.001,1.0,0.0,not charged,510,2.3394495412844036,39,0.17889908256880735,89.90825688073394
nash_council,futures_5x,1000.0,1010.1845597603631,10.184559760363072,1.0184559760363143,38,16.216216216216218,270.31188084137574,-88.31331167246589,0.7590329341243812,26.214407780443693,0.20578938472050953,85.70177115188584,66.17804363445863,False,Deribit perp + Deribit 8h funding,beta_perp_14,2023-03-03 00:00:00+00:00,2023-10-06 23:55:00+00:00,218.0,0.0005,1.0,18.65869173636505,Deribit 8h aggregation,281,1.2889908256880733,37,0.16972477064220184,75.22935779816514
nash_council,spot,1000.0,939.5669136828358,-60.433086317164225,-6.043308631716426,40,12.820512820512821,135.2460260979108,-89.26808015060723,-1.5108271579291188,30.881429479929434,-0.1925604419209821,85.5880033964095,165.3488576069896,False,real,beta_spot_15,2023-03-03 00:00:00+00:00,2023-10-17 23:55:00+00:00,229.0,0.001,1.0,0.0,not charged,542,2.3668122270742358,39,0.1703056768558952,89.95633187772926
nash_council,futures_5x,1000.0,1035.974218325468,35.97421832546797,3.5974218325467877,38,16.216216216216218,270.31188084137574,-88.31331167246589,1.4671897936238367,26.214407780443693,0.33750050936896486,86.38858563803979,68.21784882994302,False,Deribit perp + Deribit 8h funding,beta_perp_15,2023-03-03 00:00:00+00:00,2023-10-17 23:55:00+00:00,229.0,0.0005,1.0,19.778993832239447,Deribit 8h aggregation,293,1.279475982532751,37,0.1615720524017467,74.67248908296943
nash_council,spot,1000.0,1046.2817463149904,46.281746314990414,4.628174631499049,66,13.846153846153847,272.01212651879433,-35.610344231948744,0.7012385805301414,36.08075126039971,0.3133096022394216,87.14041378173425,233.97888666396682,False,real,beta_spot_16,2024-08-12 00:00:00+00:00,2025-07-14 23:55:00+00:00,337.0,0.001,1.0,0.0,not charged,828,2.456973293768546,65,0.19287833827893175,84.56973293768546
nash_council,futures_5x,1000.0,1185.275064094794,185.27506409479406,18.5275064094794,67,19.696969696969695,311.36199015456543,-37.323172575882445,3.666368956806291,32.30057814883149,0.7392881090444774,87.28878173425652,100.45043920224178,False,Deribit perp + Deribit 8h funding,beta_perp_16,2024-08-12 00:00:00+00:00,2025-07-14 23:55:00+00:00,337.0,0.0005,1.0,60.371656011226136,Deribit 8h aggregation,456,1.3531157270029674,66,0.19584569732937684,70.32640949554896
nash_council,spot,1000.0,582.5248969371457,-417.47510306285426,-41.74751030628543,97,13.541666666666666,32.92119362633608,-81.9905331902978,-4.3038670418850975,43.189146914058796,-2.309166564843477,76.09613289760348,193.0156566757269,False,real,beta_spot_17,2025-07-20 00:00:00+00:00,2026-07-11 23:55:00+00:00,357.0,0.001,1.0,0.0,not charged,841,2.3557422969187676,96,0.2689075630252101,87.95518207282913
nash_council,futures_5x,1000.0,670.0506984728911,-329.9493015271089,-32.994930152710886,98,18.556701030927837,36.28454230498945,-61.842022731420116,-3.1659173986292313,34.75271532275313,-1.6521317962862365,75.90939153439153,89.65209383021035,False,Deribit perp + Deribit 8h funding,beta_perp_17,2025-07-20 00:00:00+00:00,2026-07-11 23:55:00+00:00,357.0,0.0005,1.0,19.68939646144294,Deribit 8h aggregation,524,1.4677871148459383,97,0.27170868347338933,78.99159663865547
nash_council,spot,1000.0,734.0977142037386,-265.90228579626137,-26.590228579626142,49,10.204081632653061,20.58243876489064,-33.645648212863144,-5.426577261148199,27.660266864146443,-2.1724923466111883,78.11447811447812,126.02934054326978,False,real,beta_spot_18,2025-12-09 00:00:00+00:00,2026-06-24 23:55:00+00:00,198.0,0.001,1.0,0.0,not charged,480,2.4242424242424243,49,0.2474747474747475,86.36363636363636
nash_council,futures_5x,1000.0,802.3653996996791,-197.63460030032093,-19.763460030032086,50,20.0,33.5647095672263,-51.3408554309864,-3.858549272663378,20.98259744017881,-1.481734700783842,78.11447811447812,58.386087584951476,False,Deribit perp + Deribit 8h funding,beta_perp_18,2025-12-09 00:00:00+00:00,2026-06-24 23:55:00+00:00,198.0,0.0005,1.0,4.707136667151251,Deribit 8h aggregation,301,1.52020202020202,50,0.25252525252525254,77.77777777777777
nash_council,spot,1000.0,1216.869887930423,216.86988793042292,21.686988793042296,16,20.0,307.4162521359205,-48.38432688010255,13.554367995651425,26.21434715974188,1.1074782986096623,95.60357932559425,172.86016158973027,False,real,beta_spot_19,2023-11-20 00:00:00+00:00,2024-06-07 23:55:00+00:00,201.0,0.001,1.0,0.0,not charged,448,2.228855721393035,15,0.07462686567164178,81.09452736318408
nash_council,futures_5x,1000.0,1262.6959921421264,262.69599214212644,26.269599214212636,15,21.428571428571427,399.69099454607573,-57.60479039604034,22.744195344954903,21.43659623007025,1.2686849634159632,95.1060668877833,69.5494979693592,False,Deribit perp + Deribit 8h funding,beta_perp_19,2023-11-20 00:00:00+00:00,2024-06-07 23:55:00+00:00,201.0,0.0005,1.0,78.4669380321965,Deribit 8h aggregation,265,1.318407960199005,14,0.06965174129353234,69.1542288557214
nash_council,spot,1000.0,800.9481028147594,-199.0518971852406,-19.905189718524063,50,16.3265306122449,46.682892360375476,-32.09217276008009,-3.981037943704798,24.747368422934414,-1.6953118046745048,71.74129948914431,113.30896394588311,False,real,beta_spot_20,2025-11-04 00:00:00+00:00,2026-04-26 23:55:00+00:00,174.0,0.001,1.0,0.0,not charged,403,2.3160919540229883,49,0.28160919540229884,87.93103448275862
nash_council,futures_5x,1000.0,865.6222864761312,-134.3777135238688,-13.437771352386886,50,22.448979591836736,57.33476748906603,-49.45261447654495,-2.5992462733820036,19.453984281358128,-1.025082506051466,71.93287037037037,52.81276680446568,False,Deribit perp + Deribit 8h funding,beta_perp_20,2025-11-04 00:00:00+00:00,2026-04-26 23:55:00+00:00,174.0,0.0005,1.0,4.415399854769563,Deribit 8h aggregation,260,1.4942528735632183,49,0.28160919540229884,79.88505747126437
nash_council,spot,1000.0,1164.0079051679825,164.00790516798247,16.40079051679826,24,21.73913043478261,159.9889830137495,-35.97839153371526,6.833662715332646,22.252517640861512,1.3296395351453225,89.00714573268921,107.01244702656132,False,real,beta_spot_21,2023-02-07 00:00:00+00:00,2023-06-24 23:55:00+00:00,138.0,0.001,1.0,0.0,not charged,345,2.5,23,0.16666666666666666,89.85507246376811
nash_council,futures_5x,1000.0,1238.3119282872701,238.31192828727012,23.831192828727012,22,23.80952380952381,264.8136635976279,-77.3851872164363,11.332932368496413,18.78168807135714,1.746985889722839,91.06028582930757,39.60571394560898,False,Deribit perp + Deribit 8h funding,beta_perp_21,2023-02-07 00:00:00+00:00,2023-06-24 23:55:00+00:00,138.0,0.0005,1.0,11.012583819654184,Deribit 8h aggregation,175,1.2681159420289856,21,0.15217391304347827,73.18840579710145
nash_council,spot,1000.0,840.2926484881428,-159.70735151185715,-15.97073515118571,51,12.0,114.66966467004269,-30.35129413045341,-3.1315166963109586,35.231393558396455,-0.7052058998089705,84.99164361456893,139.4996401287869,False,real,beta_spot_22,2024-12-03 00:00:00+00:00,2025-07-31 23:55:00+00:00,241.0,0.001,1.0,0.0,not charged,547,2.2697095435684647,50,0.2074688796680498,83.81742738589212
nash_council,futures_5x,1000.0,900.3332564443676,-99.66674355563237,-9.966674355563232,51,16.0,147.31170879232369,-28.768756477278885,-1.362866053160606,30.514598981246298,-0.38418091415902367,85.5448939603504,60.5261373308553,False,Deribit perp + Deribit 8h funding,beta_perp_22,2024-12-03 00:00:00+00:00,2025-07-31 23:55:00+00:00,241.0,0.0005,1.0,30.160574844439797,Deribit 8h aggregation,333,1.3817427385892116,50,0.2074688796680498,72.19917012448133
nash_council,spot,1000.0,680.5418665381833,-319.4581334618167,-31.945813346181673,52,17.647058823529413,48.47904527940154,-123.87870320704099,-6.1434256434964585,39.98153671364616,-2.155256572359067,84.93901579244219,122.04198161697678,False,real,beta_spot_23,2024-03-11 00:00:00+00:00,2024-09-23 23:55:00+00:00,197.0,0.001,1.0,0.0,not charged,521,2.6446700507614214,51,0.25888324873096447,88.83248730964468
nash_council,futures_5x,1000.0,776.7163698147426,-223.28363018525738,-22.328363018525742,51,26.0,29.240303895363958,-42.80839719451099,-3.92966322299245,31.442156088457512,-1.3753825148634464,84.26219684151157,52.195324491292034,False,Deribit perp + Deribit 8h funding,beta_perp_23,2024-03-11 00:00:00+00:00,2024-09-23 23:55:00+00:00,197.0,0.0005,1.0,22.870805812642374,Deribit 8h aggregation,298,1.5126903553299493,50,0.25380710659898476,78.68020304568527
defensive_forecast,spot,1000.0,1412.8954351306909,412.8954351306909,41.289543513069084,364,51.239669421487605,181.87508272634173,-46.52285940724135,1.1343281184909095,17.536821747192096,0.6030743351184237,28.279479428093392,253.44970225963368,False,real,inner_train,2017-01-01 00:00:00+00:00,2020-12-31 23:55:00+00:00,1461.0,0.001,1.0,0.0,not charged,1858,1.271731690622861,363,0.24845995893223818,46.338124572210816
defensive_forecast,spot,1000.0,1037.8254915933558,37.825491593355764,3.78254915933558,216,56.01851851851852,76.10966797986484,-20.431581774118158,0.17511801663589188,7.742349047943284,0.258745273698503,20.525114155251142,86.81455068468173,False,real,inner_val,2021-01-01 00:00:00+00:00,2022-12-31 23:55:00+00:00,730.0,0.001,1.0,0.0,not charged,781,1.0698630136986302,216,0.2958904109589041,42.054794520547944
defensive_forecast,spot,1000.0,1060.5407613426366,60.54076134263664,6.054076134263675,217,43.31797235023041,39.10866822065518,-10.619036270738482,0.27898968360661053,4.582794457469093,0.44595629486773986,13.835911772370821,74.78634108659458,False,real,holdout,2023-01-01 00:00:00+00:00,2026-08-12 00:40:00+00:00,1319.03125,0.001,1.0,0.0,not charged,770,0.5837617569712621,217,0.1645146769646284,26.96969696969697
defensive_forecast,spot,1000.0,859.8711934191675,-140.12880658083247,-14.01288065808325,217,18.89400921658986,26.375316031366644,-16.074870159183927,-0.6457548690360925,16.78932801293081,-1.0665435642131589,13.835911772370821,268.8558929512782,False,real,fee_stress,2023-01-01 00:00:00+00:00,2026-08-12 00:40:00+00:00,1319.03125,0.004,1.0,0.0,not charged,770,0.5837617569712621,217,0.1645146769646284,26.96969696969697
defensive_forecast,spot,1000.0,1030.5213987699208,30.52139876992078,3.052139876992088,179,44.134078212290504,58.25793559282335,-11.58790176421514,0.17051060765317685,6.571273242114989,0.19927461567991758,16.36879440096724,61.5171570100121,False,Coinbase ETH spot,eth_holdout,2023-01-01 00:00:00+00:00,2026-08-12 00:40:00+00:00,1319.03125,0.001,1.0,0.0,not charged,722,0.547371413679547,179,0.13570565519202066,26.96969696969697
defensive_forecast,futures_5x,1000.0,1067.0568099785457,67.05680997854574,6.7056809978545795,237,59.91561181434599,26.087856480574864,-29.42654489344816,0.34778162581407607,11.12671768596503,0.377463351986156,22.602739726027398,38.50907901251333,False,Deribit perp + Deribit 8h funding,funded_val,2021-01-01 00:00:00+00:00,2022-12-31 23:55:00+00:00,730.0,0.0005,1.0,15.367435339389843,Deribit 8h aggregation,508,0.6958904109589041,237,0.32465753424657534,42.465753424657535
defensive_forecast,futures_5x,1000.0,1118.9562097831063,118.95620978310626,11.895620978310628,242,50.413223140495866,54.33788415757448,-11.873300498129613,0.5399688680135012,5.230575056404563,0.7779979174009686,14.27815552765208,29.782430206588586,False,Deribit perp + Deribit 8h funding,funded_holdout,2023-01-01 00:00:00+00:00,2026-08-12 00:40:00+00:00,1319.03125,0.0005,1.0,11.716256276160724,Deribit 8h aggregation,495,0.3752754151958113,242,0.18346798076239665,23.560606060606062
defensive_forecast,spot,1000.0,1608.830063851644,608.8300638516439,60.88300638516439,796,50.879396984924625,183.48254951772384,-47.05642731822911,0.7648618892608651,17.06733672427815,0.4827930853192684,21.239127144523287,494.4526741724173,False,real,full_spot,2017-01-01 00:00:00+00:00,2026-08-12 00:40:00+00:00,3510.03125,0.001,0.0,0.0,not charged,3409,0.9712164243551963,796,0.2267786077403157,38.16576473939049
defensive_forecast,futures_5x,1000.0,1999.0555403239005,999.0555403239005,99.90555403239006,796,55.27638190954774,141.405635352714,-36.457038569709546,1.2550948999043994,14.352604226792876,0.6910584873519018,21.239127144523287,178.16702805008885,False,spot (perp proxy),full_proxy,2017-01-01 00:00:00+00:00,2026-08-12 00:40:00+00:00,3510.03125,0.0005,0.0,0.0,not charged,1737,0.4948673890011663,796,0.2267786077403157,31.92822557675876
defensive_forecast,spot,1000.0,1008.32782564122,8.327825641219988,0.8327825641220032,53,50.943396226415096,26.23723615791728,-5.895226423542222,0.1571287856834021,2.867643226789833,0.3533726350624436,18.425076452599388,17.623687063069088,False,real,beta_spot_00,2024-06-20 00:00:00+00:00,2025-01-23 23:55:00+00:00,218.0,0.001,1.0,0.0,not charged,197,0.9036697247706422,53,0.24311926605504589,37.15596330275229
defensive_forecast,futures_5x,1000.0,1028.2262460261704,28.22624602617043,2.822624602617041,53,56.60377358490566,28.130160372546552,-4.090657260192524,0.5693772812528027,1.843072621208513,1.127578683079401,18.501529051987767,5.86433521032501,False,Deribit perp + Deribit 8h funding,beta_perp_00,2024-06-20 00:00:00+00:00,2025-01-23 23:55:00+00:00,218.0,0.0005,1.0,1.9507498802272032,Deribit 8h aggregation,110,0.5045871559633027,53,0.24311926605504589,29.357798165137616
defensive_forecast,spot,1000.0,1045.227814768463,45.22781476846308,4.522781476846305,71,45.070422535211264,37.79188118763228,-10.261493815300872,0.6370114756121517,3.0400759173045513,0.8808526700301823,20.88293650793651,28.02616831224072,False,real,beta_spot_01,2023-05-19 00:00:00+00:00,2024-04-18 23:55:00+00:00,336.0,0.001,1.0,0.0,not charged,279,0.8303571428571429,71,0.2113095238095238,37.5
defensive_forecast,futures_5x,1000.0,1059.1159312435748,59.11593124357478,5.911593124357473,78,55.12820512820513,52.00704488443172,-11.363991835638966,0.8558860185811857,5.230575056404567,0.9717086127347949,20.734126984126984,9.444843260809618,False,Deribit perp + Deribit 8h funding,beta_perp_01,2023-05-19 00:00:00+00:00,2024-04-18 23:55:00+00:00,336.0,0.0005,1.0,7.6431782057589706,Deribit 8h aggregation,161,0.4791666666666667,78,0.23214285714285715,30.05952380952381
defensive_forecast,spot,1000.0,1005.243641409025,5.243641409025031,0.5243641409025113,59,49.152542372881356,26.215974044991164,-5.890449054112296,0.08887527811907556,2.8676432267897813,0.21469117835997628,16.536458333333332,18.795853308937666,False,real,beta_spot_02,2024-05-04 00:00:00+00:00,2025-01-14 23:55:00+00:00,256.0,0.001,1.0,0.0,not charged,208,0.8125,59,0.23046875,34.765625
defensive_forecast,futures_5x,1000.0,1019.1938173583823,19.19381735838226,1.9193817358382326,61,54.09836065573771,28.060677863526788,-4.080553189465098,0.34649426089176477,1.8430726212085504,0.728285512115649,16.796875,6.926574212456586,False,Deribit perp + Deribit 8h funding,beta_perp_02,2024-05-04 00:00:00+00:00,2025-01-14 23:55:00+00:00,256.0,0.0005,1.0,1.9423325560144657,Deribit 8h aggregation,126,0.4921875,61,0.23828125,30.859375
defensive_forecast,spot,1000.0,981.9721370703363,-18.027862929663684,-1.802786292966363,27,25.925925925925927,5.460361660010836,-7.114094616705335,-0.6676986270245829,2.434765579638718,-2.2574814059639214,4.345238095238095,5.945652153106423,False,real,beta_spot_03,2025-05-10 00:00:00+00:00,2026-02-13 23:55:00+00:00,280.0,0.001,1.0,0.0,not charged,69,0.24642857142857144,27,0.09642857142857143,13.214285714285714
defensive_forecast,futures_5x,1000.0,993.1846915685203,-6.815308431479707,-0.6815308431479705,24,33.333333333333336,6.338017852806683,-5.686514883924617,-0.2705667826231869,1.9461934701616137,-0.864147671953145,4.226190476190476,2.676408031656935,False,Deribit perp + Deribit 8h funding,beta_perp_03,2025-05-10 00:00:00+00:00,2026-02-13 23:55:00+00:00,280.0,0.0005,1.0,0.32170564852352956,Deribit 8h aggregation,48,0.17142857142857143,24,0.08571428571428572,11.428571428571429
defensive_forecast,spot,1000.0,1023.7431029104325,23.743102910432526,2.3743102910432468,38,51.351351351351354,18.29596806141704,-2.2249186720810723,0.6248184976429764,1.505043694433783,1.1825300768946163,15.324888330541597,12.28238563310344,False,real,beta_spot_04,2023-06-07 00:00:00+00:00,2023-12-22 23:55:00+00:00,199.0,0.001,1.0,0.0,not charged,129,0.6482412060301508,37,0.18592964824120603,32.663316582914575
defensive_forecast,futures_5x,1000.0,1015.2809775346057,15.280977534605654,1.5280977534605666,38,54.054054054054056,22.31306458469436,-8.641852348735457,0.4523015067479211,2.1038553789467627,0.7206647853109766,14.4036152987158,4.143701660784713,False,Deribit perp + Deribit 8h funding,beta_perp_04,2023-06-07 00:00:00+00:00,2023-12-22 23:55:00+00:00,199.0,0.0005,1.0,1.9064797218151155,Deribit 8h aggregation,77,0.3869346733668342,37,0.18592964824120603,26.13065326633166
defensive_forecast,spot,1000.0,1013.768954971514,13.76895497151395,1.376895497151387,65,40.0,18.365194980076044,-9.091841298074335,0.21183007648482605,2.2608984721269345,0.4072973989108489,17.086834733893557,21.336743031649156,False,real,beta_spot_05,2023-01-27 00:00:00+00:00,2024-01-18 23:55:00+00:00,357.0,0.001,1.0,0.0,not charged,234,0.6554621848739496,65,0.18207282913165265,33.05322128851541
defensive_forecast,futures_5x,1000.0,1036.86887984477,36.868879844769936,3.686887984476983,84,50.0,28.367998178216205,-8.898405699514404,0.4728939981000546,2.935445171593804,0.9720009811654131,17.553688141923438,10.022310338087783,False,Deribit perp + Deribit 8h funding,beta_perp_05,2023-01-27 00:00:00+00:00,2024-01-18 23:55:00+00:00,357.0,0.0005,1.0,2.8542159956326807,Deribit 8h aggregation,172,0.48179271708683474,84,0.23529411764705882,30.532212885154063
defensive_forecast,spot,1000.0,1041.6879712723883,41.68797127238827,4.1687971272388324,81,41.97530864197531,37.76051790557308,-10.252977855926353,0.5146663120048018,3.040075917304564,0.7970088456696461,20.773638968481375,30.509313761255214,False,real,beta_spot_06,2023-07-05 00:00:00+00:00,2024-06-17 23:55:00+00:00,349.0,0.001,1.0,0.0,not charged,305,0.8739255014326648,81,0.23209169054441262,38.96848137535817
defensive_forecast,futures_5x,1000.0,1055.3001094342965,55.30010943429647,5.530010943429642,86,53.48837209302326,52.04854795886236,-11.373060618532346,0.7326610355363671,5.230575056404558,0.8895315167543142,21.298949379178605,10.741439609232488,False,Deribit perp + Deribit 8h funding,beta_perp_06,2023-07-05 00:00:00+00:00,2024-06-17 23:55:00+00:00,349.0,0.0005,1.0,7.708739621830519,Deribit 8h aggregation,177,0.5071633237822349,86,0.24641833810888253,32.664756446991404
defensive_forecast,spot,1000.0,1015.3564232742433,15.356423274243298,1.5356423274243358,18,27.77777777777778,15.286330066841339,-2.3790927735752367,0.8531346263468753,0.9254648999458612,1.0347686657770299,10.726072607260726,6.227633682775814,False,real,beta_spot_07,2023-03-05 00:00:00+00:00,2023-09-22 23:55:00+00:00,202.0,0.001,1.0,0.0,not charged,72,0.3564356435643564,18,0.0891089108910891,20.297029702970296
defensive_forecast,futures_5x,1000.0,1023.3515231098662,23.351523109866207,2.3351523109866212,24,41.666666666666664,28.297468476557892,-6.991081339395487,0.9893991409230506,1.1708802368424582,1.4967096698230131,11.386138613861386,2.813088820296996,False,Deribit perp + Deribit 8h funding,beta_perp_07,2023-03-05 00:00:00+00:00,2023-09-22 23:55:00+00:00,202.0,0.0005,1.0,0.3940562722875987,Deribit 8h aggregation,50,0.24752475247524752,24,0.1188118811881188,17.821782178217823
defensive_forecast,spot,1000.0,1030.3729923537348,30.372992353734844,3.0372992353734807,48,46.808510638297875,18.29321082044107,-9.05620494593731,0.6327706740361425,2.2608984721269887,1.5927905771214859,32.57312710437711,17.588564851594896,False,real,beta_spot_08,2023-10-20 00:00:00+00:00,2024-02-28 23:55:00+00:00,132.0,0.001,1.0,0.0,not charged,177,1.3409090909090908,47,0.3560606060606061,59.84848484848485
defensive_forecast,futures_5x,1000.0,1050.5770493673456,50.57704936734558,5.057704936734564,51,64.0,22.402140270533508,-8.676351371581996,1.0489815522746226,2.935445171593679,2.4242626601044357,30.931712962962962,6.44706749711061,False,Deribit perp + Deribit 8h funding,beta_perp_08,2023-10-20 00:00:00+00:00,2024-02-28 23:55:00+00:00,132.0,0.0005,1.0,2.9210097986607417,Deribit 8h aggregation,104,0.7878787878787878,50,0.3787878787878788,49.24242424242424
defensive_forecast,spot,1000.0,1038.988183800975,38.988183800975094,3.898818380097513,86,45.348837209302324,37.435831240419894,-10.164816851454582,0.45335097442995115,3.1633917130718463,0.7159934816032173,21.91272051996286,33.64925956213964,False,real,beta_spot_09,2024-01-18 00:00:00+00:00,2025-01-10 23:55:00+00:00,359.0,0.001,1.0,0.0,not charged,342,0.9526462395543176,86,0.2395543175487465,40.11142061281337
defensive_forecast,futures_5x,1000.0,1070.7839384774707,70.78393847747066,7.0783938477470665,89,55.056179775280896,51.68965728596472,-11.294639883692312,0.8790533669738555,5.230575056404548,1.1065337532204464,21.959145775301764,11.064322174831819,False,Deribit perp + Deribit 8h funding,beta_perp_09,2024-01-18 00:00:00+00:00,2025-01-10 23:55:00+00:00,359.0,0.0005,1.0,7.451811183204425,Deribit 8h aggregation,185,0.5153203342618384,89,0.2479108635097493,32.31197771587744
defensive_forecast,spot,1000.0,984.1983607073385,-15.801639292661548,-1.580163929266154,18,27.77777777777778,1.196749651966571,-5.377839734083485,-0.8778688495923064,1.6849558234631363,-3.319274320778166,2.130325814536341,3.028511458833348,False,real,beta_spot_10,2025-08-23 00:00:00+00:00,2026-05-15 23:55:00+00:00,266.0,0.001,1.0,0.0,not charged,42,0.15789473684210525,18,0.06766917293233082,8.270676691729323
defensive_forecast,futures_5x,1000.0,985.3776306994921,-14.622369300507899,-1.4622369300507865,18,22.22222222222222,1.381794210042798,-5.656287414013623,-0.8085612982950902,1.6664547798590903,-2.280778419338514,3.007518796992481,1.8036511252713738,False,Deribit perp + Deribit 8h funding,beta_perp_10,2025-08-23 00:00:00+00:00,2026-05-15 23:55:00+00:00,266.0,0.0005,1.0,0.06826593119638266,Deribit 8h aggregation,36,0.13533834586466165,18,0.06766917293233082,9.022556390977444
defensive_forecast,spot,1000.0,1006.4825590463029,6.4825590463028675,0.6482559046302905,48,52.083333333333336,26.23723615791728,-5.895226423542222,0.13505331346464425,2.867643226789833,0.30551995853670233,19.458987783595113,16.26143904808181,False,real,beta_spot_11,2024-06-23 00:00:00+00:00,2024-12-30 23:55:00+00:00,191.0,0.001,1.0,0.0,not charged,181,0.9476439790575916,48,0.2513089005235602,39.26701570680628
defensive_forecast,futures_5x,1000.0,1022.2110854081149,22.211085408114855,2.2211085408114783,49,57.142857142857146,28.130160372546552,-4.090657260192524,0.48929116565309366,1.843072621208513,1.0042817754260362,18.93542757417103,5.483526074056074,False,Deribit perp + Deribit 8h funding,beta_perp_11,2024-06-23 00:00:00+00:00,2024-12-30 23:55:00+00:00,191.0,0.0005,1.0,1.7641817088860619,Deribit 8h aggregation,102,0.5340314136125655,49,0.25654450261780104,31.413612565445025
defensive_forecast,spot,1000.0,996.2315004983652,-3.7684995016347784,-0.37684995016348255,31,43.333333333333336,5.467174783285367,-7.122971172257586,-0.12156450005274913,1.0951734899752048,-0.5502320032033934,8.290146489773356,7.340556912148077,False,real,beta_spot_12,2025-03-06 00:00:00+00:00,2025-09-22 23:55:00+00:00,201.0,0.001,1.0,0.0,not charged,82,0.4079601990049751,30,0.14925373134328357,18.90547263681592
defensive_forecast,futures_5x,1000.0,1008.775045770357,8.775045770356996,0.8775045770357037,30,48.275862068965516,6.359220302887396,-2.221859960697029,0.30297707345118435,0.5123423077383245,1.2772107249123654,8.538902708678828,3.138787819801953,False,Deribit perp + Deribit 8h funding,beta_perp_12,2025-03-06 00:00:00+00:00,2025-09-22 23:55:00+00:00,201.0,0.0005,1.0,0.3142664331787211,Deribit 8h aggregation,59,0.2935323383084577,29,0.14427860696517414,16.915422885572138
defensive_forecast,spot,1000.0,1024.7448706790713,24.744870679071255,2.4744870679071163,44,40.90909090909091,37.46688501432255,-10.173248771190568,0.5623834245243479,3.0400759173045717,0.7373346810122275,22.02680067001675,18.704725578122876,False,real,beta_spot_13,2024-02-01 00:00:00+00:00,2024-08-17 23:55:00+00:00,199.0,0.001,1.0,0.0,not charged,179,0.8994974874371859,44,0.22110552763819097,39.698492462311556
defensive_forecast,futures_5x,1000.0,1038.941624005777,38.94162400577693,3.8941624005776942,46,52.17391304347826,51.57598983000698,-11.269802555512035,0.9687212677656138,5.230575056404568,0.9509147114427298,22.445561139028477,5.972411548078967,False,Deribit perp + Deribit 8h funding,beta_perp_13,2024-02-01 00:00:00+00:00,2024-08-17 23:55:00+00:00,199.0,0.0005,1.0,5.619554311439846,Deribit 8h aggregation,95,0.47738693467336685,46,0.23115577889447236,31.155778894472363
defensive_forecast,spot,1000.0,1015.3732241364554,15.373224136455406,1.5373224136455477,19,31.57894736842105,15.286583006123866,-2.3791321398597876,0.8091170598134468,0.9254648999458449,0.9969221147021852,10.015290519877675,6.354204073348687,False,real,beta_spot_14,2023-03-03 00:00:00+00:00,2023-10-06 23:55:00+00:00,218.0,0.001,1.0,0.0,not charged,74,0.3394495412844037,19,0.0871559633027523,19.26605504587156
defensive_forecast,futures_5x,1000.0,1023.4126063328235,23.412606332823543,2.3412606332823493,27,44.44444444444444,28.30311076761789,-6.992475305635758,0.882028676401662,1.1708802368424853,1.4410628708581354,11.009174311926605,3.076979487183459,False,Deribit perp + Deribit 8h funding,beta_perp_14,2023-03-03 00:00:00+00:00,2023-10-06 23:55:00+00:00,218.0,0.0005,1.0,0.40216793002156215,Deribit 8h aggregation,56,0.25688073394495414,27,0.12385321100917432,17.889908256880734
defensive_forecast,spot,1000.0,1015.2272291772907,15.227229177290724,1.5227229177290802,20,30.0,15.286583006123866,-2.3791321398597876,0.7613614588645415,0.9254648999458449,0.9633689928194372,9.606986899563319,6.482563210905154,False,real,beta_spot_15,2023-03-03 00:00:00+00:00,2023-10-17 23:55:00+00:00,229.0,0.001,1.0,0.0,not charged,76,0.3318777292576419,20,0.08733624454148471,19.213973799126638
defensive_forecast,futures_5x,1000.0,1023.2471682861124,23.247168286112355,2.3247168286112396,28,42.857142857142854,28.30311076761789,-6.992475305635758,0.8446191505762057,1.2131142998858666,1.3951686280481075,10.553129548762737,3.193136915266695,False,Deribit perp + Deribit 8h funding,beta_perp_15,2023-03-03 00:00:00+00:00,2023-10-17 23:55:00+00:00,229.0,0.0005,1.0,0.40216793002156215,Deribit 8h aggregation,58,0.25327510917030566,28,0.1222707423580786,17.467248908296945
defensive_forecast,spot,1000.0,1010.9830635100099,10.983063510009856,1.0983063510009883,84,50.602409638554214,26.402760071996134,-5.9324178771744895,0.13075075607154335,2.8676432267898044,0.3626449635712896,16.616180349488953,24.64829717139734,False,real,beta_spot_16,2024-08-12 00:00:00+00:00,2025-07-14 23:55:00+00:00,337.0,0.001,1.0,0.0,not charged,275,0.8160237388724035,83,0.24629080118694363,35.01483679525222
defensive_forecast,futures_5x,1000.0,1039.8843079616229,39.88430796162288,3.98843079616229,85,53.57142857142857,28.313659086596775,-4.117341443180628,0.4955248916798451,1.8430726212084807,1.2327401897536006,17.011828222881636,9.275807844641992,False,Deribit perp + Deribit 8h funding,beta_perp_16,2024-08-12 00:00:00+00:00,2025-07-14 23:55:00+00:00,337.0,0.0005,1.0,2.235307831163809,Deribit 8h aggregation,173,0.5133531157270029,84,0.24925816023738873,29.673590504451038
defensive_forecast,spot,1000.0,984.0515070240456,-15.948492975954423,-1.5948492975954465,19,26.31578947368421,1.1965710831928489,-5.377037298716145,-0.8393943671554972,1.6991993242214671,-2.876176581471529,1.6339869281045751,3.2013001856344068,False,real,beta_spot_17,2025-07-20 00:00:00+00:00,2026-07-11 23:55:00+00:00,357.0,0.001,1.0,0.0,not charged,44,0.12324929971988796,19,0.05322128851540616,6.442577030812325
defensive_forecast,futures_5x,1000.0,985.3744346497033,-14.62556535029671,-1.4625565350296688,20,25.0,1.3817897282249083,-5.656269067974875,-0.7278518173430789,1.6664547798591434,-1.958889603392434,2.3342670401493932,1.9617183648589436,False,Deribit perp + Deribit 8h funding,beta_perp_17,2025-07-20 00:00:00+00:00,2026-07-11 23:55:00+00:00,357.0,0.0005,1.0,0.06852900343500208,Deribit 8h aggregation,40,0.11204481792717087,20,0.056022408963585436,7.282913165266106
defensive_forecast,spot,1000.0,995.8520258448281,-4.147974155171937,-0.4147974155171985,8,37.5,1.2109200877793298,-4.299420803880986,-0.5184967693964764,0.6060799831813296,-1.4946840080188863,1.430976430976431,1.2942769303687176,False,real,beta_spot_18,2025-12-09 00:00:00+00:00,2026-06-24 23:55:00+00:00,198.0,0.001,1.0,0.0,not charged,20,0.10101010101010101,8,0.04040404040404041,5.555555555555555
defensive_forecast,futures_5x,1000.0,995.8709738518734,-4.129026148126627,-0.4129026148126602,10,30.0,1.3965090161843374,-3.8356468098580274,-0.4068249204092491,0.6712181871195256,-0.9101658061793592,2.861952861952862,0.9379519917976036,False,Deribit perp + Deribit 8h funding,beta_perp_18,2025-12-09 00:00:00+00:00,2026-06-24 23:55:00+00:00,198.0,0.0005,1.0,0.0607769440342839,Deribit 8h aggregation,20,0.10101010101010101,10,0.050505050505050504,7.575757575757576
defensive_forecast,spot,1000.0,1016.81652322129,16.816523221290026,1.6816523221290014,57,35.08771929824562,36.87556504060882,-10.012689781734425,0.295026723180521,3.0400759173045824,0.5011223586630944,27.197346600331674,22.64603293746026,False,real,beta_spot_19,2023-11-20 00:00:00+00:00,2024-06-07 23:55:00+00:00,201.0,0.001,1.0,0.0,not charged,222,1.1044776119402986,57,0.2835820895522388,48.756218905472636
defensive_forecast,futures_5x,1000.0,1036.096197648996,36.09619764899594,3.6096197648995965,57,56.14035087719298,51.104683651216575,-11.166818054474493,0.7388996307530222,5.230575056404562,0.8655232518278781,27.446102819237147,7.483836088454661,False,Deribit perp + Deribit 8h funding,beta_perp_19,2023-11-20 00:00:00+00:00,2024-06-07 23:55:00+00:00,201.0,0.0005,1.0,6.021081303926258,Deribit 8h aggregation,117,0.582089552238806,57,0.2835820895522388,38.308457711442784
defensive_forecast,spot,1000.0,989.6854701397989,-10.314529860201105,-1.0314529860201094,8,25.0,1.203707297961714,-5.409105341745772,-1.2893162325251328,1.0862994630537046,-3.41961111082102,1.628352490421456,1.468014937686371,False,real,beta_spot_20,2025-11-04 00:00:00+00:00,2026-04-26 23:55:00+00:00,174.0,0.001,1.0,0.0,not charged,20,0.11494252873563218,8,0.04597701149425287,6.32183908045977
defensive_forecast,futures_5x,1000.0,990.0246741932378,-9.975325806762157,-0.9975325806762192,10,30.0,1.388054917658208,-5.681915225615733,-0.9925452014918388,1.1486108322082542,-2.224304159843647,2.681992337164751,0.9996210658904386,False,Deribit perp + Deribit 8h funding,beta_perp_20,2025-11-04 00:00:00+00:00,2026-04-26 23:55:00+00:00,174.0,0.0005,1.0,0.04987379184362898,Deribit 8h aggregation,20,0.11494252873563218,10,0.05747126436781609,8.045977011494253
defensive_forecast,spot,1000.0,1009.0833100130617,9.083310013061691,0.9083310013061618,17,18.75,15.182351929492405,-6.115720782718979,0.5343123537095528,1.1421543898948425,0.7082566583919461,16.664150563607084,6.545252477104681,False,real,beta_spot_21,2023-02-07 00:00:00+00:00,2023-06-24 23:55:00+00:00,138.0,0.001,1.0,0.0,not charged,72,0.5217391304347826,16,0.11594202898550725,28.26086956521739
defensive_forecast,futures_5x,1000.0,1030.5331620939764,30.533162093976443,3.0533162093976385,28,48.148148148148145,28.399168221027985,-7.016206950415257,1.1110107738974508,1.1135705603603476,2.2392680241923246,17.388788244766506,3.5272925531530217,False,Deribit perp + Deribit 8h funding,beta_perp_21,2023-02-07 00:00:00+00:00,2023-06-24 23:55:00+00:00,138.0,0.0005,1.0,0.5751395751524623,Deribit 8h aggregation,57,0.41304347826086957,27,0.1956521739130435,26.81159420289855
defensive_forecast,spot,1000.0,990.9815967507576,-9.018403249242397,-0.9018403249242413,61,44.26229508196721,6.804315454921554,-7.085777587644064,-0.1478426762170863,1.1163780447092286,-0.6640236167869858,12.033195020746888,14.164814360860191,False,real,beta_spot_22,2024-12-03 00:00:00+00:00,2025-07-31 23:55:00+00:00,241.0,0.001,1.0,0.0,not charged,161,0.6680497925311203,61,0.25311203319502074,31.12033195020747
defensive_forecast,futures_5x,1000.0,1012.07092289668,12.070922896680031,1.2070922896679992,60,46.666666666666664,7.999770148326064,-3.1201016928124234,0.21067543543836778,0.9423173387460522,0.7664324820768497,12.448132780082988,6.270619901184361,False,Deribit perp + Deribit 8h funding,beta_perp_22,2024-12-03 00:00:00+00:00,2025-07-31 23:55:00+00:00,241.0,0.0005,1.0,0.5696032296220138,Deribit 8h aggregation,120,0.4979253112033195,60,0.24896265560165975,28.21576763485477
defensive_forecast,spot,1000.0,980.1363003669321,-19.86369963306788,-1.9863699633067888,45,48.888888888888886,1.6534354465418448,-9.68724733236005,-0.44141554740150674,2.9342519138536955,-0.982650621244688,11.59052453468697,12.898342743376661,False,real,beta_spot_23,2024-03-11 00:00:00+00:00,2024-09-23 23:55:00+00:00,197.0,0.001,1.0,0.0,not charged,137,0.6954314720812182,45,0.22842639593908629,31.472081218274113
defensive_forecast,futures_5x,1000.0,978.6356619349692,-21.36433806503078,-2.1364338065030797,42,47.61904761904762,12.073866551346512,-10.616507075405433,-0.48467778648107657,3.8050903239823275,-1.1164096739121112,12.690355329949238,4.8547414285321375,False,Deribit perp + Deribit 8h funding,beta_perp_23,2024-03-11 00:00:00+00:00,2024-09-23 23:55:00+00:00,197.0,0.0005,1.0,1.007871032825794,Deribit 8h aggregation,84,0.4263959390862944,42,0.2131979695431472,27.918781725888326
sleeping_council,spot,1000.0,24424.573062244406,23424.573062244406,2342.457306224441,2,0.0,23480.1966742465,-55.62361200209408,11712.286531122203,83.9396922283389,1.341488066418023,94.45561449539889,4.56203872317956,False,real,inner_train,2017-01-01 00:00:00+00:00,2020-12-31 23:55:00+00:00,1461.0,0.001,1.0,0.0,not charged,36,0.024640657084188913,1,0.0006844626967830253,0.9582477754962354
sleeping_council,spot,1000.0,584.8993681545451,-415.1006318454549,-41.5100631845455,1,0.0,-415.100631845455,-415.100631845455,-415.100631845455,76.5317498521083,0.07232180824082537,99.99952435312025,0.9747276630678208,False,real,inner_val,2021-01-01 00:00:00+00:00,2022-12-31 23:55:00+00:00,730.0,0.001,1.0,0.0,not charged,1,0.0013698630136986301,0,0.0,0.136986301369863
sleeping_council,spot,1000.0,3769.5775943486005,2769.5775943486005,276.95775943486007,1,0.0,2769.5775943486005,2769.5775943486005,2769.5775943486005,53.77816688053425,1.0218108156778891,99.99973675966947,0.9747276630678208,False,real,holdout,2023-01-01 00:00:00+00:00,2026-08-12 00:40:00+00:00,1319.03125,0.001,1.0,0.0,not charged,1,0.00075813215191073,0,0.0,0.07575757575757576
sleeping_council,spot,1000.0,3758.3443111150505,2758.3443111150505,275.834431111505,1,0.0,2758.3443111150505,2758.3443111150505,2758.3443111150505,53.77752995467042,1.0200467319616227,99.99973675966947,3.887201039740686,False,real,fee_stress,2023-01-01 00:00:00+00:00,2026-08-12 00:40:00+00:00,1319.03125,0.004,1.0,0.0,not charged,1,0.00075813215191073,0,0.0,0.07575757575757576
sleeping_council,spot,1000.0,1567.0048890147873,567.0048890147873,56.70048890147874,1,0.0,567.0048890147872,567.0048890147872,567.0048890147872,69.33105829710684,0.5106304535983659,99.99973659047986,0.9924420804441824,False,Coinbase ETH spot,eth_holdout,2023-01-01 00:00:00+00:00,2026-08-12 00:40:00+00:00,1319.03125,0.001,1.0,0.0,not charged,1,0.00075813215191073,0,0.0,0.07575757575757576
sleeping_council,futures_5x,1000.0,549.8515141746686,-450.14848582533136,-45.01484858253314,1,0.0,-277.5901094060327,-277.5901094060327,-277.5901094060327,67.21812529939376,-0.1611218878760903,99.99952435312025,1.4070762233095182,False,Deribit perp + Deribit 8h funding,funded_val,2021-01-01 00:00:00+00:00,2022-12-31 23:55:00+00:00,730.0,0.0005,1.0,172.5583764193007,Deribit 8h aggregation,8,0.010958904109589041,0,0.0,1.095890410958904
sleeping_council,futures_5x,1000.0,2317.167013932537,1317.167013932537,131.7167013932537,1,0.0,1936.020271941035,1936.020271941035,1936.020271941035,54.205613350078806,0.7461881731756372,99.99973675966947,3.3790117700081685,False,Deribit perp + Deribit 8h funding,funded_holdout,2023-01-01 00:00:00+00:00,2026-08-12 00:40:00+00:00,1319.03125,0.0005,1.0,618.8532580084963,Deribit 8h aggregation,15,0.01137198227866095,0,0.0,1.1363636363636365
sleeping_council,spot,1000.0,53759.10432193479,52759.10432193479,5275.910432193479,2,0.0,52814.55724129582,-55.45291936102312,26379.5521609674,83.94016152237917,0.9290296036234845,97.69222931498908,4.563396512354446,False,real,full_spot,2017-01-01 00:00:00+00:00,2026-08-12 00:40:00+00:00,3510.03125,0.001,0.0,0.0,not charged,36,0.010256318943029353,1,0.00028489774841748206,0.39874679578467676
sleeping_council,futures_5x,1000.0,41619.57970742414,40619.57970742414,4061.9579707424145,2,0.0,40702.94545458307,-83.3657471589289,20309.789853712067,82.57059563145286,0.899003011339379,97.69222931498908,1.2239844162400275,False,spot (perp proxy),full_proxy,2017-01-01 00:00:00+00:00,2026-08-12 00:40:00+00:00,3510.03125,0.0005,0.0,0.0,not charged,8,0.0022791819873398565,1,0.00028489774841748206,0.19937339789233838
sleeping_council,spot,1000.0,1585.6799476002302,585.6799476002302,58.56799476002301,1,0.0,585.6799476002302,585.6799476002302,585.6799476002302,28.289008058879737,1.7438214245972001,99.99840723751274,0.9747276630678209,False,real,beta_spot_00,2024-06-20 00:00:00+00:00,2025-01-23 23:55:00+00:00,218.0,0.001,1.0,0.0,not charged,1,0.0045871559633027525,0,0.0,0.45871559633027525
sleeping_council,futures_5x,1000.0,1425.6412445859473,425.64124458594733,42.56412445859474,1,0.0,487.6770577940989,487.6770577940989,487.6770577940989,24.489731167310246,1.5400625103225898,99.99840723751274,0.40503008656328954,False,Deribit perp + Deribit 8h funding,beta_perp_00,2024-06-20 00:00:00+00:00,2025-01-23 23:55:00+00:00,218.0,0.0005,1.0,62.035813208153144,Deribit 8h aggregation,1,0.0045871559633027525,0,0.0,0.45871559633027525
sleeping_council,spot,1000.0,2341.0857501218534,1341.0857501218534,134.10857501218533,1,0.0,1341.0857501218534,1341.0857501218534,1341.0857501218534,21.064272941889502,2.2733754158722705,99.9989666005291,0.9747276630678209,False,real,beta_spot_01,2023-05-19 00:00:00+00:00,2024-04-18 23:55:00+00:00,336.0,0.001,1.0,0.0,not charged,1,0.002976190476190476,0,0.0,0.2976190476190476
sleeping_council,futures_5x,1000.0,1924.4569988218223,924.4569988218223,92.44569988218223,1,0.0,1074.1483319076576,1074.1483319076576,1074.1483319076576,19.558237626024543,1.8808317604830562,99.9989666005291,1.5941328989112966,False,Deribit perp + Deribit 8h funding,beta_perp_01,2023-05-19 00:00:00+00:00,2024-04-18 23:55:00+00:00,336.0,0.0005,1.0,149.691333085836,Deribit 8h aggregation,9,0.026785714285714284,0,0.0,2.6785714285714284
sleeping_council,spot,1000.0,1540.5723026142969,540.5723026142969,54.05723026142968,1,0.0,540.5723026142969,540.5723026142969,540.5723026142969,30.248777831315373,1.504930362791358,99.99864366319444,0.9747276630678208,False,real,beta_spot_02,2024-05-04 00:00:00+00:00,2025-01-14 23:55:00+00:00,256.0,0.001,1.0,0.0,not charged,1,0.00390625,0,0.0,0.390625
sleeping_council,futures_5x,1000.0,1344.0266158285976,344.02661582859764,34.402661582859764,1,0.0,402.4869184281755,402.4869184281755,402.4869184281755,25.40473506364971,1.2610338323779307,99.99864366319444,0.37665771206295945,False,Deribit perp + Deribit 8h funding,beta_perp_02,2024-05-04 00:00:00+00:00,2025-01-14 23:55:00+00:00,256.0,0.0005,1.0,58.46030259957723,Deribit 8h aggregation,1,0.00390625,0,0.0,0.390625
sleeping_council,spot,1000.0,674.7694951871194,-325.23050481288055,-32.52305048128805,1,0.0,-325.2305048128805,-325.2305048128805,-325.2305048128805,51.34541947398946,-1.0492443719026752,99.99875992063492,0.9747276630678209,False,real,beta_spot_03,2025-05-10 00:00:00+00:00,2026-02-13 23:55:00+00:00,280.0,0.001,1.0,0.0,not charged,1,0.0035714285714285713,0,0.0,0.35714285714285715
sleeping_council,futures_5x,1000.0,633.6496761108883,-366.3503238891117,-36.63503238891117,1,0.0,-322.1147713756888,-322.1147713756888,-322.1147713756888,53.443688131792044,-1.1375733489921782,99.99875992063492,0.48337248844154873,False,Deribit perp + Deribit 8h funding,beta_perp_03,2025-05-10 00:00:00+00:00,2026-02-13 23:55:00+00:00,280.0,0.0005,1.0,44.23555251342279,Deribit 8h aggregation,1,0.0035714285714285713,0,0.0,0.35714285714285715
sleeping_council,spot,1000.0,1607.1045393988272,607.1045393988272,60.710453939882726,1,0.0,607.1045393988272,607.1045393988272,607.1045393988272,20.757744783774818,2.503558986981434,99.99825516471245,0.9747276630678208,False,real,beta_spot_04,2023-06-07 00:00:00+00:00,2023-12-22 23:55:00+00:00,199.0,0.001,1.0,0.0,not charged,1,0.005025125628140704,0,0.0,0.5025125628140703
sleeping_council,futures_5x,1000.0,1439.5497024881965,439.54970248819654,43.95497024881965,1,0.0,489.8987320611056,489.8987320611056,489.8987320611056,20.136708907954407,2.062615438914868,99.99825516471245,0.3973934339142652,False,Deribit perp + Deribit 8h funding,beta_perp_04,2023-06-07 00:00:00+00:00,2023-12-22 23:55:00+00:00,199.0,0.0005,1.0,50.34902957290961,Deribit 8h aggregation,1,0.005025125628140704,0,0.0,0.5025125628140703
sleeping_council,spot,1000.0,1778.3441431864871,778.3441431864871,77.8344143186487,1,0.0,778.3441431864871,778.3441431864871,778.3441431864871,21.7684101275309,1.5904483790858217,99.99902738873327,0.9747276630678207,False,real,beta_spot_05,2023-01-27 00:00:00+00:00,2024-01-18 23:55:00+00:00,357.0,0.001,1.0,0.0,not charged,1,0.0028011204481792717,0,0.0,0.2801120448179272
sleeping_council,futures_5x,1000.0,1570.830607777088,570.8306077770881,57.083060777708816,1,0.0,667.6780723014597,667.6780723014597,667.6780723014597,22.608083971754986,1.2921612145074435,99.99902738873327,2.7226241108746763,False,Deribit perp + Deribit 8h funding,beta_perp_05,2023-01-27 00:00:00+00:00,2024-01-18 23:55:00+00:00,357.0,0.0005,1.0,96.84746452437014,Deribit 8h aggregation,14,0.0392156862745098,0,0.0,3.9215686274509802
sleeping_council,spot,1000.0,2138.0474723121524,1138.0474723121524,113.80474723121523,1,0.0,1138.0474723121522,1138.0474723121522,1138.0474723121522,22.804008776350067,1.970551681642645,99.99900509391914,0.9747276630678209,False,real,beta_spot_06,2023-07-05 00:00:00+00:00,2024-06-17 23:55:00+00:00,349.0,0.001,1.0,0.0,not charged,1,0.0028653295128939827,0,0.0,0.28653295128939826
sleeping_council,futures_5x,1000.0,1791.637959458388,791.637959458388,79.1637959458388,1,0.0,928.4049789804748,928.4049789804748,928.4049789804748,20.623505661509164,1.6262564337507701,99.99900509391914,1.2311152130501632,False,Deribit perp + Deribit 8h funding,beta_perp_06,2023-07-05 00:00:00+00:00,2024-06-17 23:55:00+00:00,349.0,0.0005,1.0,136.7670195220851,Deribit 8h aggregation,6,0.017191977077363897,0,0.0,1.7191977077363896
sleeping_council,spot,1000.0,1182.8689029334416,182.86890293344163,18.28689029334416,1,0.0,182.8689029334417,182.8689029334417,182.8689029334417,20.834033927364413,0.9435033566449166,99.99828107810781,0.9747276630678207,False,real,beta_spot_07,2023-03-05 00:00:00+00:00,2023-09-22 23:55:00+00:00,202.0,0.001,1.0,0.0,not charged,1,0.0049504950495049506,0,0.0,0.49504950495049505
sleeping_council,futures_5x,1000.0,1108.9156281079147,108.9156281079147,10.891562810791466,1,0.0,131.59398129001605,131.59398129001605,131.59398129001605,22.60808547211322,0.6735013290572784,99.99828107810781,1.972196060672321,False,Deribit perp + Deribit 8h funding,beta_perp_07,2023-03-05 00:00:00+00:00,2023-09-22 23:55:00+00:00,202.0,0.0005,1.0,22.67835318210026,Deribit 8h aggregation,10,0.04950495049504951,0,0.0,4.9504950495049505
sleeping_council,spot,1000.0,2097.5143167248916,1097.5143167248916,109.75143167248915,1,0.0,1097.5143167248914,1097.5143167248914,1097.5143167248914,21.04304650521111,4.69933913541373,99.99736952861953,0.9747276630678207,False,real,beta_spot_08,2023-10-20 00:00:00+00:00,2024-02-28 23:55:00+00:00,132.0,0.001,1.0,0.0,not charged,1,0.007575757575757576,0,0.0,0.7575757575757576
sleeping_council,futures_5x,1000.0,1906.969904591278,906.969904591278,90.6969904591278,1,0.0,983.8369651413178,983.8369651413178,983.8369651413178,19.72743026142092,4.074778372082499,99.99736952861953,0.6994600129667763,False,Deribit perp + Deribit 8h funding,beta_perp_08,2023-10-20 00:00:00+00:00,2024-02-28 23:55:00+00:00,132.0,0.0005,1.0,76.86706055004089,Deribit 8h aggregation,2,0.015151515151515152,0,0.0,1.5151515151515151
sleeping_council,spot,1000.0,2192.019472275013,1192.019472275013,119.20194722750131,1,0.0,1192.0194722750127,1192.0194722750127,1192.0194722750127,32.08119065211964,1.803664535280481,99.99903280718044,0.9747276630678208,False,real,beta_spot_09,2024-01-18 00:00:00+00:00,2025-01-10 23:55:00+00:00,359.0,0.001,1.0,0.0,not charged,1,0.002785515320334262,0,0.0,0.2785515320334262
sleeping_council,futures_5x,1000.0,1790.2257751940951,790.2257751940951,79.02257751940951,1,0.0,919.4657509038818,919.4657509038818,919.4657509038818,30.520066971351582,1.5224199571354382,99.99903280718044,0.3781032630897633,False,Deribit perp + Deribit 8h funding,beta_perp_09,2024-01-18 00:00:00+00:00,2025-01-10 23:55:00+00:00,359.0,0.0005,1.0,129.23997570978682,Deribit 8h aggregation,1,0.002785515320334262,0,0.0,0.2785515320334262
sleeping_council,spot,1000.0,683.7657371997246,-316.23426280027536,-31.623426280027534,1,0.0,-316.23426280027536,-316.23426280027536,-316.23426280027536,51.20908524861246,-0.9504598198459764,99.99869465329992,0.9747276630678208,False,real,beta_spot_10,2025-08-23 00:00:00+00:00,2026-05-15 23:55:00+00:00,266.0,0.001,1.0,0.0,not charged,1,0.0037593984962406013,0,0.0,0.37593984962406013
sleeping_council,futures_5x,1000.0,666.3340240420548,-333.6659759579452,-33.366597595794524,1,0.0,-313.463753032914,-313.463753032914,-313.463753032914,52.304027484487094,-0.9582693179586512,99.99869465329992,0.48337248844154873,False,Deribit perp + Deribit 8h funding,beta_perp_10,2025-08-23 00:00:00+00:00,2026-05-15 23:55:00+00:00,266.0,0.0005,1.0,20.202222925032167,Deribit 8h aggregation,1,0.0037593984962406013,0,0.0,0.37593984962406013
sleeping_council,spot,1000.0,1429.0317056176123,429.03170561761226,42.90317056176123,1,0.0,429.0317056176122,429.0317056176122,429.0317056176122,28.29501111262658,1.5851415340688741,99.99818208260616,0.9747276630678207,False,real,beta_spot_11,2024-06-23 00:00:00+00:00,2024-12-30 23:55:00+00:00,191.0,0.001,1.0,0.0,not charged,1,0.005235602094240838,0,0.0,0.5235602094240838
sleeping_council,futures_5x,1000.0,1310.0447959295475,310.0447959295475,31.00447959295476,1,0.0,357.92879571422446,357.92879571422446,357.92879571422446,24.536164408543904,1.388754503893618,99.99818208260616,0.40503008656328954,False,Deribit perp + Deribit 8h funding,beta_perp_11,2024-06-23 00:00:00+00:00,2024-12-30 23:55:00+00:00,191.0,0.0005,1.0,47.883999784676796,Deribit 8h aggregation,1,0.005235602094240838,0,0.0,0.5235602094240838
sleeping_council,spot,1000.0,1236.0264541604427,236.02645416044265,23.602645416044265,1,0.0,236.02645416044274,236.02645416044274,236.02645416044274,19.212985314233162,1.2006880545980814,99.9982725262576,0.9747276630678208,False,real,beta_spot_12,2025-03-06 00:00:00+00:00,2025-09-22 23:55:00+00:00,201.0,0.001,1.0,0.0,not charged,1,0.004975124378109453,0,0.0,0.4975124378109453
sleeping_council,futures_5x,1000.0,1187.1085718476354,187.1085718476354,18.71085718476353,1,0.0,215.99662307626332,215.99662307626332,215.99662307626332,17.461426457066207,1.0631257206467506,99.9982725262576,0.44490223204826057,False,Deribit perp + Deribit 8h funding,beta_perp_12,2025-03-06 00:00:00+00:00,2025-09-22 23:55:00+00:00,201.0,0.0005,1.0,28.88805122862826,Deribit 8h aggregation,1,0.004975124378109453,0,0.0,0.4975124378109453
sleeping_council,spot,1000.0,1357.021999112161,357.021999112161,35.702199911216105,1,0.0,357.02199911216104,357.02199911216104,357.02199911216104,32.07141279691187,1.298080967277888,99.99825516471245,0.9747276630678208,False,real,beta_spot_13,2024-02-01 00:00:00+00:00,2024-08-17 23:55:00+00:00,199.0,0.001,1.0,0.0,not charged,1,0.005025125628140704,0,0.0,0.5025125628140703
sleeping_council,futures_5x,1000.0,1308.4121088984346,308.41210889843455,30.841210889843463,1,0.0,381.7718880974927,381.7718880974927,381.7718880974927,30.787829238243454,1.212142227904832,99.99825516471245,0.6369356073050711,False,Deribit perp + Deribit 8h funding,beta_perp_13,2024-02-01 00:00:00+00:00,2024-08-17 23:55:00+00:00,199.0,0.0005,1.0,73.3597791990585,Deribit 8h aggregation,2,0.010050251256281407,0,0.0,1.0050251256281406
sleeping_council,spot,1000.0,1184.8739891787345,184.87398917873452,18.487398917873456,1,0.0,184.87398917873455,184.87398917873455,184.87398917873455,20.815326596446877,0.9026677682453411,99.99840723751274,0.9747276630678208,False,real,beta_spot_14,2023-03-03 00:00:00+00:00,2023-10-06 23:55:00+00:00,218.0,0.001,1.0,0.0,not charged,1,0.0045871559633027525,0,0.0,0.45871559633027525
sleeping_council,futures_5x,1000.0,1096.0632131482935,96.06321314829347,9.606321314829348,1,0.0,120.21686720649075,120.21686720649075,120.21686720649075,22.60808398784079,0.5908813583553144,99.99840723751274,2.4839204033935447,False,Deribit perp + Deribit 8h funding,beta_perp_14,2023-03-03 00:00:00+00:00,2023-10-06 23:55:00+00:00,218.0,0.0005,1.0,24.15365405819578,Deribit 8h aggregation,13,0.05963302752293578,0,0.0,5.504587155963303
sleeping_council,spot,1000.0,1208.1535711699137,208.15357116991368,20.81535711699136,1,0.0,208.1535711699137,208.1535711699137,208.1535711699137,20.815326596446877,0.9446340806587529,99.99848374575448,0.9747276630678208,False,real,beta_spot_15,2023-03-03 00:00:00+00:00,2023-10-17 23:55:00+00:00,229.0,0.001,1.0,0.0,not charged,1,0.004366812227074236,0,0.0,0.4366812227074236
sleeping_council,futures_5x,1000.0,1110.8791794402603,110.87917944026026,11.087917944026016,1,0.0,137.53345059463248,137.53345059463248,137.53345059463248,22.60808398784079,0.6247635807188027,99.99848374575448,2.4839204033935447,False,Deribit perp + Deribit 8h funding,beta_perp_15,2023-03-03 00:00:00+00:00,2023-10-17 23:55:00+00:00,229.0,0.0005,1.0,26.65427115437116,Deribit 8h aggregation,13,0.056768558951965066,0,0.0,5.240174672489083
sleeping_council,spot,1000.0,1990.4346517854283,990.4346517854283,99.04346517854283,1,0.0,990.4346517854284,990.4346517854284,990.4346517854284,31.119860898207197,1.7917434401259398,99.99896966699637,0.9747276630678208,False,real,beta_spot_16,2024-08-12 00:00:00+00:00,2025-07-14 23:55:00+00:00,337.0,0.001,1.0,0.0,not charged,1,0.002967359050445104,0,0.0,0.29673590504451036
sleeping_council,futures_5x,1000.0,1739.0391824764054,739.0391824764054,73.90391824764053,1,0.0,819.663776563037,819.663776563037,819.663776563037,29.4494065225969,1.6155417027835859,99.99896966699637,0.39430416685209285,False,Deribit perp + Deribit 8h funding,beta_perp_16,2024-08-12 00:00:00+00:00,2025-07-14 23:55:00+00:00,337.0,0.0005,1.0,80.62459408663051,Deribit 8h aggregation,1,0.002967359050445104,0,0.0,0.29673590504451036
sleeping_council,spot,1000.0,551.6343181430561,-448.36568185694387,-44.83656818569439,1,0.0,-448.3656818569439,-448.3656818569439,-448.3656818569439,52.725618600323024,-1.1968174893176067,99.99902738873327,0.9747276630678205,False,real,beta_spot_17,2025-07-20 00:00:00+00:00,2026-07-11 23:55:00+00:00,357.0,0.001,1.0,0.0,not charged,1,0.0028011204481792717,0,0.0,0.2801120448179272
sleeping_council,futures_5x,1000.0,526.3748744115233,-473.62512558847675,-47.36251255884768,1,0.0,-444.1493002086997,-444.1493002086997,-444.1493002086997,54.210247647586584,-1.2136663197078508,99.99902738873327,0.48337248844154873,False,Deribit perp + Deribit 8h funding,beta_perp_17,2025-07-20 00:00:00+00:00,2026-07-11 23:55:00+00:00,357.0,0.0005,1.0,29.475825379776165,Deribit 8h aggregation,1,0.0028011204481792717,0,0.0,0.2801120448179272
sleeping_council,spot,1000.0,679.9532344311635,-320.04676556883646,-32.00467655688365,1,0.0,-320.0467655688364,-320.0467655688364,-320.0467655688364,38.58751981869283,-1.310628407181707,99.99824635241302,0.9747276630678205,False,real,beta_spot_18,2025-12-09 00:00:00+00:00,2026-06-24 23:55:00+00:00,198.0,0.001,1.0,0.0,not charged,1,0.005050505050505051,0,0.0,0.5050505050505051
sleeping_council,futures_5x,1000.0,693.9532723648906,-306.0467276351094,-30.604672763510944,1,0.0,-299.47176868708436,-299.47176868708436,-299.47176868708436,36.65816582735065,-1.3444636495752855,99.99824635241302,0.456571691277795,False,Deribit perp + Deribit 8h funding,beta_perp_18,2025-12-09 00:00:00+00:00,2026-06-24 23:55:00+00:00,198.0,0.0005,1.0,6.57495894802615,Deribit 8h aggregation,1,0.005050505050505051,0,0.0,0.5050505050505051
sleeping_council,spot,1000.0,1856.572742033347,856.5727420333469,85.6572742033347,1,0.0,856.5727420333468,856.5727420333468,856.5727420333468,22.757549764136225,2.431409588659739,99.9982725262576,0.9747276630678207,False,real,beta_spot_19,2023-11-20 00:00:00+00:00,2024-06-07 23:55:00+00:00,201.0,0.001,1.0,0.0,not charged,1,0.004975124378109453,0,0.0,0.4975124378109453
sleeping_council,futures_5x,1000.0,1576.9390813584778,576.9390813584778,57.693908135847785,1,0.0,667.0159121398424,667.0159121398424,667.0159121398424,20.623459466196913,1.9813825501474835,99.9982725262576,0.6379326634251903,False,Deribit perp + Deribit 8h funding,beta_perp_19,2023-11-20 00:00:00+00:00,2024-06-07 23:55:00+00:00,201.0,0.0005,1.0,90.07683078136445,Deribit 8h aggregation,2,0.009950248756218905,0,0.0,0.9950248756218906
sleeping_council,spot,1000.0,744.2661632707943,-255.73383672920568,-25.57338367292057,1,0.0,-255.73383672920565,-255.73383672920565,-255.73383672920565,42.98642193799758,-1.019185717629979,99.99800446998722,0.9747276630678208,False,real,beta_spot_20,2025-11-04 00:00:00+00:00,2026-04-26 23:55:00+00:00,174.0,0.001,1.0,0.0,not charged,1,0.005747126436781609,0,0.0,0.5747126436781609
sleeping_council,futures_5x,1000.0,741.547148670249,-258.45285132975096,-25.845285132975093,1,0.0,-252.94986969085804,-252.94986969085804,-252.94986969085804,43.30155942717902,-1.0296941819753855,99.99800446998722,0.48337248844154873,False,Deribit perp + Deribit 8h funding,beta_perp_20,2025-11-04 00:00:00+00:00,2026-04-26 23:55:00+00:00,174.0,0.0005,1.0,5.5029816388924875,Deribit 8h aggregation,1,0.005747126436781609,0,0.0,0.5747126436781609
sleeping_council,spot,1000.0,1320.3367097926457,320.3367097926457,32.03367097926457,1,0.0,320.3367097926456,320.3367097926456,320.3367097926456,21.767989578174863,1.7901095222731835,99.99748389694042,0.9747276630678208,False,real,beta_spot_21,2023-02-07 00:00:00+00:00,2023-06-24 23:55:00+00:00,138.0,0.001,1.0,0.0,not charged,1,0.007246376811594203,0,0.0,0.7246376811594203
sleeping_council,futures_5x,1000.0,1232.4205143545803,232.4205143545803,23.242051435458034,1,0.0,244.32366099823338,244.32366099823338,244.32366099823338,21.394467265783824,1.448798873908137,99.99748389694042,1.8728488279326285,False,Deribit perp + Deribit 8h funding,beta_perp_21,2023-02-07 00:00:00+00:00,2023-06-24 23:55:00+00:00,138.0,0.0005,1.0,11.903146643653505,Deribit 8h aggregation,9,0.06521739130434782,0,0.0,6.521739130434782
sleeping_council,spot,1000.0,1201.1784711224225,201.17847112242248,20.11784711224225,1,0.0,201.17847112242256,201.17847112242256,201.17847112242256,30.8657658126878,0.8243295708309815,99.9985592438912,0.9747276630678208,False,real,beta_spot_22,2024-12-03 00:00:00+00:00,2025-07-31 23:55:00+00:00,241.0,0.001,1.0,0.0,not charged,1,0.004149377593360996,0,0.0,0.4149377593360996
sleeping_council,futures_5x,1000.0,1156.058062480268,156.05806248026806,15.60580624802681,1,0.0,198.57147251652935,198.57147251652935,198.57147251652935,31.976304790567315,0.6987176818639975,99.9985592438912,0.4809531831559253,False,Deribit perp + Deribit 8h funding,beta_perp_22,2024-12-03 00:00:00+00:00,2025-07-31 23:55:00+00:00,241.0,0.0005,1.0,42.513410036259614,Deribit 8h aggregation,1,0.004149377593360996,0,0.0,0.4149377593360996
sleeping_council,spot,1000.0,912.3201904985606,-87.67980950143942,-8.767980950143938,1,0.0,-87.67980950143944,-87.67980950143944,-87.67980950143944,31.795658865273573,-0.054687271990555016,99.99823745064862,0.9747276630678209,False,real,beta_spot_23,2024-03-11 00:00:00+00:00,2024-09-23 23:55:00+00:00,197.0,0.001,1.0,0.0,not charged,1,0.005076142131979695,0,0.0,0.5076142131979695
sleeping_council,futures_5x,1000.0,898.1040616609146,-101.89593833908543,-10.189593833908539,1,0.0,-74.49031814436871,-74.49031814436871,-74.49031814436871,32.64706454566617,-0.1351945820192748,99.99823745064862,0.45647289818795483,False,Deribit perp + Deribit 8h funding,beta_perp_23,2024-03-11 00:00:00+00:00,2024-09-23 23:55:00+00:00,197.0,0.0005,1.0,27.405620194716885,Deribit 8h aggregation,1,0.005076142131979695,0,0.0,0.5076142131979695
buy_and_hold,spot,1000.0,30003.186298141612,29003.186298141612,2900.3186298141613,1,0.0,29003.186298141616,29003.186298141616,29003.186298141616,84.0674731470719,1.3791598475414268,99.9997623393414,0.99899989,False,real,inner_train,2017-01-01 00:00:00+00:00,2020-12-31 23:55:00+00:00,1461.0,0.001,1.0,0.0,not charged,1,0.0006844626967830253,0,0.0,0.06844626967830253
buy_and_hold,spot,1000.0,574.5627201680368,-425.4372798319632,-42.54372798319632,1,0.0,-425.4372798319632,-425.4372798319632,-425.4372798319632,77.33137746358972,0.07665772814932056,99.99952435312025,0.99899989,False,real,inner_val,2021-01-01 00:00:00+00:00,2022-12-31 23:55:00+00:00,730.0,0.001,1.0,0.0,not charged,1,0.0013698630136986301,0,0.0,0.136986301369863
buy_and_hold,spot,1000.0,3838.5443616041134,2838.5443616041134,283.85443616041135,1,0.0,2838.5443616041134,2838.5443616041134,2838.5443616041134,53.95426256824534,1.0282115090314963,99.99973675966947,0.99899989,False,real,holdout,2023-01-01 00:00:00+00:00,2026-08-12 00:40:00+00:00,1319.03125,0.001,1.0,0.0,not charged,1,0.00075813215191073,0,0.0,0.07575757575757576
buy_and_hold,spot,1000.0,3827.031352237645,2827.031352237645,282.7031352237645,1,0.0,2827.031352237645,2827.031352237645,2827.031352237645,53.9541536559191,1.026436688847615,99.99973675966947,3.9839983600000006,False,real,fee_stress,2023-01-01 00:00:00+00:00,2026-08-12 00:40:00+00:00,1319.03125,0.004,1.0,0.0,not charged,1,0.00075813215191073,0,0.0,0.07575757575757576
buy_and_hold,spot,1000.0,1570.7515157979967,570.7515157979967,57.07515157979968,1,0.0,570.7515157979967,570.7515157979967,570.7515157979967,69.44183299183409,0.5120519478632916,99.99973659047986,0.99899989,False,Coinbase ETH spot,eth_holdout,2023-01-01 00:00:00+00:00,2026-08-12 00:40:00+00:00,1319.03125,0.001,1.0,0.0,not charged,1,0.00075813215191073,0,0.0,0.07575757575757576
buy_and_hold,futures_5x,1000.0,0.0,-1000.0,-100.0,1,0.0,-2.49274925,-2.49274925,-2.49274925,100.0,0.7822857386747969,99.99952435312025,2.49274925,True,Deribit perp + Deribit 8h funding,funded_val,2021-01-01 00:00:00+00:00,2022-12-31 23:55:00+00:00,730.0,0.0005,1.0,1004.0463577775469,Deribit 8h aggregation,1,0.0013698630136986301,0,0.0,0.136986301369863
buy_and_hold,futures_5x,1000.0,0.0,-1000.0,-100.0,1,0.0,-2.49274925,-2.49274925,-2.49274925,100.0,0.7387996435022339,99.99973675966947,2.49274925,True,Deribit perp + Deribit 8h funding,funded_holdout,2023-01-01 00:00:00+00:00,2026-08-12 00:40:00+00:00,1319.03125,0.0005,1.0,1002.5411541650398,Deribit 8h aggregation,1,0.00075813215191073,0,0.0,0.07575757575757576
buy_and_hold,spot,1000.0,66044.0510898356,65044.0510898356,6504.40510898356,1,0.0,65044.05108983559,65044.05108983559,65044.05108983559,84.06747360120639,0.9527283322558806,99.99990107717069,0.9990000000000001,False,real,full_spot,2017-01-01 00:00:00+00:00,2026-08-12 00:40:00+00:00,3510.03125,0.001,0.0,0.0,not charged,1,0.00028489774841748206,0,0.0,0.028481913984619765
buy_and_hold,futures_5x,1000.0,18.045197864321608,-981.9548021356784,-98.19548021356785,1,0.0,-981.9548021356784,-981.9548021356784,-981.9548021356784,99.04920966351584,-0.18776374632148046,0.3113101438436861,4.498771984924623,True,spot (perp proxy),full_proxy,2017-01-01 00:00:00+00:00,2026-08-12 00:40:00+00:00,3510.03125,0.0005,0.0,0.0,not charged,2,0.0005697954968349641,1,0.00028489774841748206,0.05696382796923953
buy_and_hold,spot,1000.0,1600.264284473401,600.264284473401,60.026428447340095,1,0.0,600.264284473401,600.264284473401,600.264284473401,28.94312468882672,1.745515182054164,99.99840723751274,0.99899989,False,real,beta_spot_00,2024-06-20 00:00:00+00:00,2025-01-23 23:55:00+00:00,218.0,0.001,1.0,0.0,not charged,1,0.0045871559633027525,0,0.0,0.45871559633027525
buy_and_hold,futures_5x,1000.0,17.795989229315637,-982.2040107706844,-98.22040107706843,1,0.0,-945.9206987840302,-945.9206987840302,-945.9206987840302,98.68955558326809,-0.8898700352906623,21.121623343527013,4.5147955483821764,True,Deribit perp + Deribit 8h funding,beta_perp_00,2024-06-20 00:00:00+00:00,2025-01-23 23:55:00+00:00,218.0,0.0005,1.0,36.283311986654184,Deribit 8h aggregation,2,0.009174311926605505,1,0.0045871559633027525,0.9174311926605505
buy_and_hold,spot,1000.0,2374.4808602596113,1374.4808602596113,137.44808602596112,1,0.0,1374.4808602596113,1374.4808602596113,1374.4808602596113,21.350731801970433,2.278106918731976,99.9989666005291,0.99899989,False,real,beta_spot_01,2023-05-19 00:00:00+00:00,2024-04-18 23:55:00+00:00,336.0,0.001,1.0,0.0,not charged,1,0.002976190476190476,0,0.0,0.2976190476190476
buy_and_hold,futures_5x,1000.0,6862.402567948101,5862.402567948101,586.2402567948101,1,0.0,6802.24037538212,6802.24037538212,6802.24037538212,78.35975415523833,2.1625815236673094,99.9989666005291,2.4927492499999997,False,Deribit perp + Deribit 8h funding,beta_perp_01,2023-05-19 00:00:00+00:00,2024-04-18 23:55:00+00:00,336.0,0.0005,1.0,939.8378074340176,Deribit 8h aggregation,1,0.002976190476190476,0,0.0,0.2976190476190476
buy_and_hold,spot,1000.0,1554.0333893356983,554.0333893356983,55.403338933569835,1,0.0,554.0333893356983,554.0333893356983,554.0333893356983,30.899252954287082,1.5074679805527964,99.99864366319444,0.99899989,False,real,beta_spot_02,2024-05-04 00:00:00+00:00,2025-01-14 23:55:00+00:00,256.0,0.001,1.0,0.0,not charged,1,0.00390625,0,0.0,0.390625
buy_and_hold,futures_5x,1000.0,18.00297627966586,-981.9970237203341,-98.19970237203341,1,0.0,-898.906944742815,-898.906944742815,-898.906944742815,98.93570929126764,-0.9480301867967991,36.42578125,4.538314184720953,True,Deribit perp + Deribit 8h funding,beta_perp_02,2024-05-04 00:00:00+00:00,2025-01-14 23:55:00+00:00,256.0,0.0005,1.0,83.09007897751901,Deribit 8h aggregation,2,0.0078125,1,0.00390625,0.78125
buy_and_hold,spot,1000.0,666.6707524129174,-333.3292475870826,-33.33292475870826,1,0.0,-333.3292475870826,-333.3292475870826,-333.3292475870826,52.3918928308319,-1.0472652229878265,99.99875992063492,0.9989998900000001,False,real,beta_spot_03,2025-05-10 00:00:00+00:00,2026-02-13 23:55:00+00:00,280.0,0.001,1.0,0.0,not charged,1,0.0035714285714285713,0,0.0,0.35714285714285715
buy_and_hold,futures_5x,1000.0,18.504342889335703,-981.4956571106643,-98.14956571106643,1,0.0,-785.0296445366406,-785.0296445366406,-785.0296445366406,99.04718105454977,-1.1957626740235794,69.53993055555556,4.595281318390875,True,Deribit perp + Deribit 8h funding,beta_perp_03,2025-05-10 00:00:00+00:00,2026-02-13 23:55:00+00:00,280.0,0.0005,1.0,196.46601257402384,Deribit 8h aggregation,2,0.007142857142857143,1,0.0035714285714285713,0.7142857142857143
buy_and_hold,spot,1000.0,1622.2223817564204,622.2223817564204,62.222238175642055,1,0.0,622.2223817564203,622.2223817564203,622.2223817564203,21.199400035795225,2.503602214930102,99.99825516471245,0.99899989,False,real,beta_spot_04,2023-06-07 00:00:00+00:00,2023-12-22 23:55:00+00:00,199.0,0.001,1.0,0.0,not charged,1,0.005025125628140704,0,0.0,0.5025125628140703
buy_and_hold,futures_5x,1000.0,3757.1849399292305,2757.1849399292305,275.7184939929231,1,0.0,3073.0117629088363,3073.0117629088363,3073.0117629088363,80.23554588542596,2.3361323350099683,99.99825516471245,2.49274925,False,Deribit perp + Deribit 8h funding,beta_perp_04,2023-06-07 00:00:00+00:00,2023-12-22 23:55:00+00:00,199.0,0.0005,1.0,315.8268229796056,Deribit 8h aggregation,1,0.005025125628140704,0,0.0,0.5025125628140703
buy_and_hold,spot,1000.0,1797.726116624375,797.726116624375,79.7726116624375,1,0.0,797.726116624375,797.726116624375,797.726116624375,22.263590008914267,1.593775693577726,99.99902738873327,0.99899989,False,real,beta_spot_05,2023-01-27 00:00:00+00:00,2024-01-18 23:55:00+00:00,357.0,0.001,1.0,0.0,not charged,1,0.0028011204481792717,0,0.0,0.2801120448179272
buy_and_hold,futures_5x,1000.0,4397.063115441225,3397.063115441225,339.70631154412246,1,0.0,3945.8610656552546,3945.8610656552546,3945.8610656552546,85.01846480429874,1.7558231129299193,99.99902738873327,2.4927492499999997,False,Deribit perp + Deribit 8h funding,beta_perp_05,2023-01-27 00:00:00+00:00,2024-01-18 23:55:00+00:00,357.0,0.0005,1.0,548.7979502140292,Deribit 8h aggregation,1,0.0028011204481792717,0,0.0,0.2801120448179272
buy_and_hold,spot,1000.0,2166.3866151868033,1166.3866151868033,116.63866151868034,1,0.0,1166.386615186803,1166.386615186803,1166.386615186803,23.04110120076662,1.9756093402057275,99.99900509391914,0.9989998900000001,False,real,beta_spot_06,2023-07-05 00:00:00+00:00,2024-06-17 23:55:00+00:00,349.0,0.001,1.0,0.0,not charged,1,0.0028653295128939827,0,0.0,0.28653295128939826
buy_and_hold,futures_5x,1000.0,17.846118497735347,-982.1538815022647,-98.21538815022647,1,0.0,-934.5346478606933,-934.5346478606933,-934.5346478606933,98.44206548103159,-1.5335408862431688,12.578597580388411,4.520491421780543,True,Deribit perp + Deribit 8h funding,beta_perp_06,2023-07-05 00:00:00+00:00,2024-06-17 23:55:00+00:00,349.0,0.0005,1.0,47.61923364157133,Deribit 8h aggregation,2,0.0057306590257879654,1,0.0028653295128939827,0.5730659025787965
buy_and_hold,spot,1000.0,1187.422621555594,187.4226215555941,18.74226215555941,1,0.0,187.42262155559422,187.42262155559422,187.42262155559422,21.199403569878182,0.9493737713553267,99.99828107810781,0.9989998899999999,False,real,beta_spot_07,2023-03-05 00:00:00+00:00,2023-09-22 23:55:00+00:00,202.0,0.001,1.0,0.0,not charged,1,0.0049504950495049506,0,0.0,0.49504950495049505
buy_and_hold,futures_5x,1000.0,1808.7628290584796,808.7628290584796,80.87628290584796,1,0.0,941.9436413393407,941.9436413393407,941.9436413393407,63.43839952268634,1.4895264694605264,99.99828107810781,2.49274925,False,Deribit perp + Deribit 8h funding,beta_perp_07,2023-03-05 00:00:00+00:00,2023-09-22 23:55:00+00:00,202.0,0.0005,1.0,133.18081228086072,Deribit 8h aggregation,1,0.0049504950495049506,0,0.0,0.49504950495049505
buy_and_hold,spot,1000.0,2124.8441213115584,1124.8441213115584,112.48441213115585,1,0.0,1124.8441213115584,1124.8441213115584,1124.8441213115584,21.350730828847205,4.703783116722437,99.99736952861953,0.9989998899999999,False,real,beta_spot_08,2023-10-20 00:00:00+00:00,2024-02-28 23:55:00+00:00,132.0,0.001,1.0,0.0,not charged,1,0.007575757575757576,0,0.0,0.7575757575757576
buy_and_hold,futures_5x,1000.0,6421.9284518671375,5421.9284518671375,542.1928451867137,1,0.0,5846.073107701733,5846.073107701733,5846.073107701733,43.17256671110606,4.800333309130853,99.99736952861953,2.4927492499999997,False,Deribit perp + Deribit 8h funding,beta_perp_08,2023-10-20 00:00:00+00:00,2024-02-28 23:55:00+00:00,132.0,0.0005,1.0,424.14465583459605,Deribit 8h aggregation,1,0.007575757575757576,0,0.0,0.7575757575757576
buy_and_hold,spot,1000.0,2221.702601455499,1221.702601455499,122.17026014554988,1,0.0,1221.702601455499,1221.702601455499,1221.702601455499,32.543377988599765,1.8092063382490322,99.99903280718044,0.9989998899999999,False,real,beta_spot_09,2024-01-18 00:00:00+00:00,2025-01-10 23:55:00+00:00,359.0,0.001,1.0,0.0,not charged,1,0.002785515320334262,0,0.0,0.2785515320334262
buy_and_hold,futures_5x,1000.0,6209.779710306551,5209.779710306551,520.9779710306551,1,0.0,6061.829623570872,6061.829623570872,6061.829623570872,69.38987902112854,2.03025589181253,99.99903280718044,2.49274925,False,Deribit perp + Deribit 8h funding,beta_perp_09,2024-01-18 00:00:00+00:00,2025-01-10 23:55:00+00:00,359.0,0.0005,1.0,852.0499132643218,Deribit 8h aggregation,1,0.002785515320334262,0,0.0,0.2785515320334262
buy_and_hold,spot,1000.0,675.8910147708357,-324.1089852291643,-32.41089852291643,1,0.0,-324.1089852291643,-324.1089852291643,-324.1089852291643,52.391886486226454,-0.9365851251156369,99.99869465329992,0.9989998899999999,False,real,beta_spot_10,2025-08-23 00:00:00+00:00,2026-05-15 23:55:00+00:00,266.0,0.001,1.0,0.0,not charged,1,0.0037593984962406013,0,0.0,0.37593984962406013
buy_and_hold,futures_5x,1000.0,17.97591396985831,-982.0240860301417,-98.20240860301416,1,0.0,-905.0537098421329,-905.0537098421329,-905.0537098421329,98.65615256346801,-0.48813974173079344,31.384450710108606,4.53523926471129,True,Deribit perp + Deribit 8h funding,beta_perp_10,2025-08-23 00:00:00+00:00,2026-05-15 23:55:00+00:00,266.0,0.0005,1.0,76.97037618800829,Deribit 8h aggregation,2,0.007518796992481203,1,0.0037593984962406013,0.7518796992481203
buy_and_hold,spot,1000.0,1439.7152588955353,439.71525889553527,43.97152588955353,1,0.0,439.7152588955354,439.7152588955354,439.7152588955354,28.943124968889762,1.5876228081619939,99.99818208260616,0.9989998899999998,False,real,beta_spot_11,2024-06-23 00:00:00+00:00,2024-12-30 23:55:00+00:00,191.0,0.001,1.0,0.0,not charged,1,0.005235602094240838,0,0.0,0.5235602094240838
buy_and_hold,futures_5x,1000.0,17.803630675201816,-982.1963693247982,-98.21963693247982,1,0.0,-944.1850681889031,-944.1850681889031,-944.1850681889031,98.73491141169005,-1.2610712450187846,22.623981966259453,4.515663797804451,True,Deribit perp + Deribit 8h funding,beta_perp_11,2024-06-23 00:00:00+00:00,2024-12-30 23:55:00+00:00,191.0,0.0005,1.0,38.01130113589496,Deribit 8h aggregation,2,0.010471204188481676,1,0.005235602094240838,1.0471204188481675
buy_and_hold,spot,1000.0,1241.9038780547733,241.90387805477326,24.190387805477332,1,0.0,241.9038780547734,241.9038780547734,241.9038780547734,19.681139291169465,1.2038217261208914,99.9982725262576,0.9989998900000001,False,real,beta_spot_12,2025-03-06 00:00:00+00:00,2025-09-22 23:55:00+00:00,201.0,0.001,1.0,0.0,not charged,1,0.004975124378109453,0,0.0,0.4975124378109453
buy_and_hold,futures_5x,1000.0,2048.3533651752273,1048.3533651752273,104.83533651752275,1,0.0,1210.210651668483,1210.210651668483,1210.210651668483,89.8544237492891,1.854847160011752,99.9982725262576,2.49274925,False,Deribit perp + Deribit 8h funding,beta_perp_12,2025-03-06 00:00:00+00:00,2025-09-22 23:55:00+00:00,201.0,0.0005,1.0,161.8572864932568,Deribit 8h aggregation,1,0.004975124378109453,0,0.0,0.4975124378109453
buy_and_hold,spot,1000.0,1365.9123992829702,365.9123992829702,36.59123992829703,1,0.0,365.91239928297034,365.91239928297034,365.91239928297034,32.543377539936394,1.306703234618447,99.99825516471245,0.99899989,False,real,beta_spot_13,2024-02-01 00:00:00+00:00,2024-08-17 23:55:00+00:00,199.0,0.001,1.0,0.0,not charged,1,0.005025125628140704,0,0.0,0.5025125628140703
buy_and_hold,futures_5x,1000.0,2575.862501003814,1575.862501003814,157.5862501003814,1,0.0,1979.8388663080611,1979.8388663080611,1979.8388663080611,68.9288476599805,1.9212129070247135,99.99825516471245,2.4927492499999997,False,Deribit perp + Deribit 8h funding,beta_perp_13,2024-02-01 00:00:00+00:00,2024-08-17 23:55:00+00:00,199.0,0.0005,1.0,403.9763653042475,Deribit 8h aggregation,1,0.005025125628140704,0,0.0,0.5025125628140703
buy_and_hold,spot,1000.0,1189.477637550712,189.47763755071196,18.94776375507119,1,0.0,189.47763755071193,189.47763755071193,189.47763755071193,21.199402705661154,0.907853486125307,99.99840723751274,0.99899989,False,real,beta_spot_14,2023-03-03 00:00:00+00:00,2023-10-06 23:55:00+00:00,218.0,0.001,1.0,0.0,not charged,1,0.0045871559633027525,0,0.0,0.45871559633027525
buy_and_hold,futures_5x,1000.0,1811.6131341849887,811.6131341849887,81.16131341849886,1,0.0,953.1496624564123,953.1496624564123,953.1496624564123,82.05018869615105,1.5037710269506461,99.99840723751274,2.49274925,False,Deribit perp + Deribit 8h funding,beta_perp_14,2023-03-03 00:00:00+00:00,2023-10-06 23:55:00+00:00,218.0,0.0005,1.0,141.5365282714222,Deribit 8h aggregation,1,0.0045871559633027525,0,0.0,0.45871559633027525
buy_and_hold,spot,1000.0,1213.3369171521936,213.33691715219356,21.33369171521935,1,0.0,213.33691715219362,213.33691715219362,213.33691715219362,21.199402705661154,0.9497295395235833,99.99848374575448,0.99899989,False,real,beta_spot_15,2023-03-03 00:00:00+00:00,2023-10-17 23:55:00+00:00,229.0,0.001,1.0,0.0,not charged,1,0.004366812227074236,0,0.0,0.4366812227074236
buy_and_hold,futures_5x,1000.0,1894.2380533892715,894.2380533892715,89.42380533892715,1,0.0,1049.71989453876,1049.71989453876,1049.71989453876,82.05018869615105,1.5100140815614813,99.99848374575448,2.49274925,False,Deribit perp + Deribit 8h funding,beta_perp_15,2023-03-03 00:00:00+00:00,2023-10-17 23:55:00+00:00,229.0,0.0005,1.0,155.48184114948725,Deribit 8h aggregation,1,0.004366812227074236,0,0.0,0.4366812227074236
buy_and_hold,spot,1000.0,2015.0980070389019,1015.0980070389019,101.50980070389019,1,0.0,1015.098007038902,1015.098007038902,1015.098007038902,31.543389222280062,1.7962458103905115,99.99896966699637,0.99899989,False,real,beta_spot_16,2024-08-12 00:00:00+00:00,2025-07-14 23:55:00+00:00,337.0,0.001,1.0,0.0,not charged,1,0.002967359050445104,0,0.0,0.29673590504451036
buy_and_hold,futures_5x,1000.0,5672.127567268943,4672.127567268943,467.21275672689427,1,0.0,5181.827726020729,5181.827726020729,5181.827726020729,68.33347291755166,2.0203959579646065,99.99896966699637,2.49274925,False,Deribit perp + Deribit 8h funding,beta_perp_16,2024-08-12 00:00:00+00:00,2025-07-14 23:55:00+00:00,337.0,0.0005,1.0,509.7001587517874,Deribit 8h aggregation,1,0.002967359050445104,0,0.0,0.29673590504451036
buy_and_hold,spot,1000.0,540.4693189427862,-459.53068105721377,-45.95306810572137,1,0.0,-459.5306810572137,-459.5306810572137,-459.5306810572137,53.954214397229535,-1.185151511693303,99.99902738873327,0.9989998899999999,False,real,beta_spot_17,2025-07-20 00:00:00+00:00,2026-07-11 23:55:00+00:00,357.0,0.001,1.0,0.0,not charged,1,0.0028011204481792717,0,0.0,0.2801120448179272
buy_and_hold,futures_5x,1000.0,18.168341904193085,-981.8316580958069,-98.18316580958069,1,0.0,-861.3468230577676,-861.3468230577676,-861.3468230577676,98.54524839269293,0.11601045315319795,32.825630252100844,4.5571036402912615,True,Deribit perp + Deribit 8h funding,beta_perp_17,2025-07-20 00:00:00+00:00,2026-07-11 23:55:00+00:00,357.0,0.0005,1.0,120.48483503803936,Deribit 8h aggregation,2,0.0056022408963585435,1,0.0028011204481792717,0.5602240896358543
buy_and_hold,spot,1000.0,671.9835747845425,-328.0164252154575,-32.80164252154575,1,0.0,-328.0164252154574,-328.0164252154574,-328.0164252154574,39.479527667722884,-1.3021457095886555,99.99824635241302,0.9989998899999999,False,real,beta_spot_18,2025-12-09 00:00:00+00:00,2026-06-24 23:55:00+00:00,198.0,0.001,1.0,0.0,not charged,1,0.005050505050505051,0,0.0,0.5050505050505051
buy_and_hold,futures_5x,1000.0,17.796278839214096,-982.2037211607859,-98.2203721160786,1,0.0,-945.8549185891375,-945.8549185891375,-945.8549185891375,98.69103603269957,-1.2282606183334281,28.67564534231201,4.514828454932898,True,Deribit perp + Deribit 8h funding,beta_perp_18,2025-12-09 00:00:00+00:00,2026-06-24 23:55:00+00:00,198.0,0.0005,1.0,36.34880257164949,Deribit 8h aggregation,2,0.010101010101010102,1,0.005050505050505051,1.0101010101010102
buy_and_hold,spot,1000.0,1877.9027286196676,877.9027286196676,87.79027286196677,1,0.0,877.9027286196676,877.9027286196676,877.9027286196676,23.041099082112712,2.4397182449313597,99.9982725262576,0.9989998899999999,False,real,beta_spot_19,2023-11-20 00:00:00+00:00,2024-06-07 23:55:00+00:00,201.0,0.001,1.0,0.0,not charged,1,0.004975124378109453,0,0.0,0.4975124378109453
buy_and_hold,futures_5x,1000.0,4711.300724211188,3711.300724211188,371.1300724211188,1,0.0,4271.984031769306,4271.984031769306,4271.984031769306,58.2781561637489,2.6644716501027763,99.9982725262576,2.4927492499999997,False,Deribit perp + Deribit 8h funding,beta_perp_19,2023-11-20 00:00:00+00:00,2024-06-07 23:55:00+00:00,201.0,0.0005,1.0,560.6833075581169,Deribit 8h aggregation,1,0.004975124378109453,0,0.0,0.4975124378109453
buy_and_hold,spot,1000.0,737.8979950587711,-262.10200494122887,-26.21020049412288,1,0.0,-262.1020049412288,-262.1020049412288,-262.1020049412288,44.04978927233178,-1.0041319348515672,99.99800446998722,0.99899989,False,real,beta_spot_20,2025-11-04 00:00:00+00:00,2026-04-26 23:55:00+00:00,174.0,0.001,1.0,0.0,not charged,1,0.005747126436781609,0,0.0,0.5747126436781609
buy_and_hold,futures_5x,1000.0,17.630162196981132,-982.3698378030189,-98.23698378030188,1,0.0,-983.5856217751451,-983.5856217751451,-983.5856217751451,98.30277151985328,-1.6012953350103978,9.835967432950191,4.4959536659454,True,Deribit perp + Deribit 8h funding,beta_perp_20,2025-11-04 00:00:00+00:00,2026-04-26 23:55:00+00:00,174.0,0.0005,1.0,-1.2157839721262214,Deribit 8h aggregation,2,0.011494252873563218,1,0.005747126436781609,1.1494252873563218
buy_and_hold,spot,1000.0,1328.313589499048,328.313589499048,32.83135894990481,1,0.0,328.313589499048,328.313589499048,328.313589499048,22.26358998930404,1.7947101989493297,99.99748389694042,0.99899989,False,real,beta_spot_21,2023-02-07 00:00:00+00:00,2023-06-24 23:55:00+00:00,138.0,0.001,1.0,0.0,not charged,1,0.007246376811594203,0,0.0,0.7246376811594203
buy_and_hold,futures_5x,1000.0,2631.754571236523,1631.7545712365231,163.17545712365234,1,0.0,1698.0913233823176,1698.0913233823176,1698.0913233823176,82.24203989534121,2.2720933216031654,99.99748389694042,2.49274925,False,Deribit perp + Deribit 8h funding,beta_perp_21,2023-02-07 00:00:00+00:00,2023-06-24 23:55:00+00:00,138.0,0.0005,1.0,66.33675214579458,Deribit 8h aggregation,1,0.007246376811594203,0,0.0,0.7246376811594203
buy_and_hold,spot,1000.0,1206.1881263214796,206.18812632147956,20.618812632147954,1,0.0,206.1881263214795,206.1881263214795,206.1881263214795,31.543377489027165,0.8287774785641212,99.9985592438912,0.9989998900000001,False,real,beta_spot_22,2024-12-03 00:00:00+00:00,2025-07-31 23:55:00+00:00,241.0,0.001,1.0,0.0,not charged,1,0.004149377593360996,0,0.0,0.4149377593360996
buy_and_hold,futures_5x,1000.0,18.216967779426,-981.783032220574,-98.1783032220574,1,0.0,-850.3022435326533,-850.3022435326533,-850.3022435326533,98.86963766444775,-1.0211792823783725,36.144248501613646,4.562628692579964,True,Deribit perp + Deribit 8h funding,beta_perp_22,2024-12-03 00:00:00+00:00,2025-07-31 23:55:00+00:00,241.0,0.0005,1.0,131.48078868792018,Deribit 8h aggregation,2,0.008298755186721992,1,0.004149377593360996,0.8298755186721992
buy_and_hold,spot,1000.0,910.136827581691,-89.86317241830898,-8.9863172418309,1,0.0,-89.86317241830896,-89.86317241830896,-89.86317241830896,32.54336477316171,-0.04669153749740606,99.99823745064862,0.9989998900000001,False,real,beta_spot_23,2024-03-11 00:00:00+00:00,2024-09-23 23:55:00+00:00,197.0,0.001,1.0,0.0,not charged,1,0.005076142131979695,0,0.0,0.5076142131979695
buy_and_hold,futures_5x,1000.0,18.122669959242103,-981.8773300407579,-98.1877330040758,1,0.0,-871.7204651906842,-871.7204651906842,-871.7204651906842,98.63403488670453,0.47767743780534766,58.571277495769884,4.551914224516917,True,Deribit perp + Deribit 8h funding,beta_perp_23,2024-03-11 00:00:00+00:00,2024-09-23 23:55:00+00:00,197.0,0.0005,1.0,110.1568648500743,Deribit 8h aggregation,2,0.01015228426395939,1,0.005076142131979695,1.015228426395939
qre_council,spot,1000.0,8241.144773442562,7241.144773442562,724.1144773442562,1,0.0,7241.144773442563,7241.144773442563,7241.144773442563,57.23322267155944,1.4296900023719836,94.51265305346413,2008.9919711551247,False,real,inner_train,2017-01-01 00:00:00+00:00,2020-12-31 23:55:00+00:00,1461.0,0.001,1.0,0.0,not charged,4274,2.92539356605065,0,0.0,91.78644763860369
qre_council,spot,1000.0,652.0155810584411,-347.98441894155894,-34.79844189415589,1,0.0,-347.98441894155917,-347.98441894155917,-347.98441894155917,60.020553357695604,-0.45375426835940985,99.99952435312025,303.38268493271704,False,real,inner_val,2021-01-01 00:00:00+00:00,2022-12-31 23:55:00+00:00,730.0,0.001,1.0,0.0,not charged,2332,3.1945205479452055,0,0.0,97.94520547945206
qre_council,spot,1000.0,1289.1668951114762,289.16689511147615,28.91668951114761,1,0.0,289.16689511147905,289.16689511147905,289.16689511147905,41.31259779876254,0.4109713658012554,99.99973675966947,783.9329748619026,False,real,holdout,2023-01-01 00:00:00+00:00,2026-08-12 00:40:00+00:00,1319.03125,0.001,1.0,0.0,not charged,4012,3.0416261934658486,0,0.0,97.72727272727273
qre_council,spot,1000.0,306.1959343892902,-693.8040656107098,-69.38040656107098,1,0.0,-693.8040656107144,-693.8040656107144,-693.8040656107144,77.46044247001294,-1.226468739744303,99.99973675966947,1606.1101081264112,False,real,fee_stress,2023-01-01 00:00:00+00:00,2026-08-12 00:40:00+00:00,1319.03125,0.004,1.0,0.0,not charged,3958,3.000687057262669,0,0.0,97.65151515151516
qre_council,spot,1000.0,860.8195730800456,-139.18042691995436,-13.918042691995435,1,0.0,-139.18042691995726,-139.18042691995726,-139.18042691995726,48.609810835763135,0.0041806243457015,99.99973659047986,593.6145120028838,False,Coinbase ETH spot,eth_holdout,2023-01-01 00:00:00+00:00,2026-08-12 00:40:00+00:00,1319.03125,0.001,1.0,0.0,not charged,4287,3.2501125352412994,0,0.0,98.10606060606061
qre_council,futures_5x,1000.0,618.4686541772936,-381.5313458227064,-38.153134582270646,1,0.0,-277.11751138920374,-277.11751138920374,-277.11751138920374,54.958815000282115,-0.5609019100685778,99.99952435312025,54.05640129479353,False,Deribit perp + Deribit 8h funding,funded_val,2021-01-01 00:00:00+00:00,2022-12-31 23:55:00+00:00,730.0,0.0005,1.0,104.41383443350058,Deribit 8h aggregation,363,0.49726027397260275,0,0.0,42.73972602739726
qre_council,futures_5x,1000.0,1579.8796183348531,579.8796183348531,57.987961833485315,1,0.0,828.9684090712539,828.9684090712539,828.9684090712539,28.98003647556122,0.6517521392131418,99.99973675966947,170.29327533137385,False,Deribit perp + Deribit 8h funding,funded_holdout,2023-01-01 00:00:00+00:00,2026-08-12 00:40:00+00:00,1319.03125,0.0005,1.0,249.08879073638437,Deribit 8h aggregation,622,0.471558198488474,0,0.0,41.43939393939394
qre_council,spot,1000.0,7881.429527005087,6881.429527005087,688.1429527005088,1,0.0,6881.429527004991,6881.429527004991,6881.429527004991,59.01086881020595,0.7839006682909764,97.71597079402387,9413.620822599061,False,real,full_spot,2017-01-01 00:00:00+00:00,2026-08-12 00:40:00+00:00,3510.03125,0.001,0.0,0.0,not charged,10622,3.026183883690494,0,0.0,95.32896610652236
qre_council,futures_5x,1000.0,13637.096670689032,12637.096670689032,1263.7096670689034,1,0.0,12637.096670689001,12637.096670689001,12637.096670689001,55.53481534818266,0.9649830069144194,97.71597079402387,2398.215334935018,False,spot (perp proxy),full_proxy,2017-01-01 00:00:00+00:00,2026-08-12 00:40:00+00:00,3510.03125,0.0005,0.0,0.0,not charged,1731,0.4931580025106614,0,0.0,41.09940187980632
qre_council,spot,1000.0,1127.1376391438375,127.13763914383753,12.713763914383748,1,0.0,127.1376391438369,127.1376391438369,127.1376391438369,15.79461837633216,0.871302432318706,99.99840723751274,92.81303746476236,False,real,beta_spot_00,2024-06-20 00:00:00+00:00,2025-01-23 23:55:00+00:00,218.0,0.001,1.0,0.0,not charged,709,3.2522935779816513,0,0.0,98.62385321100918
qre_council,futures_5x,1000.0,1170.324112297497,170.3241122974971,17.032411229749698,1,0.0,209.43161284656125,209.43161284656125,209.43161284656125,13.948495038409892,1.1008535643407558,99.99840723751274,20.32196570552901,False,Deribit perp + Deribit 8h funding,beta_perp_00,2024-06-20 00:00:00+00:00,2025-01-23 23:55:00+00:00,218.0,0.0005,1.0,39.10750054906523,Deribit 8h aggregation,117,0.536697247706422,0,0.0,47.24770642201835
qre_council,spot,1000.0,1459.6865988262148,459.6865988262148,45.96865988262149,1,0.0,459.6865988262169,459.6865988262169,459.6865988262169,15.726035743229794,1.643733282102567,99.9989666005291,144.06794588268443,False,real,beta_spot_01,2023-05-19 00:00:00+00:00,2024-04-18 23:55:00+00:00,336.0,0.001,1.0,0.0,not charged,1009,3.0029761904761907,0,0.0,97.02380952380952
qre_council,futures_5x,1000.0,1394.6122740096257,394.6122740096257,39.461227400962564,1,0.0,477.1442636227534,477.1442636227534,477.1442636227534,14.288072329517393,1.5036160522421076,99.9989666005291,29.113773058257927,False,Deribit perp + Deribit 8h funding,beta_perp_01,2023-05-19 00:00:00+00:00,2024-04-18 23:55:00+00:00,336.0,0.0005,1.0,82.53198961312914,Deribit 8h aggregation,154,0.4583333333333333,0,0.0,40.476190476190474
qre_council,spot,1000.0,1072.4233657868194,72.42336578681943,7.2423365786819405,1,0.0,72.42336578681825,72.42336578681825,72.42336578681825,21.043386143129656,0.5211540261453749,99.99864366319444,103.77011782093915,False,real,beta_spot_02,2024-05-04 00:00:00+00:00,2025-01-14 23:55:00+00:00,256.0,0.001,1.0,0.0,not charged,824,3.21875,0,0.0,98.828125
qre_council,futures_5x,1000.0,1103.3626818836342,103.3626818836342,10.336268188363418,1,0.0,141.0449365642582,141.0449365642582,141.0449365642582,18.066162888770794,0.6871275147306231,99.99864366319444,23.645993807236884,False,Deribit perp + Deribit 8h funding,beta_perp_02,2024-05-04 00:00:00+00:00,2025-01-14 23:55:00+00:00,256.0,0.0005,1.0,37.682254680624105,Deribit 8h aggregation,143,0.55859375,0,0.0,47.65625
qre_council,spot,1000.0,762.7998780613071,-237.20012193869286,-23.720012193869287,1,0.0,-237.2001219386935,-237.2001219386935,-237.2001219386935,30.407898279639024,-1.8848376974573673,99.99875992063492,90.26127990376902,False,real,beta_spot_03,2025-05-10 00:00:00+00:00,2026-02-13 23:55:00+00:00,280.0,0.001,1.0,0.0,not charged,838,2.992857142857143,0,0.0,98.21428571428571
qre_council,futures_5x,1000.0,849.1727391227087,-150.82726087729134,-15.082726087729137,1,0.0,-127.50330748374515,-127.50330748374515,-127.50330748374515,23.109378112616984,-1.102561780637833,99.99875992063492,18.100833118369295,False,Deribit perp + Deribit 8h funding,beta_perp_03,2025-05-10 00:00:00+00:00,2026-02-13 23:55:00+00:00,280.0,0.0005,1.0,23.323953393544258,Deribit 8h aggregation,115,0.4107142857142857,0,0.0,37.857142857142854
qre_council,spot,1000.0,1214.0602297081048,214.06022970810477,21.40602297081047,1,0.0,214.06022970810483,214.06022970810483,214.06022970810483,15.726035743229788,1.6129358644138856,99.99825516471245,70.02228698058147,False,real,beta_spot_04,2023-06-07 00:00:00+00:00,2023-12-22 23:55:00+00:00,199.0,0.001,1.0,0.0,not charged,558,2.8040201005025125,0,0.0,96.48241206030151
qre_council,futures_5x,1000.0,1248.588028587699,248.588028587699,24.85880285876989,1,0.0,280.94704144027065,280.94704144027065,280.94704144027065,14.288072329517282,1.8543617062760496,99.99825516471245,12.025984586402682,False,Deribit perp + Deribit 8h funding,beta_perp_04,2023-06-07 00:00:00+00:00,2023-12-22 23:55:00+00:00,199.0,0.0005,1.0,32.35901285257195,Deribit 8h aggregation,70,0.35175879396984927,0,0.0,30.65326633165829
qre_council,spot,1000.0,1233.4424098168088,233.44240981680878,23.344240981680887,1,0.0,233.44240981680912,233.44240981680912,233.44240981680912,18.093510215802176,0.9548740939073485,99.99902738873327,141.9715077848229,False,real,beta_spot_05,2023-01-27 00:00:00+00:00,2024-01-18 23:55:00+00:00,357.0,0.001,1.0,0.0,not charged,1049,2.9383753501400562,0,0.0,96.63865546218487
qre_council,futures_5x,1000.0,1295.1904326660895,295.19043266608946,29.519043266608946,1,0.0,346.48221669220794,346.48221669220794,346.48221669220794,17.379771080834132,1.1689086759166598,99.99902738873327,28.257580951263918,False,Deribit perp + Deribit 8h funding,beta_perp_05,2023-01-27 00:00:00+00:00,2024-01-18 23:55:00+00:00,357.0,0.0005,1.0,51.29178402611523,Deribit 8h aggregation,156,0.4369747899159664,0,0.0,38.93557422969187
qre_council,spot,1000.0,1304.6278162697554,304.6278162697554,30.462781626975534,1,0.0,304.62781626975493,304.62781626975493,304.62781626975493,15.435223732650952,1.159833139139506,99.99900509391914,151.74238041218203,False,real,beta_spot_06,2023-07-05 00:00:00+00:00,2024-06-17 23:55:00+00:00,349.0,0.001,1.0,0.0,not charged,1061,3.0401146131805157,0,0.0,97.13467048710602
qre_council,futures_5x,1000.0,1277.6108611142145,277.61086111421446,27.761086111421452,1,0.0,354.41593196371736,354.41593196371736,354.41593196371736,14.763677701541159,1.1044770108508721,99.99900509391914,31.099066916916698,False,Deribit perp + Deribit 8h funding,beta_perp_06,2023-07-05 00:00:00+00:00,2024-06-17 23:55:00+00:00,349.0,0.0005,1.0,76.80507084950337,Deribit 8h aggregation,166,0.47564469914040114,0,0.0,41.260744985673355
qre_council,spot,1000.0,1034.1426929033007,34.14269290330071,3.414269290330063,1,0.0,34.14269290330115,34.14269290330115,34.14269290330115,16.88144027229344,0.37478641127894324,99.99828107810781,73.46007172567322,False,real,beta_spot_07,2023-03-05 00:00:00+00:00,2023-09-22 23:55:00+00:00,202.0,0.001,1.0,0.0,not charged,555,2.7475247524752477,0,0.0,96.03960396039604
qre_council,futures_5x,1000.0,1028.6380020995553,28.63800209955525,2.863800209955536,1,0.0,41.91114888256881,41.91114888256881,41.91114888256881,17.19761001208359,0.3350288658684361,99.99828107810781,15.322832370683988,False,Deribit perp + Deribit 8h funding,beta_perp_07,2023-03-05 00:00:00+00:00,2023-09-22 23:55:00+00:00,202.0,0.0005,1.0,13.273146783013004,Deribit 8h aggregation,85,0.4207920792079208,0,0.0,38.118811881188115
qre_council,spot,1000.0,1538.6014879351656,538.6014879351656,53.86014879351655,1,0.0,538.6014879351649,538.6014879351649,538.6014879351649,10.13597071012833,4.0868885983964045,99.99736952861953,65.43667915620364,False,real,beta_spot_08,2023-10-20 00:00:00+00:00,2024-02-28 23:55:00+00:00,132.0,0.001,1.0,0.0,not charged,426,3.227272727272727,0,0.0,96.96969696969697
qre_council,futures_5x,1000.0,1544.987262109672,544.987262109672,54.498726210967206,1,0.0,588.2112579094215,588.2112579094215,588.2112579094215,9.029845103049242,4.364677261402747,99.99736952861953,12.752282097402196,False,Deribit perp + Deribit 8h funding,beta_perp_08,2023-10-20 00:00:00+00:00,2024-02-28 23:55:00+00:00,132.0,0.0005,1.0,43.223995799750874,Deribit 8h aggregation,64,0.48484848484848486,0,0.0,40.15151515151515
qre_council,spot,1000.0,1296.0954756401961,296.0954756401961,29.60954756401961,1,0.0,296.09547564019374,296.09547564019374,296.09547564019374,25.91830877422491,1.0866850994036814,99.99903280718044,175.10714404201968,False,real,beta_spot_09,2024-01-18 00:00:00+00:00,2025-01-10 23:55:00+00:00,359.0,0.001,1.0,0.0,not charged,1155,3.2172701949860723,0,0.0,98.60724233983287
qre_council,futures_5x,1000.0,1286.4257224540202,286.42572245402016,28.642572245402008,1,0.0,361.6407047615788,361.6407047615788,361.6407047615788,23.760548501740722,1.0782447782684272,99.99903280718044,37.80205900091307,False,Deribit perp + Deribit 8h funding,beta_perp_09,2024-01-18 00:00:00+00:00,2025-01-10 23:55:00+00:00,359.0,0.0005,1.0,75.2149823075569,Deribit 8h aggregation,200,0.5571030640668524,0,0.0,48.467966573816156
qre_council,spot,1000.0,780.4908984400192,-219.50910155998076,-21.95091015599807,1,0.0,-219.5091015599818,-219.5091015599818,-219.5091015599818,27.735676891520715,-1.6892932291236733,99.99869465329992,80.76692463128114,False,real,beta_spot_10,2025-08-23 00:00:00+00:00,2026-05-15 23:55:00+00:00,266.0,0.001,1.0,0.0,not charged,802,3.0150375939849625,0,0.0,96.99248120300751
qre_council,futures_5x,1000.0,850.4854474467708,-149.51455255322924,-14.951455255322921,1,0.0,-138.70520438764234,-138.70520438764234,-138.70520438764234,22.083550905573908,-1.1049194961370457,99.99869465329992,17.394264318784334,False,Deribit perp + Deribit 8h funding,beta_perp_10,2025-08-23 00:00:00+00:00,2026-05-15 23:55:00+00:00,266.0,0.0005,1.0,10.809348165586815,Deribit 8h aggregation,123,0.462406015037594,0,0.0,40.225563909774436
qre_council,spot,1000.0,1117.0120341699753,117.01203416997532,11.70120341699754,1,0.0,117.01203416997305,117.01203416997305,117.01203416997305,15.794618376332151,0.9327100163780581,99.99818208260616,81.65727668693566,False,real,beta_spot_11,2024-06-23 00:00:00+00:00,2024-12-30 23:55:00+00:00,191.0,0.001,1.0,0.0,not charged,617,3.230366492146597,0,0.0,98.42931937172774
qre_council,futures_5x,1000.0,1148.4235749433005,148.42357494330054,14.842357494330049,1,0.0,179.1410202790948,179.1410202790948,179.1410202790948,13.670625168202186,1.1382844230509894,99.99818208260616,18.502640790442907,False,Deribit perp + Deribit 8h funding,beta_perp_11,2024-06-23 00:00:00+00:00,2024-12-30 23:55:00+00:00,191.0,0.0005,1.0,30.717445335794757,Deribit 8h aggregation,109,0.5706806282722513,0,0.0,47.64397905759162
qre_council,spot,1000.0,974.466812382544,-25.53318761745595,-2.5533187617455932,1,0.0,-25.533187617454615,-25.533187617454615,-25.533187617454615,12.546797270756088,-0.13915447592835845,99.9982725262576,71.79858265947794,False,real,beta_spot_12,2025-03-06 00:00:00+00:00,2025-09-22 23:55:00+00:00,201.0,0.001,1.0,0.0,not charged,626,3.1144278606965172,0,0.0,98.50746268656717
qre_council,futures_5x,1000.0,1048.4102450995101,48.41024509951012,4.8410245099510085,1,0.0,64.77957270478589,64.77957270478589,64.77957270478589,10.006224262416872,0.5439768819389437,99.9982725262576,14.199389437623843,False,Deribit perp + Deribit 8h funding,beta_perp_12,2025-03-06 00:00:00+00:00,2025-09-22 23:55:00+00:00,201.0,0.0005,1.0,16.369327605279455,Deribit 8h aggregation,85,0.4228855721393035,0,0.0,37.3134328358209
qre_council,spot,1000.0,1084.5278992484875,84.52789924848753,8.452789924848748,1,0.0,84.52789924848855,84.52789924848855,84.52789924848855,22.48718641402888,0.6612147306133749,99.99825516471245,97.03748695137716,False,real,beta_spot_13,2024-02-01 00:00:00+00:00,2024-08-17 23:55:00+00:00,199.0,0.001,1.0,0.0,not charged,636,3.1959798994974875,0,0.0,98.49246231155779
qre_council,futures_5x,1000.0,1053.479400887839,53.47940088783889,5.347940088783898,1,0.0,95.05273381792757,95.05273381792757,95.05273381792757,23.01096362947817,0.4804434597063744,99.99825516471245,22.085696763605274,False,Deribit perp + Deribit 8h funding,beta_perp_13,2024-02-01 00:00:00+00:00,2024-08-17 23:55:00+00:00,199.0,0.0005,1.0,41.57333293008783,Deribit 8h aggregation,119,0.5979899497487438,0,0.0,52.26130653266332
qre_council,spot,1000.0,1016.0165011895159,16.016501189515907,1.601650118951592,1,0.0,16.016501189516028,16.016501189516028,16.016501189516028,17.859030173347275,0.23079976369060135,99.99840723751274,76.68416637686899,False,real,beta_spot_14,2023-03-03 00:00:00+00:00,2023-10-06 23:55:00+00:00,218.0,0.001,1.0,0.0,not charged,600,2.7522935779816513,0,0.0,95.87155963302752
qre_council,futures_5x,1000.0,1014.9872832937671,14.987283293767064,1.4987283293766973,1,0.0,29.30419800232982,29.30419800232982,29.30419800232982,17.379771080834097,0.223530516985105,99.99840723751274,16.182021071278665,False,Deribit perp + Deribit 8h funding,beta_perp_14,2023-03-03 00:00:00+00:00,2023-10-06 23:55:00+00:00,218.0,0.0005,1.0,14.31691470856078,Deribit 8h aggregation,93,0.42660550458715596,0,0.0,38.07339449541284
qre_council,spot,1000.0,1024.8376943986896,24.837694398689564,2.483769439868966,1,0.0,24.837694398689855,24.837694398689855,24.837694398689855,18.09351021580219,0.2835708484941804,99.99848374575448,79.55554429613883,False,real,beta_spot_15,2023-03-03 00:00:00+00:00,2023-10-17 23:55:00+00:00,229.0,0.001,1.0,0.0,not charged,628,2.7423580786026203,0,0.0,96.06986899563319
qre_council,futures_5x,1000.0,1017.8955345938627,17.89553459386275,1.7895534593862727,1,0.0,33.09026566085058,33.09026566085058,33.09026566085058,17.379771080834097,0.23798002879190203,99.99848374575448,16.818128704222257,False,Deribit perp + Deribit 8h funding,beta_perp_15,2023-03-03 00:00:00+00:00,2023-10-17 23:55:00+00:00,229.0,0.0005,1.0,15.194731066985808,Deribit 8h aggregation,97,0.42358078602620086,0,0.0,37.99126637554585
qre_council,spot,1000.0,1124.8200453459965,124.8200453459965,12.482004534599644,1,0.0,124.82004534599925,124.82004534599925,124.82004534599925,26.96897469373684,0.6319546337351144,99.99896966699637,139.8414398774424,False,real,beta_spot_16,2024-08-12 00:00:00+00:00,2025-07-14 23:55:00+00:00,337.0,0.001,1.0,0.0,not charged,1091,3.2373887240356085,0,0.0,99.10979228486647
qre_council,futures_5x,1000.0,1280.4923687577361,280.49236875773613,28.04923687577361,1,0.0,327.97797263340414,327.97797263340414,327.97797263340414,21.028796309919905,1.2076962424210347,99.99896966699637,30.487274458561124,False,Deribit perp + Deribit 8h funding,beta_perp_16,2024-08-12 00:00:00+00:00,2025-07-14 23:55:00+00:00,337.0,0.0005,1.0,47.485603875667316,Deribit 8h aggregation,167,0.49554896142433236,0,0.0,43.916913946587535
qre_council,spot,1000.0,692.2632999493752,-307.7367000506248,-30.77367000506248,1,0.0,-307.7367000506258,-307.7367000506258,-307.7367000506258,33.23304485612793,-1.9799591430680585,99.99902738873327,98.57638846562475,False,real,beta_spot_17,2025-07-20 00:00:00+00:00,2026-07-11 23:55:00+00:00,357.0,0.001,1.0,0.0,not charged,1038,2.907563025210084,0,0.0,97.19887955182072
qre_council,futures_5x,1000.0,765.0010314368886,-234.99896856311136,-23.499896856311132,1,0.0,-219.2293646302379,-219.2293646302379,-219.2293646302379,26.657551210481124,-1.4515675384866238,99.99902738873327,20.95988481787695,False,Deribit perp + Deribit 8h funding,beta_perp_17,2025-07-20 00:00:00+00:00,2026-07-11 23:55:00+00:00,357.0,0.0005,1.0,15.769603932874102,Deribit 8h aggregation,153,0.42857142857142855,0,0.0,37.254901960784316
qre_council,spot,1000.0,820.3707801350786,-179.62921986492142,-17.96292198649214,1,0.0,-179.6292198649218,-179.6292198649218,-179.6292198649218,19.56373094910222,-1.766518956415411,99.99824635241302,61.32107859910003,False,real,beta_spot_18,2025-12-09 00:00:00+00:00,2026-06-24 23:55:00+00:00,198.0,0.001,1.0,0.0,not charged,568,2.8686868686868685,0,0.0,96.96969696969697
qre_council,futures_5x,1000.0,844.7877383284025,-155.2122616715975,-15.521226167159751,1,0.0,-151.76828224771398,-151.76828224771398,-151.76828224771398,18.516003840480323,-1.5820218724579531,99.99824635241302,14.034629125554,False,Deribit perp + Deribit 8h funding,beta_perp_18,2025-12-09 00:00:00+00:00,2026-06-24 23:55:00+00:00,198.0,0.0005,1.0,3.4439794238826784,Deribit 8h aggregation,97,0.4898989898989899,0,0.0,41.41414141414141
qre_council,spot,1000.0,1288.4931219521716,288.4931219521716,28.84931219521716,1,0.0,288.49312195217084,288.49312195217084,288.49312195217084,15.370772239664266,1.6671578855381728,99.9982725262576,101.32291190151606,False,real,beta_spot_19,2023-11-20 00:00:00+00:00,2024-06-07 23:55:00+00:00,201.0,0.001,1.0,0.0,not charged,655,3.2587064676616917,0,0.0,97.51243781094527
qre_council,futures_5x,1000.0,1224.7296127155546,224.7296127155546,22.47296127155547,1,0.0,280.3186524247064,280.3186524247064,280.3186524247064,14.763677701541269,1.4186482677748589,99.9982725262576,21.792049972257097,False,Deribit perp + Deribit 8h funding,beta_perp_19,2023-11-20 00:00:00+00:00,2024-06-07 23:55:00+00:00,201.0,0.0005,1.0,55.589039709147706,Deribit 8h aggregation,116,0.5771144278606966,0,0.0,50.24875621890547
qre_council,spot,1000.0,843.8366290038459,-156.16337099615407,-15.616337099615407,1,0.0,-156.16337099615373,-156.16337099615373,-156.16337099615373,21.044919495439302,-1.6413440288496093,99.99800446998722,54.46554199512898,False,real,beta_spot_20,2025-11-04 00:00:00+00:00,2026-04-26 23:55:00+00:00,174.0,0.001,1.0,0.0,not charged,532,3.057471264367816,0,0.0,97.70114942528735
qre_council,futures_5x,1000.0,886.654874465716,-113.34512553428397,-11.3345125534284,1,0.0,-110.32000299906966,-110.32000299906966,-110.32000299906966,17.156418204548114,-1.1999999313794159,99.99800446998722,12.139180371587768,False,Deribit perp + Deribit 8h funding,beta_perp_20,2025-11-04 00:00:00+00:00,2026-04-26 23:55:00+00:00,174.0,0.0005,1.0,3.025122535213481,Deribit 8h aggregation,87,0.5,0,0.0,42.52873563218391
qre_council,spot,1000.0,1150.0875309417702,150.08753094177018,15.008753094177019,1,0.0,150.08753094177058,150.08753094177058,150.08753094177058,15.604351378284251,1.4526282462759836,99.99748389694042,54.73341880174763,False,real,beta_spot_21,2023-02-07 00:00:00+00:00,2023-06-24 23:55:00+00:00,138.0,0.001,1.0,0.0,not charged,401,2.9057971014492754,0,0.0,97.10144927536231
qre_council,futures_5x,1000.0,1165.4294009441267,165.42940094412666,16.54294009441266,1,0.0,174.0384970045073,174.0384970045073,174.0384970045073,15.02999432948914,1.614084267890804,99.99748389694042,12.307601541110142,False,Deribit perp + Deribit 8h funding,beta_perp_21,2023-02-07 00:00:00+00:00,2023-06-24 23:55:00+00:00,138.0,0.0005,1.0,8.609096060381138,Deribit 8h aggregation,71,0.5144927536231884,0,0.0,46.3768115942029
qre_council,spot,1000.0,895.2365434588737,-104.76345654112629,-10.47634565411263,1,0.0,-104.76345654112569,-104.76345654112569,-104.76345654112569,26.96897469373677,-0.5899522107464135,99.9985592438912,82.23427841363413,False,real,beta_spot_22,2024-12-03 00:00:00+00:00,2025-07-31 23:55:00+00:00,241.0,0.001,1.0,0.0,not charged,778,3.228215767634855,0,0.0,99.5850622406639
qre_council,futures_5x,1000.0,990.958609130374,-9.041390869625957,-0.9041390869625965,1,0.0,15.031600052512708,15.031600052512708,15.031600052512708,21.0289843022114,0.06060571255283721,99.9985592438912,17.373806306963356,False,Deribit perp + Deribit 8h funding,beta_perp_22,2024-12-03 00:00:00+00:00,2025-07-31 23:55:00+00:00,241.0,0.0005,1.0,24.072990922139127,Deribit 8h aggregation,111,0.4605809128630705,0,0.0,43.15352697095436
qre_council,spot,1000.0,815.0935634075233,-184.90643659247667,-18.490643659247663,1,0.0,-184.90643659247795,-184.90643659247795,-184.90643659247795,25.61427629412834,-1.4412265924833971,99.99823745064862,72.02598542051224,False,real,beta_spot_23,2024-03-11 00:00:00+00:00,2024-09-23 23:55:00+00:00,197.0,0.001,1.0,0.0,not charged,636,3.228426395939086,0,0.0,99.49238578680203
qre_council,futures_5x,1000.0,847.9227519890802,-152.0772480109198,-15.207724801091981,1,0.0,-134.93241362945275,-134.93241362945275,-134.93241362945275,23.145942390108235,-1.1299371975435815,99.99823745064862,16.08481186606116,False,Deribit perp + Deribit 8h funding,beta_perp_23,2024-03-11 00:00:00+00:00,2024-09-23 23:55:00+00:00,197.0,0.0005,1.0,17.14483438146627,Deribit 8h aggregation,110,0.5583756345177665,0,0.0,49.23857868020305
kelly_regime_v4,spot,1000.0,18402.47247771222,17402.47247771222,1740.247247771222,72,15.492957746478874,10664.684465236123,-194.64851994614008,241.70100663489185,43.4454669105705,2.024261117853587,67.64582858012017,505.4420108931239,False,real,inner_train,2017-01-01 00:00:00+00:00,2020-12-31 23:55:00+00:00,1461.0,0.001,1.0,0.0,not charged,467,0.3196440793976728,71,0.0485968514715948,19.644079397672826
kelly_regime_v4,spot,1000.0,1042.4796192191411,42.479619219141114,4.247961921914101,52,7.6923076923076925,322.76613749118843,-41.012073299189545,0.816915754214248,33.44487620225373,0.21956846879326303,56.079242770167426,75.44977285238531,False,real,inner_val,2021-01-01 00:00:00+00:00,2022-12-31 23:55:00+00:00,730.0,0.001,1.0,0.0,not charged,259,0.3547945205479452,52,0.07123287671232877,21.36986301369863
kelly_regime_v4,spot,1000.0,3391.8542228921915,2391.8542228921915,239.18542228921913,51,19.607843137254903,1104.4890810763534,-147.5579805261599,46.89910240965082,27.991185544707626,1.2246530330299032,70.78058655210448,313.75554862775437,False,real,holdout,2023-01-01 00:00:00+00:00,2026-08-12 00:40:00+00:00,1319.03125,0.001,1.0,0.0,not charged,331,0.2509417422824516,51,0.038664739747447226,18.333333333333332
kelly_regime_v4,spot,1000.0,2453.7487704635955,1453.7487704635955,145.37487704635956,51,19.607843137254903,875.8475808241074,-133.08633141003867,28.50487785222736,34.28333981873071,0.9429662305795982,70.78058655210448,1039.2649853623086,False,real,fee_stress,2023-01-01 00:00:00+00:00,2026-08-12 00:40:00+00:00,1319.03125,0.004,1.0,0.0,not charged,331,0.2509417422824516,51,0.038664739747447226,18.333333333333332
kelly_regime_v4,spot,1000.0,2399.990786222336,1399.9907862223358,139.99907862223358,74,13.698630136986301,978.16535762399,-71.59305351349528,18.918794408409962,35.50472278598144,0.8790795147812381,65.5091574319679,216.64549179171803,False,Coinbase ETH spot,eth_holdout,2023-01-01 00:00:00+00:00,2026-08-12 00:40:00+00:00,1319.03125,0.001,1.0,0.0,not charged,402,0.30476912506811343,73,0.055343647089483285,19.848484848484848
kelly_regime_v4,futures_5x,1000.0,982.5557470956732,-17.444252904326845,-1.744425290432683,51,9.803921568627452,380.5219472981359,-46.572760767125516,2.2274315281796793,34.56459861016222,0.1291625156202511,56.106830289193304,26.49788842528329,False,Deribit perp + Deribit 8h funding,funded_val,2021-01-01 00:00:00+00:00,2022-12-31 23:55:00+00:00,730.0,0.0005,1.0,131.04326084148713,Deribit 8h aggregation,146,0.2,51,0.06986301369863014,14.794520547945206
kelly_regime_v4,futures_5x,1000.0,3193.1810646685417,2193.1810646685417,219.31810646685418,52,21.153846153846153,1189.9325699916872,-171.7306721101888,54.774701983066386,33.98922603537821,1.0693824903841895,70.80533114317379,186.5692916727466,False,Deribit perp + Deribit 8h funding,funded_holdout,2023-01-01 00:00:00+00:00,2026-08-12 00:40:00+00:00,1319.03125,0.0005,1.0,655.1034384509135,Deribit 8h aggregation,336,0.2547324030420053,52,0.039422871899357954,18.03030303030303
kelly_regime_v4,spot,1000.0,66793.93998183955,65793.93998183955,6579.393998183954,174,14.367816091954023,21682.215137041632,-2883.295091546771,378.12609184965265,43.25482798806939,1.4222734529394543,66.41837036509449,8049.511502843126,False,real,full_spot,2017-01-01 00:00:00+00:00,2026-08-12 00:40:00+00:00,3510.03125,0.001,0.0,0.0,not charged,1056,0.30085202232886105,174,0.049572208224641874,19.48162916547992
kelly_regime_v4,futures_5x,1000.0,156170.24996341177,155170.24996341177,15517.024996341177,174,14.942528735632184,53784.448501585124,-8816.558160080353,891.7830457667349,35.29268515137346,1.591551217731024,66.41837036509449,9532.020260286949,False,spot (perp proxy),full_proxy,2017-01-01 00:00:00+00:00,2026-08-12 00:40:00+00:00,3510.03125,0.0005,0.0,0.0,not charged,730,0.20797535634476189,174,0.049572208224641874,14.61122187410994
kelly_regime_v4,spot,1000.0,1435.2567017451454,435.2567017451454,43.525670174514545,6,20.0,395.9196699445928,-33.14397147269783,72.54278362419093,16.354279755342578,1.8023995687168664,72.55351681957187,21.46005248014676,False,real,beta_spot_00,2024-06-20 00:00:00+00:00,2025-01-23 23:55:00+00:00,218.0,0.001,1.0,0.0,not charged,61,0.2798165137614679,5,0.022935779816513763,20.642201834862384
kelly_regime_v4,futures_5x,1000.0,1411.054936458929,411.054936458929,41.105493645892885,6,20.0,438.0390572951248,-28.37691137272273,80.07225383392813,17.267573652685012,1.6079510625968945,72.56785168195718,12.230559958638594,False,Deribit perp + Deribit 8h funding,beta_perp_00,2024-06-20 00:00:00+00:00,2025-01-23 23:55:00+00:00,218.0,0.0005,1.0,69.37858654464024,Deribit 8h aggregation,62,0.28440366972477066,5,0.022935779816513763,19.26605504587156
kelly_regime_v4,spot,1000.0,2071.4362519747783,1071.4362519747783,107.14362519747782,10,22.22222222222222,611.2214268371569,-25.537304205424523,107.14362519747786,17.2977914474132,2.3251562371070116,83.06981646825396,30.146104713147917,False,real,beta_spot_01,2023-05-19 00:00:00+00:00,2024-04-18 23:55:00+00:00,336.0,0.001,1.0,0.0,not charged,87,0.25892857142857145,9,0.026785714285714284,19.345238095238095
kelly_regime_v4,futures_5x,1000.0,1912.913235754419,912.913235754419,91.2913235754419,10,22.22222222222222,667.1323593808669,-25.613821532296623,107.32149948644937,20.646635098974777,1.8392346031139608,83.3860367063492,20.98145010282597,False,Deribit perp + Deribit 8h funding,beta_perp_01,2023-05-19 00:00:00+00:00,2024-04-18 23:55:00+00:00,336.0,0.0005,1.0,160.3017591100749,Deribit 8h aggregation,80,0.23809523809523808,9,0.026785714285714284,17.55952380952381
kelly_regime_v4,spot,1000.0,1305.8801335888404,305.8801335888404,30.588013358884037,10,22.22222222222222,383.09128463734277,-32.070057573133795,30.58801335888406,16.354279755342592,1.274141113126025,71.91704644097223,26.24954889492897,False,real,beta_spot_02,2024-05-04 00:00:00+00:00,2025-01-14 23:55:00+00:00,256.0,0.001,1.0,0.0,not charged,78,0.3046875,9,0.03515625,21.875
kelly_regime_v4,futures_5x,1000.0,1283.9814596180413,283.9814596180413,28.398145961804122,10,22.22222222222222,423.89474791279065,-27.460619076210524,35.02958886965767,17.26757365268509,1.1331146171833013,71.92654079861111,14.318227682051582,False,Deribit perp + Deribit 8h funding,beta_perp_02,2024-05-04 00:00:00+00:00,2025-01-14 23:55:00+00:00,256.0,0.0005,1.0,66.3144290785339,Deribit 8h aggregation,77,0.30078125,9,0.03515625,20.703125
kelly_regime_v4,spot,1000.0,919.5751402278263,-80.4248597721737,-8.042485977217373,8,12.5,30.02489131648751,-35.900217403769695,-10.053107471521741,19.53438414152748,-0.3793640319712483,58.50074404761905,18.761427086847238,False,real,beta_spot_03,2025-05-10 00:00:00+00:00,2026-02-13 23:55:00+00:00,280.0,0.001,1.0,0.0,not charged,45,0.16071428571428573,8,0.02857142857142857,12.5
kelly_regime_v4,futures_5x,1000.0,908.090980547997,-91.90901945200301,-9.190901945200302,8,12.5,93.07785846755279,-44.08726216551278,-6.246223174445815,26.69907894484319,-0.3075094559682804,58.498263888888886,13.09934927067836,False,Deribit perp + Deribit 8h funding,beta_perp_03,2025-05-10 00:00:00+00:00,2026-02-13 23:55:00+00:00,280.0,0.0005,1.0,41.93923405643614,Deribit 8h aggregation,54,0.19285714285714287,8,0.02857142857142857,13.571428571428571
kelly_regime_v4,spot,1000.0,1572.7523027810967,572.7523027810967,57.27523027810966,7,16.666666666666668,596.9301839692574,-26.445174716119993,81.8217575401567,17.297791447413218,2.678134161498362,80.22054718034617,11.980431946059218,False,real,beta_spot_04,2023-06-07 00:00:00+00:00,2023-12-22 23:55:00+00:00,199.0,0.001,1.0,0.0,not charged,34,0.1708542713567839,6,0.03015075376884422,13.06532663316583
kelly_regime_v4,futures_5x,1000.0,1585.753620970662,585.753620970662,58.5753620970662,7,16.666666666666668,659.3420872187085,-22.45606284508338,92.7044667240581,20.646635098974826,2.250343061790507,80.27812674483529,9.642549024698654,False,Deribit perp + Deribit 8h funding,beta_perp_04,2023-06-07 00:00:00+00:00,2023-12-22 23:55:00+00:00,199.0,0.0005,1.0,63.177646097742034,Deribit 8h aggregation,40,0.20100502512562815,6,0.03015075376884422,14.07035175879397
kelly_regime_v4,spot,1000.0,1539.1811748479304,539.1811748479304,53.91811748479305,13,16.666666666666668,555.7024375505924,-56.23010081561006,41.47547498830238,24.035283328367367,1.4069056250274776,83.51521164021165,29.624987505371084,False,real,beta_spot_05,2023-01-27 00:00:00+00:00,2024-01-18 23:55:00+00:00,357.0,0.001,1.0,0.0,not charged,90,0.25210084033613445,12,0.03361344537815126,18.48739495798319
kelly_regime_v4,futures_5x,1000.0,1395.0987566619688,395.09875666196876,39.50987566619688,13,16.666666666666668,486.7312936436462,-64.49812162159883,37.85921576661801,27.116906380734978,1.0209883031698275,83.63095238095238,20.974003656272664,False,Deribit perp + Deribit 8h funding,beta_perp_05,2023-01-27 00:00:00+00:00,2024-01-18 23:55:00+00:00,357.0,0.0005,1.0,97.07104830406779,Deribit 8h aggregation,89,0.24929971988795518,12,0.03361344537815126,18.48739495798319
kelly_regime_v4,spot,1000.0,1829.3021728538288,829.3021728538288,82.93021728538288,12,27.272727272727273,548.6628128692961,-70.76126528324639,69.10851440448579,18.476683832081847,1.900075306576334,87.06124641833811,38.03259023699911,False,real,beta_spot_06,2023-07-05 00:00:00+00:00,2024-06-17 23:55:00+00:00,349.0,0.001,1.0,0.0,not charged,98,0.2808022922636103,11,0.03151862464183381,20.630372492836678
kelly_regime_v4,futures_5x,1000.0,1659.5565723278742,659.5565723278742,65.95565723278742,13,33.333333333333336,573.487345107788,-85.3479798457159,62.35001102612917,20.69649892529547,1.4546324655814589,87.04532792104425,23.815638943664347,False,Deribit perp + Deribit 8h funding,beta_perp_06,2023-07-05 00:00:00+00:00,2024-06-17 23:55:00+00:00,349.0,0.0005,1.0,150.99357101180303,Deribit 8h aggregation,90,0.25787965616045844,12,0.034383954154727794,18.911174785100286
kelly_regime_v4,spot,1000.0,1031.8752772566054,31.875277256605386,3.1875277256605328,12,18.181818181818183,119.98805638729692,-28.479257211845283,2.656273104717165,22.069658275513003,0.3395585265400456,71.85093509350935,21.379469158793697,False,real,beta_spot_07,2023-03-05 00:00:00+00:00,2023-09-22 23:55:00+00:00,202.0,0.001,1.0,0.0,not charged,56,0.27722772277227725,11,0.054455445544554455,19.801980198019802
kelly_regime_v4,futures_5x,1000.0,1041.5177976521547,41.51779765215474,4.15177976521548,12,18.181818181818183,138.80458745595976,-27.983126449626663,5.314361356549461,23.466496893761416,0.38933030506283234,72.06064356435644,11.958233780000722,False,Deribit perp + Deribit 8h funding,beta_perp_07,2023-03-05 00:00:00+00:00,2023-09-22 23:55:00+00:00,202.0,0.0005,1.0,22.254538626438787,Deribit 8h aggregation,53,0.2623762376237624,11,0.054455445544554455,19.306930693069308
kelly_regime_v4,spot,1000.0,2070.6972134899283,1070.6972134899283,107.06972134899284,2,100.0,613.6446256995985,457.0525877903298,535.3486067449642,12.814490482369187,4.930607853501516,97.16698232323232,7.959379610977367,False,real,beta_spot_08,2023-10-20 00:00:00+00:00,2024-02-28 23:55:00+00:00,132.0,0.001,1.0,0.0,not charged,34,0.25757575757575757,1,0.007575757575757576,19.696969696969695
kelly_regime_v4,futures_5x,1000.0,2081.816576698099,1081.8165766980992,108.18165766980994,2,100.0,708.519894561941,466.32067766775833,587.4202861148497,19.605113103285536,4.157115770878818,97.16698232323232,8.309610066865048,False,Deribit perp + Deribit 8h funding,beta_perp_08,2023-10-20 00:00:00+00:00,2024-02-28 23:55:00+00:00,132.0,0.0005,1.0,93.0239955316,Deribit 8h aggregation,28,0.21212121212121213,1,0.007575757575757576,16.666666666666668
kelly_regime_v4,spot,1000.0,1795.6579212796687,795.6579212796687,79.56579212796686,12,18.181818181818183,558.5001345924773,-43.91995086945477,66.30482677330578,23.646679235054737,1.802195772828231,77.75553234292789,44.94604801613289,False,real,beta_spot_09,2024-01-18 00:00:00+00:00,2025-01-10 23:55:00+00:00,359.0,0.001,1.0,0.0,not charged,114,0.31754874651810583,11,0.03064066852367688,22.56267409470752
kelly_regime_v4,futures_5x,1000.0,1795.273641568801,795.2736415688009,79.52736415688008,13,25.0,623.4540944715959,-38.234697079594255,72.57765817761721,25.090183028520347,1.67620259861857,77.70523831631074,26.094659616948864,False,Deribit perp + Deribit 8h funding,beta_perp_09,2024-01-18 00:00:00+00:00,2025-01-10 23:55:00+00:00,359.0,0.0005,1.0,148.23591474022305,Deribit 8h aggregation,106,0.29526462395543174,12,0.033426183844011144,20.33426183844011
kelly_regime_v4,spot,1000.0,871.3751133118132,-128.62488668818685,-12.862488668818683,15,0.0,90.75023451613102,-34.03978872286907,-8.574992445879142,26.478935043820467,-0.8051840164273396,45.54876775271512,20.049485901375608,False,real,beta_spot_10,2025-08-23 00:00:00+00:00,2026-05-15 23:55:00+00:00,266.0,0.001,1.0,0.0,not charged,54,0.20300751879699247,14,0.05263157894736842,15.413533834586467
kelly_regime_v4,futures_5x,1000.0,844.5090981791765,-155.49090182082352,-15.549090182082349,15,0.0,93.09636001971958,-40.418791375375896,-9.458209085323123,31.414908620023564,-0.8450913022939045,45.497859231411866,11.388084170510018,False,Deribit perp + Deribit 8h funding,beta_perp_10,2025-08-23 00:00:00+00:00,2026-05-15 23:55:00+00:00,266.0,0.0005,1.0,13.617765540975917,Deribit 8h aggregation,60,0.22556390977443608,14,0.05263157894736842,15.413533834586467
kelly_regime_v4,spot,1000.0,1371.0821043332253,371.0821043332253,37.10821043332253,5,0.0,437.4671622066895,-33.14397147269783,74.21642086664511,15.30733188374755,1.8396007788157294,70.25705351948807,17.271804693743043,False,real,beta_spot_11,2024-06-23 00:00:00+00:00,2024-12-30 23:55:00+00:00,191.0,0.001,1.0,0.0,not charged,51,0.2670157068062827,4,0.020942408376963352,19.3717277486911
kelly_regime_v4,futures_5x,1000.0,1353.620038627846,353.62003862784604,35.362003862784604,5,0.0,480.30320797406927,-28.37691137272273,81.9352240680214,16.12277972151962,1.638180164723184,70.27341477603258,9.996669442540007,False,Deribit perp + Deribit 8h funding,beta_perp_11,2024-06-23 00:00:00+00:00,2024-12-30 23:55:00+00:00,191.0,0.0005,1.0,56.05608171226165,Deribit 8h aggregation,53,0.2774869109947644,4,0.020942408376963352,18.32460732984293
kelly_regime_v4,spot,1000.0,1178.7233671830259,178.72336718302586,17.872336718302595,5,20.0,227.52375750879963,-16.875567366389433,35.74467343660517,11.486987040867112,1.2950148047892733,77.74668325041459,13.695187718832488,False,real,beta_spot_12,2025-03-06 00:00:00+00:00,2025-09-22 23:55:00+00:00,201.0,0.001,1.0,0.0,not charged,34,0.1691542288557214,5,0.024875621890547265,13.432835820895523
kelly_regime_v4,futures_5x,1000.0,1211.5621068432251,211.56210684322514,21.156210684322517,5,20.0,304.3655580954547,-23.445789086423595,49.84367932655516,15.931241022277156,1.2877265177371147,77.74668325041459,9.71741446922988,False,Deribit perp + Deribit 8h funding,beta_perp_12,2025-03-06 00:00:00+00:00,2025-09-22 23:55:00+00:00,201.0,0.0005,1.0,37.6562897895503,Deribit 8h aggregation,40,0.19900497512437812,5,0.024875621890547265,14.925373134328359
kelly_regime_v4,spot,1000.0,1314.666386838662,314.666386838662,31.466638683866186,7,28.571428571428573,375.2294467478403,-34.442889403608035,44.952340976951746,18.476683832081836,1.579181136143246,72.05471803461754,23.221845426829148,False,real,beta_spot_13,2024-02-01 00:00:00+00:00,2024-08-17 23:55:00+00:00,199.0,0.001,1.0,0.0,not charged,63,0.3165829145728643,7,0.035175879396984924,22.110552763819097
kelly_regime_v4,futures_5x,1000.0,1356.5796702406067,356.5796702406067,35.657967024060675,8,37.5,491.82441509771644,-23.306391084892308,54.0718939925747,19.99123446852377,1.6263424473726793,71.94828308207705,13.70138319603912,False,Deribit perp + Deribit 8h funding,beta_perp_13,2024-02-01 00:00:00+00:00,2024-08-17 23:55:00+00:00,199.0,0.0005,1.0,75.9954816999905,Deribit 8h aggregation,54,0.271356783919598,8,0.04020100502512563,19.09547738693467
kelly_regime_v4,spot,1000.0,1029.4902951041004,29.49029510410037,2.9490295104100284,13,16.666666666666668,116.09075379460094,-60.03498387104705,2.2684842387770727,24.035283328367445,0.3124303536397077,73.00426860346585,23.86103038016042,False,real,beta_spot_14,2023-03-03 00:00:00+00:00,2023-10-06 23:55:00+00:00,218.0,0.001,1.0,0.0,not charged,61,0.2798165137614679,12,0.05504587155963303,19.26605504587156
kelly_regime_v4,futures_5x,1000.0,1008.2895362122729,8.289536212272878,0.8289536212272797,13,16.666666666666668,134.2520941452853,-59.76533308109494,2.4780045705916325,25.22130557533888,0.20488907151870975,73.19380733944953,14.385728660207832,False,Deribit perp + Deribit 8h funding,beta_perp_14,2023-03-03 00:00:00+00:00,2023-10-06 23:55:00+00:00,218.0,0.0005,1.0,23.924523205419046,Deribit 8h aggregation,63,0.2889908256880734,12,0.05504587155963303,20.642201834862384
kelly_regime_v4,spot,1000.0,1032.810588399033,32.810588399032895,3.2810588399032836,13,16.666666666666668,116.09075379460094,-60.03498387104705,2.523891415310342,24.035283328367445,0.3213169969869936,74.30100679281902,24.808356339059532,False,real,beta_spot_15,2023-03-03 00:00:00+00:00,2023-10-17 23:55:00+00:00,229.0,0.001,1.0,0.0,not charged,63,0.27510917030567683,12,0.05240174672489083,19.213973799126638
kelly_regime_v4,futures_5x,1000.0,992.9511160388508,-7.0488839611491585,-0.704888396114911,13,16.666666666666668,134.2520941452853,-59.76533308109494,1.4193535779874271,27.116906380735,0.13738103978420488,74.48144104803494,15.582972697594428,False,Deribit perp + Deribit 8h funding,beta_perp_15,2023-03-03 00:00:00+00:00,2023-10-17 23:55:00+00:00,229.0,0.0005,1.0,25.500480474986144,Deribit 8h aggregation,67,0.2925764192139738,12,0.05240174672489083,20.524017467248907
kelly_regime_v4,spot,1000.0,1646.1181214630117,646.1181214630117,64.61181214630116,14,15.384615384615385,413.4784905934871,-33.255892678750115,46.15129439021515,23.332365035622715,1.7730160795567484,74.80938839432905,36.91933114387932,False,real,beta_spot_16,2024-08-12 00:00:00+00:00,2025-07-14 23:55:00+00:00,337.0,0.001,1.0,0.0,not charged,94,0.2789317507418398,13,0.03857566765578635,18.694362017804153
kelly_regime_v4,futures_5x,1000.0,1738.3160497136346,738.3160497136346,73.83160497136345,14,15.384615384615385,541.9905672011405,-30.66284918471804,59.03374068363534,25.079043031573523,1.797381676742561,74.81660072535443,21.647065065808313,False,Deribit perp + Deribit 8h funding,beta_perp_16,2024-08-12 00:00:00+00:00,2025-07-14 23:55:00+00:00,337.0,0.0005,1.0,88.15631985726164,Deribit 8h aggregation,97,0.2878338278931751,13,0.03857566765578635,18.694362017804153
kelly_regime_v4,spot,1000.0,791.4627818244654,-208.53721817553458,-20.85372181755346,17,6.25,48.04449743654614,-60.31589337217393,-12.266895186796136,27.031107077098515,-1.078134200174759,49.259842826019295,24.34723098474901,False,real,beta_spot_17,2025-07-20 00:00:00+00:00,2026-07-11 23:55:00+00:00,357.0,0.001,1.0,0.0,not charged,68,0.19047619047619047,16,0.04481792717086835,15.406162464985995
kelly_regime_v4,futures_5x,1000.0,752.6398611247189,-247.3601388752811,-24.73601388752811,17,6.25,50.58264555918331,-67.46377624970687,-13.156998461304758,31.8574296773105,-1.1025120789027076,49.22191098661687,13.959866135773877,False,Deribit perp + Deribit 8h funding,beta_perp_17,2025-07-20 00:00:00+00:00,2026-07-11 23:55:00+00:00,357.0,0.0005,1.0,23.691165033099633,Deribit 8h aggregation,75,0.21008403361344538,16,0.04481792717086835,15.406162464985995
kelly_regime_v4,spot,1000.0,911.7173527353025,-88.28264726469752,-8.828264726469747,11,9.090909090909092,55.57366875073103,-30.714531103765804,-8.025695205881595,17.584646712115003,-0.6826448790097794,50.58396464646464,15.764505850228948,False,real,beta_spot_18,2025-12-09 00:00:00+00:00,2026-06-24 23:55:00+00:00,198.0,0.001,1.0,0.0,not charged,45,0.22727272727272727,11,0.05555555555555555,16.161616161616163
kelly_regime_v4,futures_5x,1000.0,911.9669347131784,-88.03306528682162,-8.803306528682164,11,9.090909090909092,61.528518802154814,-27.48287295655276,-7.742527977912445,18.55077390774022,-0.6234387079366426,50.519079685746355,8.19267554394798,False,Deribit perp + Deribit 8h funding,beta_perp_18,2025-12-09 00:00:00+00:00,2026-06-24 23:55:00+00:00,198.0,0.0005,1.0,2.8652575297851652,Deribit 8h aggregation,46,0.23232323232323232,11,0.05555555555555555,16.161616161616163
kelly_regime_v4,spot,1000.0,1638.1535372076778,638.1535372076778,63.81535372076779,6,40.0,466.30016415726345,-40.29832730974024,106.35892286794633,18.47668383208186,2.390890289574189,92.44057490326146,22.084161265025518,False,real,beta_spot_19,2023-11-20 00:00:00+00:00,2024-06-07 23:55:00+00:00,201.0,0.001,1.0,0.0,not charged,67,0.3333333333333333,5,0.024875621890547265,23.880597014925375
kelly_regime_v4,futures_5x,1000.0,1497.798842692515,497.7988426925151,49.779884269251504,7,50.0,489.1606058043898,-23.711395941058232,85.84756621306788,19.605113055065562,1.8216538873169636,92.42330016583747,13.322274983124178,False,Deribit perp + Deribit 8h funding,beta_perp_19,2023-11-20 00:00:00+00:00,2024-06-07 23:55:00+00:00,201.0,0.0005,1.0,103.1341207989608,Deribit 8h aggregation,54,0.26865671641791045,6,0.029850746268656716,19.402985074626866
kelly_regime_v4,spot,1000.0,951.6711859731795,-48.32881402682051,-4.832881402682054,11,0.0,94.75901596336315,-30.294794760019123,-4.3935285478927435,17.58464671211504,-0.4090117243445297,41.40325670498084,14.756978855229365,False,real,beta_spot_20,2025-11-04 00:00:00+00:00,2026-04-26 23:55:00+00:00,174.0,0.001,1.0,0.0,not charged,42,0.2413793103448276,10,0.05747126436781609,16.666666666666668
kelly_regime_v4,futures_5x,1000.0,952.9902620562676,-47.009737943732375,-4.700973794373242,11,0.0,100.26375472183571,-27.152774950786153,-4.045661067759841,18.55077390774017,-0.36234076559239065,41.32543103448276,7.6290086838574,False,Deribit perp + Deribit 8h funding,beta_perp_20,2025-11-04 00:00:00+00:00,2026-04-26 23:55:00+00:00,174.0,0.0005,1.0,2.5074661983740683,Deribit 8h aggregation,43,0.2471264367816092,10,0.05747126436781609,16.666666666666668
kelly_regime_v4,spot,1000.0,1128.1848232699447,128.18482326994467,12.818482326994474,8,14.285714285714286,131.84733172435375,-57.04913130669244,16.023102908743045,22.069658275512978,1.0639614649859537,76.83423913043478,17.008648536312208,False,real,beta_spot_21,2023-02-07 00:00:00+00:00,2023-06-24 23:55:00+00:00,138.0,0.001,1.0,0.0,not charged,49,0.35507246376811596,7,0.050724637681159424,24.63768115942029
kelly_regime_v4,futures_5x,1000.0,1151.0643609438932,151.06436094389323,15.10643609438933,8,14.285714285714286,144.18931931025514,-52.92723531426771,20.51646723126476,23.466496893761374,1.1409122305402308,77.14120370370371,10.069241538026802,False,Deribit perp + Deribit 8h funding,beta_perp_21,2023-02-07 00:00:00+00:00,2023-06-24 23:55:00+00:00,138.0,0.0005,1.0,13.06737690622672,Deribit 8h aggregation,47,0.34057971014492755,7,0.050724637681159424,24.63768115942029
kelly_regime_v4,spot,1000.0,1112.1029745102062,112.1029745102062,11.210297451020622,11,10.0,250.36045341649805,-67.37917763043149,10.191179500927882,23.33236503562275,0.666611958022229,75.77368603042876,20.246159764449963,False,real,beta_spot_22,2024-12-03 00:00:00+00:00,2025-07-31 23:55:00+00:00,241.0,0.001,1.0,0.0,not charged,66,0.27385892116182575,10,0.04149377593360996,18.672199170124482
kelly_regime_v4,futures_5x,1000.0,1128.7988095393637,128.79880953936367,12.879880953936373,11,10.0,316.2489436898428,-74.03781229700701,15.541312596225993,25.079043031573566,0.6938605825365612,75.77080451821115,12.203158546023039,False,Deribit perp + Deribit 8h funding,beta_perp_22,2024-12-03 00:00:00+00:00,2025-07-31 23:55:00+00:00,241.0,0.0005,1.0,42.155629019121875,Deribit 8h aggregation,69,0.2863070539419087,10,0.04149377593360996,19.502074688796682
kelly_regime_v4,spot,1000.0,857.7977364755847,-142.20226352441534,-14.220226352441534,10,11.11111111111111,29.836074571927384,-107.13133247841392,-14.220226352441552,22.47565379133239,-0.7981348011887301,61.77030456852792,18.256900544260457,False,real,beta_spot_23,2024-03-11 00:00:00+00:00,2024-09-23 23:55:00+00:00,197.0,0.001,1.0,0.0,not charged,68,0.34517766497461927,9,0.04568527918781726,23.85786802030457
kelly_regime_v4,futures_5x,1000.0,845.7326041322223,-154.26739586777774,-15.42673958677777,11,20.0,33.29467958226039,-101.77832175071941,-11.784187687227506,23.658760128283248,-0.8380883138127098,61.664551607445006,9.83436570068532,False,Deribit perp + Deribit 8h funding,beta_perp_23,2024-03-11 00:00:00+00:00,2024-09-23 23:55:00+00:00,197.0,0.0005,1.0,24.64133130827476,Deribit 8h aggregation,63,0.3197969543147208,10,0.050761421319796954,20.81218274111675
