strategy,market,start_balance,final_balance,profit,profit_pct,num_trades,win_rate_pct,best_trade,worst_trade,avg_trade,max_drawdown_pct,sharpe,time_in_market_pct,fees_paid,liquidated,data,cell,asset,start,end,days,fee_rate,slippage_bps,min_notional,funding_paid,funding_model,fills,fills_per_day,completed_round_trips,round_trips_per_day,active_days_pct,daily_sharpe,annualized_volatility,mean_abs_exposure,decision_requests,passive_model
buy_and_hold,futures_5x,1000.0,481.0979319756037,-518.9020680243964,-51.89020680243963,1,0.0,-246.8425219927965,-246.8425219927965,-246.8425219927965,78.59840571647656,0.0055513267007676,99.99952435312024,0.6417230760895701,False,Deribit perp + Deribit 8h funding,funded_val,perp,2021-01-01 00:00:00+00:00,2022-12-31 23:55:00+00:00,730.0,0.0005,1.0,5.0,272.059546031601,Deribit 8h aggregation,3,0.0041095890410958,0,0.0,0.410958904109589,-0.1095783866714687,0.75243003662714,1.0234393709223697,3,constant_1x_notional_10pct_relative_band
buy_and_hold,spot,1000.0,29913.092924564902,28913.092924564902,2891.3092924564908,1,0.0,28913.092924564902,28913.092924564902,28913.092924564902,84.06740989153772,1.3783531330281376,99.9997623393414,3.9839983600000006,False,Bitstamp BTC spot,inner_train,spot,2017-01-01 00:00:00+00:00,2020-12-31 23:55:00+00:00,1461.0,0.004,1.0,10.0,0.0,not charged,1,0.000684462696783,0,0.0,0.0684462696783025,1.4518554423061545,0.8155680854732208,0.9999940278219182,1,native
buy_and_hold,spot,1000.0,572.8524387265941,-427.1475612734059,-42.71475612734059,1,0.0,-427.1475612734058,-427.1475612734058,-427.1475612734058,77.33087937280044,0.0748407549959988,99.99952435312024,3.98399836,False,Bitstamp BTC spot,inner_val,spot,2021-01-01 00:00:00+00:00,2022-12-31 23:55:00+00:00,730.0,0.004,1.0,10.0,0.0,not charged,1,0.0013698630136986,0,0.0,0.136986301369863,-0.0054934770862699,0.7405011268328766,0.9999804783574548,1,native
kelly_regime_v4,futures_5x,1000.0,982.5557470956732,-17.444252904326845,-1.744425290432683,51,9.803921568627452,380.5219472981359,-46.57276076712552,2.2274315281796793,34.56459861016222,0.1291625156202511,56.106830289193304,26.49788842528329,False,Deribit perp + Deribit 8h funding,funded_val,perp,2021-01-01 00:00:00+00:00,2022-12-31 23:55:00+00:00,730.0,0.0005,1.0,5.0,131.04326084148713,Deribit 8h aggregation,146,0.2,51,0.0698630136986301,14.794520547945206,0.1172080622577574,0.2951159078423813,0.2897577350118739,265,native
kelly_regime_v4,spot,1000.0,13296.41332472909,12296.41332472909,1229.6413324729092,73,12.5,7627.491029407777,-193.18421749291116,168.44401814697386,48.86925681064712,1.8230951956607695,67.69407369381702,1643.356226015642,False,Bitstamp BTC spot,inner_train,spot,2017-01-01 00:00:00+00:00,2020-12-31 23:55:00+00:00,1461.0,0.004,1.0,10.0,0.0,not charged,469,0.3210130047912389,72,0.0492813141683778,19.71252566735113,1.876386728958324,0.3836983715067277,0.3966868814201579,519,native
kelly_regime_v4,spot,1000.0,868.8281668632295,-131.1718331367705,-13.11718331367705,52,7.6923076923076925,283.4154901915708,-43.08063646039831,-2.522535252630232,42.640041466403545,-0.0844480808876649,56.079242770167426,275.5632212158679,False,Bitstamp BTC spot,inner_val,spot,2021-01-01 00:00:00+00:00,2022-12-31 23:55:00+00:00,730.0,0.004,1.0,10.0,0.0,not charged,259,0.3547945205479452,52,0.0712328767123287,21.36986301369863,-0.0768492064370029,0.3060205926488176,0.2916207639355713,269,native
r191_conformal_tail,futures_5x,1000.0,875.6368441995169,-124.36315580048311,-12.43631558004832,12,33.333333333333336,518.4689184058903,-160.3564062004353,6.754158499480277,50.25170991325171,0.0880928862162313,40.136986301369866,9.882440560986334,False,Deribit perp + Deribit 8h funding,funded_val,perp,2021-01-01 00:00:00+00:00,2022-12-31 23:55:00+00:00,730.0,0.0005,1.0,5.0,205.4130577942466,Deribit 8h aggregation,26,0.0356164383561643,12,0.0164383561643835,3.5616438356164384,0.027755619521794,0.3947279323770692,0.2962862917351174,239,native
r191_conformal_tail,spot,1000.0,7169.320505476087,6169.320505476087,616.9320505476088,26,28.0,4866.742715009092,-1223.3417370069324,237.2815579029264,61.4315160903104,1.306761010373558,46.338124572210816,412.5982185962814,False,Bitstamp BTC spot,inner_train,spot,2017-01-01 00:00:00+00:00,2020-12-31 23:55:00+00:00,1461.0,0.004,1.0,10.0,0.0,not charged,95,0.0650239561943874,25,0.0171115674195756,6.50239561943874,1.3489778656715463,0.4354684633713095,0.3660913255454847,99,native
r191_conformal_tail,spot,1000.0,981.9693743547538,-18.030625645246232,-1.8030625645246268,12,33.333333333333336,434.3097956467939,-162.7863737346913,-1.5025521371039374,48.381152473810545,0.1919167144001994,40.136986301369866,92.82743588000164,False,Bitstamp BTC spot,inner_val,spot,2021-01-01 00:00:00+00:00,2022-12-31 23:55:00+00:00,730.0,0.004,1.0,10.0,0.0,not charged,40,0.0547945205479452,12,0.0164383561643835,5.47945205479452,0.1733666837965347,0.3918449036611848,0.2795038021989912,44,native
r191_conformal_tail_high,futures_5x,1000.0,817.6189990312454,-182.38100096875465,-18.238100096875463,12,33.333333333333336,611.3659762775959,-189.70910306626948,6.597638598416161,59.245515970542215,0.0866527816594801,40.136986301369866,12.085149583785936,False,Deribit perp + Deribit 8h funding,funded_val,perp,2021-01-01 00:00:00+00:00,2022-12-31 23:55:00+00:00,730.0,0.0005,1.0,5.0,261.5526641497486,Deribit 8h aggregation,25,0.0342465753424657,12,0.0164383561643835,3.4246575342465753,0.024004308055713,0.4752030367254001,0.364268311088452,219,native
r191_conformal_tail_high,spot,1000.0,7275.736549087531,6275.736549087531,627.5736549087532,26,28.0,4870.661762547604,-1616.143674810424,241.37448265721267,65.75762143204604,1.2076578170343475,46.338124572210816,505.52219658624176,False,Bitstamp BTC spot,inner_train,spot,2017-01-01 00:00:00+00:00,2020-12-31 23:55:00+00:00,1461.0,0.004,1.0,10.0,0.0,not charged,82,0.056125941136208,25,0.0171115674195756,5.6125941136208075,1.2606069724657198,0.4886935152518991,0.4096680514628614,84,native
r191_conformal_tail_high,spot,1000.0,953.4566619813714,-46.54333801862856,-4.654333801862853,12,33.333333333333336,537.0853386052123,-194.78028218213157,-3.878611501552388,56.638750944008585,0.2080805617273628,40.136986301369866,121.92991976191004,False,Bitstamp BTC spot,inner_val,spot,2021-01-01 00:00:00+00:00,2022-12-31 23:55:00+00:00,730.0,0.004,1.0,10.0,0.0,not charged,41,0.0561643835616438,12,0.0164383561643835,5.616438356164384,0.1860137872326899,0.471373993454622,0.3552836460433284,49,native
r191_conformal_tail_low,futures_5x,1000.0,982.0204737286346,-17.979526271365444,-1.7979526271365454,12,33.333333333333336,417.327897790168,-106.59342322763963,9.844710776421056,38.80128543972447,0.1452653277533184,40.136986301369866,7.029551956434596,False,Deribit perp + Deribit 8h funding,funded_val,perp,2021-01-01 00:00:00+00:00,2022-12-31 23:55:00+00:00,730.0,0.0005,1.0,5.0,136.11605558841998,Deribit 8h aggregation,26,0.0356164383561643,12,0.0164383561643835,3.5616438356164384,0.109060237265127,0.2847004925583168,0.199041567880099,158,native
r191_conformal_tail_low,spot,1000.0,6479.935357730616,5479.935357730616,547.9935357730616,26,28.0,4093.480201617983,-748.7376315294524,210.7667445281006,49.075473045829305,1.4661920010691345,46.338124572210816,275.7661345696998,False,Bitstamp BTC spot,inner_train,spot,2017-01-01 00:00:00+00:00,2020-12-31 23:55:00+00:00,1461.0,0.004,1.0,10.0,0.0,not charged,109,0.0746064339493497,25,0.0171115674195756,7.460643394934976,1.4881340795795288,0.356651740354472,0.2811095328844834,115,native
r191_conformal_tail_low,spot,1000.0,1038.720247822535,38.72024782253493,3.8720247822535026,12,33.333333333333336,324.4075301294171,-107.33710192303144,3.2266873185445824,35.19038442224993,0.2243521294700873,40.136986301369866,62.2127577768958,False,Bitstamp BTC spot,inner_val,spot,2021-01-01 00:00:00+00:00,2022-12-31 23:55:00+00:00,730.0,0.004,1.0,10.0,0.0,not charged,37,0.0506849315068493,12,0.0164383561643835,5.068493150684931,0.2150541984974691,0.3044131393301255,0.1935417588388775,38,native
r191_cost_olmar,futures_5x,1000.0,783.9376306035213,-216.06236939647872,-21.60623693964787,50,67.34693877551021,52.718616582028226,-200.24828130045145,-4.159374790514754,43.61635448178358,-0.156235176862252,52.465753424657535,23.906474656765837,False,Deribit perp + Deribit 8h funding,funded_val,perp,2021-01-01 00:00:00+00:00,2022-12-31 23:55:00+00:00,730.0,0.0005,1.0,5.0,8.093629870740836,Deribit 8h aggregation,114,0.1561643835616438,49,0.0671232876712328,15.616438356164384,-0.2123637221121852,0.3240274129441716,0.2823040354519458,218,native
r191_cost_olmar,spot,1000.0,476.5306634487934,-523.4693365512067,-52.346933655120665,69,69.56521739130434,73.18299141339662,-277.1275929606163,-7.586512123930516,68.3074556834684,-0.3548259860815695,36.96098562628337,225.4593493134641,False,Bitstamp BTC spot,inner_train,spot,2017-01-01 00:00:00+00:00,2020-12-31 23:55:00+00:00,1461.0,0.004,1.0,10.0,0.0,not charged,201,0.1375770020533881,69,0.0472279260780287,13.757700205338809,-0.4086746704528002,0.3235530043942406,0.2186344850261471,207,native
r191_cost_olmar,spot,1000.0,870.8373852965274,-129.16261470347263,-12.916261470347267,53,63.46153846153846,102.46002831925205,-329.5787504602781,-2.437030466103241,48.52331107909085,-0.0163719092941416,53.56164383561644,350.46976009795725,False,Bitstamp BTC spot,inner_val,spot,2021-01-01 00:00:00+00:00,2022-12-31 23:55:00+00:00,730.0,0.004,1.0,10.0,0.0,not charged,152,0.2082191780821917,52,0.0712328767123287,20.82191780821918,-0.0330185716997233,0.3394267505761301,0.3165200032945637,153,native
r191_cost_olmar_high,futures_5x,1000.0,882.3332070303703,-117.66679296962968,-11.766679296962968,30,68.96551724137932,65.07066346589615,-238.09181940879265,-3.698543704978717,42.16169547351941,-0.0271459280044188,55.61643835616438,20.65865331602301,False,Deribit perp + Deribit 8h funding,funded_val,perp,2021-01-01 00:00:00+00:00,2022-12-31 23:55:00+00:00,730.0,0.0005,1.0,5.0,6.710481820268054,Deribit 8h aggregation,72,0.0986301369863013,29,0.0397260273972602,9.863013698630136,-0.0352778865736418,0.3198611005602019,0.2875308480652856,194,native
r191_cost_olmar_high,spot,1000.0,401.26380215068485,-598.7361978493152,-59.873619784931506,37,67.56756756756756,79.11811130267205,-330.14266977318005,-16.182059401332843,79.3829754518195,-0.5132108870301108,36.550308008213555,113.13608496330772,False,Bitstamp BTC spot,inner_train,spot,2017-01-01 00:00:00+00:00,2020-12-31 23:55:00+00:00,1461.0,0.004,1.0,10.0,0.0,not charged,129,0.0882956878850102,37,0.0253251197809719,8.829568788501026,-0.6013354145516188,0.3024048991730856,0.2093681345156886,137,native
r191_cost_olmar_high,spot,1000.0,649.0287262338152,-350.9712737661848,-35.09712737661849,34,78.78787878787878,70.36078849214151,-278.2359878486532,-10.322684522534828,54.61440139871873,-0.3906314129075166,55.342465753424655,169.85767122323097,False,Bitstamp BTC spot,inner_val,spot,2021-01-01 00:00:00+00:00,2022-12-31 23:55:00+00:00,730.0,0.004,1.0,10.0,0.0,not charged,100,0.136986301369863,33,0.0452054794520547,13.6986301369863,-0.4936169511539557,0.3284769480721137,0.3312485700880456,105,native
r191_cost_olmar_low,futures_5x,1000.0,537.2647714351843,-462.73522856481566,-46.27352285648156,77,69.73684210526316,53.092424172026426,-226.42269334721573,-5.918772281871141,58.90589385487085,-0.42850627791906,48.9041095890411,33.374402657899935,False,Deribit perp + Deribit 8h funding,funded_val,perp,2021-01-01 00:00:00+00:00,2022-12-31 23:55:00+00:00,730.0,0.0005,1.0,5.0,6.989762860738404,Deribit 8h aggregation,176,0.2410958904109589,76,0.1041095890410958,24.10958904109589,-0.5204541716556833,0.4222677029294359,0.3132123273438608,212,native
r191_cost_olmar_low,spot,1000.0,369.7714680624073,-630.2285319375927,-63.02285319375927,99,65.65656565656566,67.28309315880172,-242.268824803664,-6.36594476704639,72.54834877855404,-0.5088021801255991,35.455167693360714,290.6314123331315,False,Bitstamp BTC spot,inner_train,spot,2017-01-01 00:00:00+00:00,2020-12-31 23:55:00+00:00,1461.0,0.004,1.0,10.0,0.0,not charged,276,0.188911704312115,99,0.0677618069815195,18.8911704312115,-0.6059396066319489,0.3231590204053673,0.2211106339835716,279,native
r191_cost_olmar_low,spot,1000.0,428.8374216730153,-571.1625783269847,-57.116257832698466,68,67.16417910447761,69.17774632636934,-309.38535995087125,-8.39944968127919,63.55505659687153,-0.6812636324473625,53.28767123287671,277.8645848325074,False,Bitstamp BTC spot,inner_val,spot,2021-01-01 00:00:00+00:00,2022-12-31 23:55:00+00:00,730.0,0.004,1.0,10.0,0.0,not charged,179,0.2452054794520548,67,0.0917808219178082,24.52054794520548,-0.7958617656050211,0.4204210906665201,0.3564388814680576,179,native
r191_cost_proximal,futures_5x,1000.0,1118.275215672636,118.27521567263602,11.82752156726361,7,14.285714285714286,747.8867433242215,-110.81794076966472,50.121960057073814,41.03058818024737,0.3657268817329665,45.89041095890411,5.541282689740611,False,Deribit perp + Deribit 8h funding,funded_val,perp,2021-01-01 00:00:00+00:00,2022-12-31 23:55:00+00:00,730.0,0.0005,1.0,5.0,232.5785047268793,Deribit 8h aggregation,28,0.0383561643835616,7,0.0095890410958904,3.835616438356164,0.3423761197349985,0.4278623071789019,0.3265026229784058,157,native
r191_cost_proximal,spot,1000.0,8829.992915253632,7829.992915253632,782.9992915253632,9,25.0,4757.3860030144615,-747.3236401911673,869.9992128059589,53.28614659818335,1.2865982977726285,46.61190965092403,194.35982308036432,False,Bitstamp BTC spot,inner_train,spot,2017-01-01 00:00:00+00:00,2020-12-31 23:55:00+00:00,1461.0,0.004,1.0,10.0,0.0,not charged,101,0.0691307323750855,8,0.0054757015742642,6.913073237508556,1.3634056260666,0.4856095801199793,0.3492300004353246,102,native
r191_cost_proximal,spot,1000.0,1303.9049914825223,303.9049914825223,30.390499148252225,8,25.0,657.9110850306392,-117.07083776926603,37.98812393531524,41.63498901111199,0.5157573022651966,45.2054794520548,64.24516919021332,False,Bitstamp BTC spot,inner_val,spot,2021-01-01 00:00:00+00:00,2022-12-31 23:55:00+00:00,730.0,0.004,1.0,10.0,0.0,not charged,60,0.0821917808219178,8,0.010958904109589,8.219178082191782,0.5217040748528186,0.4439272407266171,0.3359176597568414,62,native
r191_cost_proximal_high,futures_5x,1000.0,1338.5252154233738,338.52521542337377,33.85252154233738,3,33.333333333333336,733.2507987760637,-123.05385874731884,197.582631012216,36.2161227453815,0.5409556560686358,43.15068493150685,3.1900989072317683,False,Deribit perp + Deribit 8h funding,funded_val,perp,2021-01-01 00:00:00+00:00,2022-12-31 23:55:00+00:00,730.0,0.0005,1.0,5.0,254.22267761327197,Deribit 8h aggregation,12,0.0164383561643835,3,0.0041095890410958,1.643835616438356,0.5509075373479478,0.4329611074576434,0.3256559560107817,130,native
r191_cost_proximal_high,spot,1000.0,8855.44014006219,7855.44014006219,785.544014006219,6,40.0,4958.486697602135,-1358.516921381403,1309.2400233436986,50.75125265039821,1.2894375782786296,46.54346338124572,138.6968459362689,False,Bitstamp BTC spot,inner_train,spot,2017-01-01 00:00:00+00:00,2020-12-31 23:55:00+00:00,1461.0,0.004,1.0,10.0,0.0,not charged,65,0.0444900752908966,5,0.0034223134839151,4.4490075290896645,1.3668872823185485,0.4850210904219017,0.3392847863335812,65,native
r191_cost_proximal_high,spot,1000.0,1360.2188266150818,360.21882661508175,36.021882661508165,4,25.0,531.5289295930196,-142.74006804636676,90.0547066537705,36.80861070805821,0.5584585514979736,47.26027397260274,40.04701771634009,False,Bitstamp BTC spot,inner_val,spot,2021-01-01 00:00:00+00:00,2022-12-31 23:55:00+00:00,730.0,0.004,1.0,10.0,0.0,not charged,38,0.0520547945205479,4,0.0054794520547945,5.205479452054795,0.5698163087630965,0.4421672411653901,0.3279859549977698,38,native
r191_cost_proximal_low,futures_5x,1000.0,1068.968169510043,68.96816951004303,6.896816951004303,9,11.11111111111111,753.24295958563,-109.11855643758956,33.068479695526044,43.61083843209022,0.3194164583453616,44.52054794520548,7.644881154100902,False,Deribit perp + Deribit 8h funding,funded_val,perp,2021-01-01 00:00:00+00:00,2022-12-31 23:55:00+00:00,730.0,0.0005,1.0,5.0,228.64814774969457,Deribit 8h aggregation,40,0.0547945205479452,9,0.0123287671232876,5.47945205479452,0.2892649508185863,0.4265857472933079,0.3245684839825182,212,native
r191_cost_proximal_low,spot,1000.0,9245.242391651607,8245.242391651609,824.5242391651608,14,23.076923076923077,5071.791138214061,-534.0522907912002,588.9458851179717,54.575607117792856,1.3063210161095726,47.70704996577687,265.0898339918361,False,Bitstamp BTC spot,inner_train,spot,2017-01-01 00:00:00+00:00,2020-12-31 23:55:00+00:00,1461.0,0.004,1.0,10.0,0.0,not charged,147,0.1006160164271047,13,0.0088980150581793,10.061601642710473,1.3845151859343774,0.4869525353784444,0.3549110413666989,147,native
r191_cost_proximal_low,spot,1000.0,1264.779851690788,264.77985169078806,26.4779851690788,8,25.0,675.3926627151311,-108.0155452959848,33.09748146134858,43.69253749483159,0.4852685846284173,45.47945205479452,89.96292484281092,False,Bitstamp BTC spot,inner_val,spot,2021-01-01 00:00:00+00:00,2022-12-31 23:55:00+00:00,730.0,0.004,1.0,10.0,0.0,not charged,88,0.1205479452054794,8,0.010958904109589,12.054794520547944,0.4873847563102927,0.4415680968819402,0.3397018357098175,89,native
r191_robust_growth,futures_5x,1000.0,967.6895731867962,-32.310426813203776,-3.231042681320373,30,40.0,680.3677322477881,-154.23387505746965,8.140623271604918,56.287400263623745,0.26458292710061,48.76712328767123,43.43061081394061,False,Deribit perp + Deribit 8h funding,funded_val,perp,2021-01-01 00:00:00+00:00,2022-12-31 23:55:00+00:00,730.0,0.0005,1.0,5.0,276.5291249613501,Deribit 8h aggregation,91,0.1246575342465753,30,0.0410958904109589,12.465753424657532,0.2247552949014503,0.5159396469687729,0.4626057107886583,185,native
r191_robust_growth,spot,1000.0,4830.715596333192,3830.715596333192,383.0715596333191,52,37.25490196078432,2560.8871390065956,-584.9328223597702,73.66760762179219,80.95868042864946,0.920710752262328,50.992470910335385,730.4409869985019,False,Bitstamp BTC spot,inner_train,spot,2017-01-01 00:00:00+00:00,2020-12-31 23:55:00+00:00,1461.0,0.004,1.0,10.0,0.0,not charged,156,0.1067761806981519,51,0.0349075975359342,10.677618069815194,0.9520017896752232,0.6100999781046984,0.4844150552472621,156,native
r191_robust_growth,spot,1000.0,761.3131597507734,-238.68684024922663,-23.868684024922658,36,25.0,633.2222083515716,-191.47462791675792,-6.63019000692298,65.67042040103547,0.0460317343387043,49.58904109589041,343.00885171566364,False,Bitstamp BTC spot,inner_val,spot,2021-01-01 00:00:00+00:00,2022-12-31 23:55:00+00:00,730.0,0.004,1.0,10.0,0.0,not charged,105,0.1438356164383561,36,0.0493150684931506,14.383561643835616,-0.003742126664472,0.5181627875104472,0.4567815166241029,105,native
r191_robust_growth_high,futures_5x,1000.0,944.785072409,-55.21492759099999,-5.521492759099999,27,29.62962962962963,661.5347042564439,-145.5338974847872,8.077961874288032,53.90729661729436,0.2413188308280649,49.31506849315068,30.650657979123153,False,Deribit perp + Deribit 8h funding,funded_val,perp,2021-01-01 00:00:00+00:00,2022-12-31 23:55:00+00:00,730.0,0.0005,1.0,5.0,273.3198981967762,Deribit 8h aggregation,71,0.0972602739726027,27,0.036986301369863,9.726027397260276,0.1972252319913477,0.5085858270140139,0.4603834459818999,165,native
r191_robust_growth_high,spot,1000.0,5630.077918933194,4630.077918933194,463.00779189331945,35,38.23529411764706,3505.936370098116,-669.120054160097,132.28794054094837,78.29668073899062,0.9764418041210104,51.3347022587269,499.4642950788666,False,Bitstamp BTC spot,inner_train,spot,2017-01-01 00:00:00+00:00,2020-12-31 23:55:00+00:00,1461.0,0.004,1.0,10.0,0.0,not charged,100,0.0684462696783025,34,0.0232717316906228,6.844626967830253,1.0156476489221808,0.6087001458528212,0.489314591918297,100,native
r191_robust_growth_high,spot,1000.0,997.5058421052856,-2.4941578947143626,-0.249415789471441,19,26.31578947368421,667.1719771373322,-174.9395764029688,-0.1312714681428544,55.45258433484877,0.278524949767336,48.49315068493151,231.09836356539552,False,Bitstamp BTC spot,inner_val,spot,2021-01-01 00:00:00+00:00,2022-12-31 23:55:00+00:00,730.0,0.004,1.0,10.0,0.0,not charged,64,0.0876712328767123,19,0.0260273972602739,8.767123287671232,0.2484953310111639,0.5013001606595956,0.4411708180852881,64,native
r191_robust_growth_low,futures_5x,1000.0,1005.8156187610278,5.815618761027849,0.5815618761027874,44,34.09090909090909,680.3677322477881,-168.4074664947875,6.520722083089342,58.31208785140537,0.3016323114533059,48.35616438356164,57.49059403720724,False,Deribit perp + Deribit 8h funding,funded_val,perp,2021-01-01 00:00:00+00:00,2022-12-31 23:55:00+00:00,730.0,0.0005,1.0,5.0,281.09615289489926,Deribit 8h aggregation,105,0.1438356164383561,44,0.0602739726027397,14.383561643835616,0.2667969520047039,0.5261909809994282,0.468784870372503,204,native
r191_robust_growth_low,spot,1000.0,4501.323495282546,3501.323495282546,350.13234952825457,61,36.666666666666664,2391.3969845227016,-619.2146860972596,57.39874582430402,79.84270283605416,0.8947199164119675,49.69199178644764,938.8219517725742,False,Bitstamp BTC spot,inner_train,spot,2017-01-01 00:00:00+00:00,2020-12-31 23:55:00+00:00,1461.0,0.004,1.0,10.0,0.0,not charged,179,0.1225188227241615,60,0.0410677618069815,12.251882272416154,0.9239623513716696,0.6079070786025123,0.4783009896031731,179,native
r191_robust_growth_low,spot,1000.0,750.1574407892408,-249.8425592107592,-24.984255921075913,40,20.0,645.838332260183,-216.053497111429,-6.246063980268971,66.24097091191977,0.0351903148300841,49.178082191780824,420.7719105895608,False,Bitstamp BTC spot,inner_val,spot,2021-01-01 00:00:00+00:00,2022-12-31 23:55:00+00:00,730.0,0.004,1.0,10.0,0.0,not charged,125,0.1712328767123287,40,0.0547945205479452,17.123287671232877,-0.0246523632301399,0.5116664308305591,0.4623103066681941,125,native
r191_sticky_expert,futures_5x,1000.0,1131.1329248197162,131.1329248197162,13.113292481971616,8,37.5,680.3677322477881,-259.93098265217577,52.56808616145323,51.45943593085902,0.3998222239668944,41.36986301369863,11.201592581928857,False,Deribit perp + Deribit 8h funding,funded_val,perp,2021-01-01 00:00:00+00:00,2022-12-31 23:55:00+00:00,730.0,0.0005,1.0,5.0,289.41176447191094,Deribit 8h aggregation,16,0.021917808219178,8,0.010958904109589,2.191780821917808,0.3741283706216299,0.5103348305215881,0.428469940099822,95,native
r191_sticky_expert,spot,1000.0,5750.935078737468,4750.935078737468,475.0935078737468,15,14.285714285714286,4247.732635729055,-511.246886083772,316.7290052491645,75.44620759893766,1.0139403616421785,49.14442162902122,203.12408788479857,False,Bitstamp BTC spot,inner_train,spot,2017-01-01 00:00:00+00:00,2020-12-31 23:55:00+00:00,1461.0,0.004,1.0,10.0,0.0,not charged,29,0.0198494182067077,14,0.0095824777549623,1.9849418206707736,1.0514075535127871,0.5710638622481748,0.4914386259794814,29,native
r191_sticky_expert,spot,1000.0,1331.9914118102038,331.9914118102038,33.19914118102039,8,25.0,653.2567434269002,-144.39559631138485,41.49892647627542,51.3123472109105,0.5364470004356107,39.863013698630134,101.915024713915,False,Bitstamp BTC spot,inner_val,spot,2021-01-01 00:00:00+00:00,2022-12-31 23:55:00+00:00,730.0,0.004,1.0,10.0,0.0,not charged,16,0.021917808219178,8,0.010958904109589,2.191780821917808,0.5367000535897514,0.507248879425063,0.3986253661130586,16,native
r191_sticky_expert_high,futures_5x,1000.0,1225.1446412751122,225.14464127511224,22.514464127511214,6,50.0,680.3677322477881,-281.53459554582713,85.4990119073201,46.5124874301249,0.4676044876557379,41.36986301369863,8.546882116904927,False,Deribit perp + Deribit 8h funding,funded_val,perp,2021-01-01 00:00:00+00:00,2022-12-31 23:55:00+00:00,730.0,0.0005,1.0,5.0,287.8494301688071,Deribit 8h aggregation,12,0.0164383561643835,6,0.0082191780821917,1.643835616438356,0.4524833633760824,0.5110933430655906,0.4284706342890482,91,native
r191_sticky_expert_high,spot,1000.0,5729.15004114498,4729.15004114498,472.91500411449795,13,16.666666666666668,4231.641858510177,-599.8271113378058,363.7807723957677,74.45756619154457,1.012334532758273,49.34976043805612,176.49749960843542,False,Bitstamp BTC spot,inner_train,spot,2017-01-01 00:00:00+00:00,2020-12-31 23:55:00+00:00,1461.0,0.004,1.0,10.0,0.0,not charged,25,0.0171115674195756,12,0.0082135523613963,1.7111567419575633,1.0504817160651814,0.5702418042344765,0.4934919256055355,25,native
r191_sticky_expert_high,spot,1000.0,1378.651462071455,378.65146207145494,37.86514620714549,6,33.333333333333336,653.2567434269002,-149.4538164482821,63.10857701190915,46.84888073563805,0.5671763620790904,39.58904109589041,74.77190352821601,False,Bitstamp BTC spot,inner_val,spot,2021-01-01 00:00:00+00:00,2022-12-31 23:55:00+00:00,730.0,0.004,1.0,10.0,0.0,not charged,12,0.0164383561643835,6,0.0082191780821917,1.643835616438356,0.5709366390713245,0.5048579344894598,0.3958856792394651,12,native
r191_sticky_expert_low,futures_5x,1000.0,1096.984512196856,96.98451219685604,9.6984512196856,9,33.333333333333336,680.3677322477881,-259.93098265217577,42.93738132907553,52.9304290150062,0.3739015483473961,41.50684931506849,12.312946430185876,False,Deribit perp + Deribit 8h funding,funded_val,perp,2021-01-01 00:00:00+00:00,2022-12-31 23:55:00+00:00,730.0,0.0005,1.0,5.0,289.45191976482505,Deribit 8h aggregation,18,0.0246575342465753,9,0.0123287671232876,2.4657534246575343,0.3442098582454274,0.5107733343613905,0.4298364874165444,97,native
r191_sticky_expert_low,spot,1000.0,6227.08923395526,5227.08923395526,522.708923395526,17,12.5,4692.994109847095,-497.4702586476299,307.47583729148585,72.86198516551117,1.0452898696802309,49.281314168377826,242.5723707110761,False,Bitstamp BTC spot,inner_train,spot,2017-01-01 00:00:00+00:00,2020-12-31 23:55:00+00:00,1461.0,0.004,1.0,10.0,0.0,not charged,33,0.0225872689938398,16,0.0109514031485284,2.2587268993839835,1.0866187335792008,0.5705526011487813,0.4928076511068509,33,native
r191_sticky_expert_low,spot,1000.0,1268.661848073694,268.66184807369405,26.866184807369397,9,22.22222222222222,653.2567434269002,-137.53030420905398,29.85131645263266,51.3123472109105,0.4928639924017203,39.58904109589041,110.77944733150576,False,Bitstamp BTC spot,inner_val,spot,2021-01-01 00:00:00+00:00,2022-12-31 23:55:00+00:00,730.0,0.004,1.0,10.0,0.0,not charged,18,0.0246575342465753,9,0.0123287671232876,2.4657534246575343,0.4886106057285426,0.5066562940696251,0.3958856840977441,18,native
buy_and_hold,futures_5x,1000.0,917.0120121359016,-82.98798786409839,-8.298798786409833,1,0.0,-81.55526275909752,-81.55526275909752,-81.55526275909752,29.916655666111197,-0.2475700368040659,99.99762176560122,0.50005,False,Deribit perp + Deribit 8h funding,beta_perp_00,perp,2026-02-15 00:00:00+00:00,2026-07-10 23:55:00+00:00,146.0,0.0005,1.0,5.0,1.432725105000322,Deribit 8h aggregation,1,0.0068493150684931,0,0.0,0.684931506849315,-0.3345194165088383,0.4049304829628659,1.0005316931866448,1,constant_1x_notional_10pct_relative_band
buy_and_hold,futures_5x,1000.0,731.1640335758108,-268.8359664241892,-26.88359664241893,1,0.0,-240.8844948971151,-240.8844948971151,-240.8844948971151,37.15139120829435,-1.4277920971666085,99.99778839348905,0.4999810584910213,False,Deribit perp + Deribit 8h funding,beta_perp_01,perp,2025-07-11 00:00:00+00:00,2025-12-14 23:55:00+00:00,157.0,0.0005,1.0,5.0,27.951471527074037,Deribit 8h aggregation,1,0.0063694267515923,0,0.0,0.6369426751592356,-1.7200880120545383,0.3808607358924682,1.0215594084903667,1,constant_1x_notional_10pct_relative_band
buy_and_hold,futures_5x,1000.0,869.5970729670917,-130.40292703290834,-13.040292703290834,1,0.0,-107.03016742249947,-107.03016742249947,-107.03016742249947,24.705063936135545,-0.6164946776815666,99.99770051508462,0.50005,False,Deribit perp + Deribit 8h funding,beta_perp_02,perp,2023-04-29 00:00:00+00:00,2023-09-26 23:55:00+00:00,151.0,0.0005,1.0,5.0,23.372759610409513,Deribit 8h aggregation,1,0.0066225165562913,0,0.0,0.6622516556291391,-0.7593182044517178,0.3600958245060393,1.0138508505807982,1,constant_1x_notional_10pct_relative_band
buy_and_hold,futures_5x,1000.0,914.818958725828,-85.181041274172,-8.518104127417203,1,0.0,-54.930607685986715,-54.930607685986715,-54.930607685986715,35.4462215700985,0.0033118994216885,99.99842885872296,0.50005,False,Deribit perp + Deribit 8h funding,beta_perp_03,perp,2024-03-14 00:00:00+00:00,2024-10-20 23:55:00+00:00,221.0,0.0005,1.0,5.0,30.25043358818613,Deribit 8h aggregation,1,0.004524886877828,0,0.0,0.4524886877828054,-0.0061161485925204,0.5395812821587991,1.0209747822670472,1,constant_1x_notional_10pct_relative_band
buy_and_hold,futures_5x,1000.0,796.5947154824091,-203.40528451759087,-20.340528451759088,1,0.0,-183.36847672963907,-183.36847672963907,-183.36847672963907,32.98362860190943,-0.8699764604266795,99.99715391621127,0.5000623681685069,False,Deribit perp + Deribit 8h funding,beta_perp_04,perp,2024-12-09 00:00:00+00:00,2025-04-09 23:55:00+00:00,122.0,0.0005,1.0,5.0,20.03680778795163,Deribit 8h aggregation,1,0.0081967213114754,0,0.0,0.819672131147541,-0.9904219424050124,0.5406413081962123,1.017377661307513,1,constant_1x_notional_10pct_relative_band
buy_and_hold,futures_5x,1000.0,1013.8741159659668,13.874115965966666,1.3874115965966771,1,0.0,42.33816824300793,42.33816824300793,42.33816824300793,30.145237437799445,0.2735103813554255,99.9984145104008,0.5000332964300882,False,Deribit perp + Deribit 8h funding,beta_perp_05,perp,2025-01-26 00:00:00+00:00,2025-09-01 23:55:00+00:00,219.0,0.0005,1.0,5.0,28.46405227704156,Deribit 8h aggregation,1,0.0045662100456621,0,0.0,0.45662100456621,0.2698256240543213,0.4389462602346694,1.0093758193823097,1,constant_1x_notional_10pct_relative_band
buy_and_hold,futures_5x,1000.0,1490.6006738790454,490.6006738790454,49.06006738790454,1,0.0,574.5081902596379,574.5081902596379,574.5081902596379,21.888784303506245,2.1242384049131644,99.99736952861952,0.5000439359212233,False,Deribit perp + Deribit 8h funding,beta_perp_06,perp,2023-12-12 00:00:00+00:00,2024-04-21 23:55:00+00:00,132.0,0.0005,1.0,5.0,83.90751638059209,Deribit 8h aggregation,1,0.0075757575757575,0,0.0,0.7575757575757576,2.1606915986200104,0.592339930112748,1.0312488895642202,1,constant_1x_notional_10pct_relative_band
buy_and_hold,futures_5x,1000.0,1049.0492825419603,49.04928254196034,4.904928254196039,1,0.0,99.03585784290328,99.03585784290328,99.03585784290328,37.44366905607103,0.3815744085720003,99.99857695810564,0.50005,False,Deribit perp + Deribit 8h funding,beta_perp_07,perp,2025-04-05 00:00:00+00:00,2025-12-04 23:55:00+00:00,244.0,0.0005,1.0,5.0,49.9865753009431,Deribit 8h aggregation,1,0.0040983606557377,0,0.0,0.4098360655737705,0.3781946090141166,0.4012521271742541,1.019545558701791,1,constant_1x_notional_10pct_relative_band
buy_and_hold,futures_5x,1000.0,2036.1169069233845,1036.1169069233845,103.61169069233848,1,0.0,1210.606547823827,1210.606547823827,1210.606547823827,24.704129789073413,1.702612350899845,99.99901076289966,0.5000500000000001,False,Deribit perp + Deribit 8h funding,beta_perp_08,perp,2023-05-05 00:00:00+00:00,2024-04-19 23:55:00+00:00,351.0,0.0005,1.0,5.0,174.4896409004437,Deribit 8h aggregation,1,0.0028490028490028,0,0.0,0.2849002849002849,1.7507915849471591,0.4913969052079446,1.036697828141917,1,constant_1x_notional_10pct_relative_band
buy_and_hold,futures_5x,1000.0,1753.3830330958592,753.3830330958592,75.33830330958592,1,0.0,856.7215569292329,856.7215569292329,856.7215569292329,33.984582079803396,1.365325043883798,99.99899355877616,0.4999223284089308,False,Deribit perp + Deribit 8h funding,beta_perp_09,perp,2024-07-05 00:00:00+00:00,2025-06-14 23:55:00+00:00,345.0,0.0005,1.0,5.0,103.33852383337428,Deribit 8h aggregation,1,0.0028985507246376,0,0.0,0.2898550724637681,1.3999831470039754,0.5205788276670005,1.0360348115558942,1,constant_1x_notional_10pct_relative_band
buy_and_hold,futures_5x,1000.0,1566.1882557961767,566.1882557961767,56.61882557961766,1,0.0,649.6883126923143,649.6883126923143,649.6883126923143,33.83355476753143,1.590888693023257,99.99846361848574,0.50005,False,Deribit perp + Deribit 8h funding,beta_perp_10,perp,2024-09-12 00:00:00+00:00,2025-04-25 23:55:00+00:00,226.0,0.0005,1.0,5.0,83.5000568961372,Deribit 8h aggregation,1,0.0044247787610619,0,0.0,0.4424778761061947,1.6332972943931725,0.5289388132813352,1.0344842994808827,1,constant_1x_notional_10pct_relative_band
buy_and_hold,futures_5x,1000.0,892.067282695493,-107.93271730450704,-10.793271730450703,1,0.0,-58.30562844741215,-58.30562844741215,-58.30562844741215,37.48800380630912,-0.0459329001412689,99.998981753014,0.5000190112477922,False,Deribit perp + Deribit 8h funding,beta_perp_11,perp,2025-02-06 00:00:00+00:00,2026-01-12 23:55:00+00:00,341.0,0.0005,1.0,5.0,49.62708885709405,Deribit 8h aggregation,1,0.002932551319648,0,0.0,0.2932551319648094,-0.0823869538488404,0.4196289453427249,1.0215425745385007,1,constant_1x_notional_10pct_relative_band
buy_and_hold,futures_5x,1000.0,1386.4344895460968,386.4344895460968,38.643448954609674,1,0.0,445.91839806404306,445.91839806404306,445.91839806404306,33.579401759376914,1.3444237262963157,99.9982725262576,0.50005,False,Deribit perp + Deribit 8h funding,beta_perp_12,perp,2024-11-07 00:00:00+00:00,2025-05-26 23:55:00+00:00,201.0,0.0005,1.0,5.0,59.48390851794598,Deribit 8h aggregation,1,0.0049751243781094,0,0.0,0.4975124378109453,1.3886622946013265,0.526562449001602,1.0360340155415189,1,constant_1x_notional_10pct_relative_band
buy_and_hold,futures_5x,1000.0,551.9942353956386,-448.0057646043614,-44.80057646043613,1,0.0,-431.630160103457,-431.630160103457,-431.630160103457,55.17852372546983,-1.2236116423535082,99.99883090160868,0.50005,False,Deribit perp + Deribit 8h funding,beta_perp_13,perp,2025-09-30 00:00:00+00:00,2026-07-23 23:55:00+00:00,297.0,0.0005,1.0,5.0,16.37560450090513,Deribit 8h aggregation,1,0.0033670033670033,0,0.0,0.3367003367003367,-1.3304374497509557,0.4665848569122172,1.0199871653722326,1,constant_1x_notional_10pct_relative_band
buy_and_hold,futures_5x,1000.0,1246.023534014559,246.02353401455863,24.60235340145587,1,0.0,344.0032105950874,344.0032105950874,344.0032105950874,33.519704872439576,0.7072265385947445,99.99901914626491,0.5000965491882634,False,Deribit perp + Deribit 8h funding,beta_perp_14,perp,2024-11-11 00:00:00+00:00,2025-10-30 23:55:00+00:00,354.0,0.0005,1.0,5.0,97.9796765805283,Deribit 8h aggregation,1,0.0028248587570621,0,0.0,0.2824858757062147,0.7244612284813755,0.4556173923127174,1.043853675007194,1,constant_1x_notional_10pct_relative_band
buy_and_hold,futures_5x,1000.0,1526.469504103829,526.469504103829,52.6469504103829,1,0.0,623.3731127464789,623.3731127464789,623.3731127464789,33.59108940796405,1.297924986393885,99.99881897203326,0.5000463125875674,False,Deribit perp + Deribit 8h funding,beta_perp_15,perp,2024-11-05 00:00:00+00:00,2025-08-25 23:55:00+00:00,294.0,0.0005,1.0,5.0,96.90360864265163,Deribit 8h aggregation,1,0.0034013605442176,0,0.0,0.3401360544217687,1.327373046337084,0.4829636219284417,1.0402343286495062,1,constant_1x_notional_10pct_relative_band
buy_and_hold,futures_5x,1000.0,1845.5871861819849,845.5871861819849,84.55871861819848,1,0.0,968.3309794305236,968.3309794305236,968.3309794305236,22.138175811876565,2.7117267863347765,99.99792082501664,0.5000133410553788,False,Deribit perp + Deribit 8h funding,beta_perp_16,perp,2023-10-29 00:00:00+00:00,2024-04-12 23:55:00+00:00,167.0,0.0005,1.0,5.0,122.74379324853736,Deribit 8h aggregation,1,0.0059880239520958,0,0.0,0.5988023952095808,2.660028285905941,0.564015122038201,1.0322256079502354,1,constant_1x_notional_10pct_relative_band
buy_and_hold,futures_5x,1000.0,931.1339335966608,-68.86606640333923,-6.886606640333925,1,0.0,-41.19144402983816,-41.19144402983816,-41.19144402983816,24.70642051731242,-0.1723836787901574,99.99790829986613,0.5000923398022082,False,Deribit perp + Deribit 8h funding,beta_perp_17,perp,2023-05-06 00:00:00+00:00,2023-10-18 23:55:00+00:00,166.0,0.0005,1.0,5.0,27.67462237350134,Deribit 8h aggregation,1,0.0060240963855421,0,0.0,0.6024096385542169,-0.264203202665562,0.3561237475904689,1.0164941069405773,1,constant_1x_notional_10pct_relative_band
buy_and_hold,futures_5x,1000.0,615.2184535255517,-384.7815464744483,-38.47815464744483,1,0.0,-368.5722221205874,-368.5722221205874,-368.5722221205874,53.740443574962306,-1.1570663663051504,99.99864366319444,0.50005,False,Deribit perp + Deribit 8h funding,beta_perp_18,perp,2025-09-18 00:00:00+00:00,2026-05-31 23:55:00+00:00,256.0,0.0005,1.0,5.0,16.209324353860687,Deribit 8h aggregation,1,0.00390625,0,0.0,0.390625,-1.2259057871847472,0.4731971530596584,1.0195029192377425,1,constant_1x_notional_10pct_relative_band
buy_and_hold,futures_5x,1000.0,1724.7154391611975,724.7154391611975,72.47154391611976,1,0.0,805.838534866535,805.838534866535,805.838534866535,24.708514543088384,1.6051644639697322,99.99889066382676,0.5000606188018941,False,Deribit perp + Deribit 8h funding,beta_perp_19,perp,2023-02-17 00:00:00+00:00,2023-12-26 23:55:00+00:00,313.0,0.0005,1.0,5.0,81.1230957053365,Deribit 8h aggregation,1,0.0031948881789137,0,0.0,0.3194888178913738,1.6599627403542347,0.4412375708937437,1.0171939318499696,1,constant_1x_notional_10pct_relative_band
buy_and_hold,futures_5x,1000.0,1497.3981677780907,497.39816777809074,49.739816777809075,1,0.0,589.2727465877779,589.2727465877779,589.2727465877779,24.626953397800712,1.6040287742592665,99.99850335249042,0.5000500000000001,False,Deribit perp + Deribit 8h funding,beta_perp_20,perp,2023-06-10 00:00:00+00:00,2024-01-27 23:55:00+00:00,232.0,0.0005,1.0,5.0,91.87457880968556,Deribit 8h aggregation,1,0.0043103448275862,0,0.0,0.4310344827586206,1.696912688233298,0.4284392723719082,1.0272220993061083,1,constant_1x_notional_10pct_relative_band
buy_and_hold,futures_5x,1000.0,1517.5119171363986,517.5119171363986,51.75119171363987,1,0.0,611.6945673721325,611.6945673721325,611.6945673721325,24.69664878805616,1.54856329879926,99.9986221340388,0.5000686075501889,False,Deribit perp + Deribit 8h funding,beta_perp_21,perp,2023-05-23 00:00:00+00:00,2024-01-29 23:55:00+00:00,252.0,0.0005,1.0,5.0,94.18265023573412,Deribit 8h aggregation,1,0.0039682539682539,0,0.0,0.3968253968253968,1.6083868787376012,0.4342084072179972,1.028414860965565,1,constant_1x_notional_10pct_relative_band
buy_and_hold,futures_5x,1000.0,1804.208258858033,804.2082588580331,80.42082588580331,1,0.0,934.1488448474528,934.1488448474528,934.1488448474528,25.066887500283094,2.0023412688987428,99.99847038668624,0.50005,False,Deribit perp + Deribit 8h funding,beta_perp_22,perp,2023-10-31 00:00:00+00:00,2024-06-13 23:55:00+00:00,227.0,0.0005,1.0,5.0,129.9405859894196,Deribit 8h aggregation,1,0.0044052863436123,0,0.0,0.4405286343612334,1.98442077473773,0.5562888217795044,1.040957517556622,1,constant_1x_notional_10pct_relative_band
buy_and_hold,futures_5x,1000.0,587.4310758654287,-412.56892413457126,-41.25689241345712,1,0.0,-394.098025531763,-394.098025531763,-394.098025531763,53.8445356761268,-1.962246611179528,99.99795751633988,0.5000522303050307,False,Deribit perp + Deribit 8h funding,beta_perp_23,perp,2025-09-09 00:00:00+00:00,2026-02-25 23:55:00+00:00,170.0,0.0005,1.0,5.0,18.47089860280902,Deribit 8h aggregation,1,0.0058823529411764,0,0.0,0.5882352941176471,-2.021472858748019,0.5018621199635263,1.0171757605545362,1,constant_1x_notional_10pct_relative_band
buy_and_hold,spot,1000.0,915.0155027510156,-84.98449724898444,-8.49844972489845,1,0.0,-84.98449724898447,-84.98449724898447,-84.98449724898447,29.839459265476552,-0.263065891416316,99.99762176560122,3.9839983600000006,False,Bitstamp BTC spot,beta_spot_00,spot,2026-02-15 00:00:00+00:00,2026-07-10 23:55:00+00:00,146.0,0.004,1.0,10.0,0.0,not charged,1,0.0068493150684931,0,0.0,0.684931506849315,-0.3499596080850096,0.4038549325813662,0.9999596983602994,1,native
buy_and_hold,spot,1000.0,756.752092682507,-243.24790731749297,-24.32479073174929,1,0.0,-243.24790731749297,-243.24790731749297,-243.24790731749297,35.90750484164951,-1.4121357500570952,99.99778839348905,3.98399836,False,Bitstamp BTC spot,beta_spot_01,spot,2025-07-11 00:00:00+00:00,2025-12-14 23:55:00+00:00,157.0,0.004,1.0,10.0,0.0,not charged,1,0.0063694267515923,0,0.0,0.6369426751592356,-1.5656840753509658,0.3700183369915033,0.999960194627667,1,native
buy_and_hold,spot,1000.0,890.2366807594004,-109.76331924059956,-10.976331924059956,1,0.0,-109.76331924059954,-109.76331924059954,-109.76331924059954,21.199096968337013,-0.6319773270606728,99.99770051508462,3.98399836,False,Bitstamp BTC spot,beta_spot_02,spot,2023-04-29 00:00:00+00:00,2023-09-26 23:55:00+00:00,151.0,0.004,1.0,10.0,0.0,not charged,1,0.0066225165562913,0,0.0,0.6622516556291391,-0.5199670179583367,0.3932386494068066,0.9999596365581096,1,native
buy_and_hold,spot,1000.0,938.0656684677668,-61.93433153223316,-6.193433153223316,1,0.0,-61.93433153223313,-61.93433153223313,-61.93433153223313,32.54286559351379,0.0647369554046765,99.99842885872296,3.98399836,False,Bitstamp BTC spot,beta_spot_03,spot,2024-03-14 00:00:00+00:00,2024-10-20 23:55:00+00:00,221.0,0.004,1.0,10.0,0.0,not charged,1,0.004524886877828,0,0.0,0.4524886877828054,0.0437320047166759,0.5072871814551534,0.9999652690143954,1,native
buy_and_hold,spot,1000.0,814.0811804535862,-185.91881954641383,-18.591881954641387,1,0.0,-185.9188195464138,-185.9188195464138,-185.9188195464138,31.542925834571196,-0.7835919598070522,99.99715391621127,3.98399836,False,Bitstamp BTC spot,beta_spot_04,spot,2024-12-09 00:00:00+00:00,2025-04-09 23:55:00+00:00,122.0,0.004,1.0,10.0,0.0,not charged,1,0.0081967213114754,0,0.0,0.819672131147541,-0.8963070264859083,0.5307973211893979,0.999953608199446,1,native
buy_and_hold,spot,1000.0,1038.355197083648,38.355197083648136,3.8355197083648207,1,0.0,38.35519708364808,38.35519708364808,38.35519708364808,29.863129204686643,0.3625257659558172,99.9984145104008,3.98399836,False,Bitstamp BTC spot,beta_spot_05,spot,2025-01-26 00:00:00+00:00,2025-09-01 23:55:00+00:00,219.0,0.004,1.0,10.0,0.0,not charged,1,0.0045662100456621,0,0.0,0.45662100456621,0.359850292526221,0.4349933344083175,0.9999668095136058,1,native
buy_and_hold,spot,1000.0,1566.2915322364042,566.2915322364042,56.629153223640415,1,0.0,566.2915322364041,566.2915322364041,566.2915322364041,21.350450080380888,2.4649878992583134,99.99736952861952,3.98399836,False,Bitstamp BTC spot,beta_spot_06,spot,2023-12-12 00:00:00+00:00,2024-04-21 23:55:00+00:00,132.0,0.004,1.0,10.0,0.0,not charged,1,0.0075757575757575,0,0.0,0.7575757575757576,2.6968763156192437,0.5084290890696525,0.999960571032278,1,native
buy_and_hold,spot,1000.0,1095.427915652611,95.42791565261108,9.5427915652611,1,0.0,95.42791565261098,95.42791565261098,95.42791565261098,35.90765635772035,0.5425588012125692,99.99857695810564,3.98399836,False,Bitstamp BTC spot,beta_spot_07,spot,2025-04-05 00:00:00+00:00,2025-12-04 23:55:00+00:00,244.0,0.004,1.0,10.0,0.0,not charged,1,0.0040983606557377,0,0.0,0.4098360655737705,0.5427929495632127,0.3923641476463899,0.99997265111226,1,native
buy_and_hold,spot,1000.0,2220.4130434232143,1220.4130434232145,122.0413043423214,1,0.0,1220.4130434232145,1220.4130434232145,1220.4130434232145,21.350537576101654,2.034674273941192,99.99901076289966,3.98399836,False,Bitstamp BTC spot,beta_spot_08,spot,2023-05-05 00:00:00+00:00,2024-04-19 23:55:00+00:00,351.0,0.004,1.0,10.0,0.0,not charged,1,0.0028490028490028,0,0.0,0.2849002849002849,2.081912190781783,0.4466163966995579,0.9999765090624074,1,native
buy_and_hold,spot,1000.0,1806.0484220946391,806.0484220946391,80.60484220946391,1,0.0,806.0484220946392,806.0484220946392,806.0484220946392,31.54313064014008,1.4612893141651926,99.99899355877616,3.9839983600000006,False,Bitstamp BTC spot,beta_spot_09,spot,2024-07-05 00:00:00+00:00,2025-06-14 23:55:00+00:00,345.0,0.004,1.0,10.0,0.0,not charged,1,0.0028985507246376,0,0.0,0.2898550724637681,1.4939153322572696,0.5031909020371855,0.9999778734262554,1,native
buy_and_hold,spot,1000.0,1637.6802151292804,637.6802151292804,63.76802151292805,1,0.0,637.6802151292804,637.6802151292804,637.6802151292804,31.54313327137984,1.7737258061408,99.99846361848574,3.98399836,False,Bitstamp BTC spot,beta_spot_10,spot,2024-09-12 00:00:00+00:00,2025-04-25 23:55:00+00:00,226.0,0.004,1.0,10.0,0.0,not charged,1,0.0044247787610619,0,0.0,0.4424778761061947,1.8196306200946737,0.5088180692448335,0.9999732356506524,1,native
buy_and_hold,spot,1000.0,938.3090795739628,-61.69092042603711,-6.169092042603708,1,0.0,-61.69092042603709,-61.69092042603709,-61.69092042603709,35.90759508861884,0.0544917837114767,99.998981753014,3.98399836,False,Bitstamp BTC spot,beta_spot_11,spot,2025-02-06 00:00:00+00:00,2026-01-12 23:55:00+00:00,341.0,0.004,1.0,10.0,0.0,not charged,1,0.002932551319648,0,0.0,0.2932551319648094,0.0393396123791197,0.4115905395137334,0.999973859098324,1,native
buy_and_hold,spot,1000.0,1440.9635844439335,440.96358444393354,44.096358444393346,1,0.0,440.96358444393354,440.96358444393354,440.96358444393354,31.54304706149704,1.5084825673440874,99.9982725262576,3.98399836,False,Bitstamp BTC spot,beta_spot_12,spot,2024-11-07 00:00:00+00:00,2025-05-26 23:55:00+00:00,201.0,0.004,1.0,10.0,0.0,not charged,1,0.0049751243781094,0,0.0,0.4975124378109453,1.5580942423204318,0.5083835675734267,0.9999693584080562,1,native
buy_and_hold,spot,1000.0,566.6895485590801,-433.3104514409199,-43.331045144091995,1,0.0,-433.31045144091985,-433.31045144091985,-433.31045144091985,53.95346444208751,-1.2458809755183595,99.99883090160868,3.98399836,False,Bitstamp BTC spot,beta_spot_13,spot,2025-09-30 00:00:00+00:00,2026-07-23 23:55:00+00:00,297.0,0.004,1.0,10.0,0.0,not charged,1,0.0033670033670033,0,0.0,0.3367003367003367,-1.2996109564994502,0.4564604283174521,0.999964321176434,1,native
buy_and_hold,spot,1000.0,1339.1178840539644,339.1178840539644,33.911788405396436,1,0.0,339.11788405396436,339.11788405396436,339.11788405396436,31.543023709984126,0.8841569962876948,99.99901914626491,3.98399836,False,Bitstamp BTC spot,beta_spot_14,spot,2024-11-11 00:00:00+00:00,2025-10-30 23:55:00+00:00,354.0,0.004,1.0,10.0,0.0,not charged,1,0.0028248587570621,0,0.0,0.2824858757062147,0.906999958719705,0.4367149093338358,0.999977062794076,1,native
buy_and_hold,spot,1000.0,1616.946350462142,616.9463504621419,61.694635046214195,1,0.0,616.9463504621419,616.9463504621419,616.9463504621419,31.54308441921424,1.481606732012138,99.99881897203326,3.98399836,False,Bitstamp BTC spot,beta_spot_15,spot,2024-11-05 00:00:00+00:00,2025-08-25 23:55:00+00:00,294.0,0.004,1.0,10.0,0.0,not charged,1,0.0034013605442176,0,0.0,0.3401360544217687,1.5136937795143808,0.4653763065908503,0.9999767880745878,1,native
buy_and_hold,spot,1000.0,1950.676781370173,950.6767813701732,95.06767813701732,1,0.0,950.6767813701732,950.6767813701732,950.6767813701732,21.350499707624486,3.090048683983873,99.99792082501664,3.98399836,False,Bitstamp BTC spot,beta_spot_16,spot,2023-10-29 00:00:00+00:00,2024-04-12 23:55:00+00:00,167.0,0.004,1.0,10.0,0.0,not charged,1,0.0059880239520958,0,0.0,0.5988023952095808,3.237706616314462,0.4887509009849856,0.9999671019982764,1,native
buy_and_hold,spot,1000.0,953.3747483608672,-46.625251639132784,-4.662525163913278,1,0.0,-46.62525163913283,-46.62525163913283,-46.62525163913283,21.199095151845167,-0.1225215194612652,99.99790829986613,3.98399836,False,Bitstamp BTC spot,beta_spot_17,spot,2023-05-06 00:00:00+00:00,2023-10-18 23:55:00+00:00,166.0,0.004,1.0,10.0,0.0,not charged,1,0.0060240963855421,0,0.0,0.6024096385542169,-0.0868966007257613,0.3812283810309981,0.9999615497901364,1,native
buy_and_hold,spot,1000.0,629.528219254318,-370.47178074568205,-37.04717807456821,1,0.0,-370.4717807456821,-370.4717807456821,-370.4717807456821,52.39114364704868,-1.1837939987281738,99.99864366319444,3.98399836,False,Bitstamp BTC spot,beta_spot_18,spot,2025-09-18 00:00:00+00:00,2026-05-31 23:55:00+00:00,256.0,0.004,1.0,10.0,0.0,not charged,1,0.00390625,0,0.0,0.390625,-1.1947419270130997,0.4623920076625469,0.9999635842868464,1,native
buy_and_hold,spot,1000.0,1679.033347769342,679.0333477693421,67.9033347769342,1,0.0,679.033347769342,679.033347769342,679.033347769342,22.074878240748586,1.6328961226376029,99.99889066382676,3.98399836,False,Bitstamp BTC spot,beta_spot_19,spot,2023-02-17 00:00:00+00:00,2023-12-26 23:55:00+00:00,313.0,0.004,1.0,10.0,0.0,not charged,1,0.0031948881789137,0,0.0,0.3194888178913738,1.5434671899550796,0.4590590618836929,0.9999747051313508,1,native
buy_and_hold,spot,1000.0,1575.1935969877636,575.1935969877636,57.51935969877635,1,0.0,575.1935969877635,575.1935969877635,575.1935969877635,21.350555035130128,1.9586038570771325,99.99850335249042,3.98399836,False,Bitstamp BTC spot,beta_spot_20,spot,2023-06-10 00:00:00+00:00,2024-01-27 23:55:00+00:00,232.0,0.004,1.0,10.0,0.0,not charged,1,0.0043103448275862,0,0.0,0.4310344827586206,1.9212126201009143,0.4175789999202191,0.9999713671272092,1,native
buy_and_hold,spot,1000.0,1595.0432078577053,595.0432078577053,59.50432078577053,1,0.0,595.0432078577053,595.0432078577053,595.0432078577053,21.35055190513773,1.874894869646576,99.9986221340388,3.98399836,False,Bitstamp BTC spot,beta_spot_21,spot,2023-05-23 00:00:00+00:00,2024-01-29 23:55:00+00:00,252.0,0.004,1.0,10.0,0.0,not charged,1,0.0039682539682539,0,0.0,0.3968253968253968,1.8183389967660637,0.4207012174489475,0.9999721732128156,1,native
buy_and_hold,spot,1000.0,1927.8712214573784,927.8712214573784,92.78712214573784,1,0.0,927.8712214573784,927.8712214573784,927.8712214573784,23.04093466080778,2.3113736074204976,99.99847038668624,3.98399836,False,Bitstamp BTC spot,beta_spot_22,spot,2023-10-31 00:00:00+00:00,2024-06-13 23:55:00+00:00,227.0,0.004,1.0,10.0,0.0,not charged,1,0.0044052863436123,0,0.0,0.4405286343612334,2.421314877114711,0.4848888656106025,0.999973512772026,1,native
buy_and_hold,spot,1000.0,604.1743013992834,-395.8256986007166,-39.58256986007166,1,0.0,-395.8256986007165,-395.8256986007165,-395.8256986007165,52.39117311209043,-2.0177712346682486,99.99795751633988,3.98399836,False,Bitstamp BTC spot,beta_spot_23,spot,2025-09-09 00:00:00+00:00,2026-02-25 23:55:00+00:00,170.0,0.004,1.0,10.0,0.0,not charged,1,0.0058823529411764,0,0.0,0.5882352941176471,-1.9570188096510588,0.4905455461258305,0.9999596828962948,1,native
buy_and_hold,spot,1000.0,3838.5443616041134,2838.5443616041134,283.85443616041135,1,0.0,2838.5443616041134,2838.5443616041134,2838.5443616041134,53.95426256824534,1.0282115090314965,99.99973675966947,0.99899989,False,Bitstamp BTC spot,discount_holdout,spot,2023-01-01 00:00:00+00:00,2026-08-12 00:40:00+00:00,1319.03125,0.001,1.0,10.0,0.0,not charged,1,0.0007581321519107,0,0.0,0.0757575757575757,1.0281676759839076,0.467823410983785,0.9999970076938808,1,native
buy_and_hold,spot,1000.0,1566.0493769264913,566.0493769264913,56.60493769264914,1,0.0,566.0493769264912,566.0493769264912,566.0493769264912,69.44157523248758,0.5107121246018879,99.99973659047986,3.98399836,False,Coinbase ETH spot,eth_holdout,eth,2023-01-01 00:00:00+00:00,2026-08-12 00:40:00+00:00,1319.03125,0.004,1.0,5.0,0.0,not charged,1,0.0007581321519107,0,0.0,0.0757575757575757,0.5093784324598818,0.6316566102154486,0.9999888932048152,1,native
buy_and_hold,futures_5x,1000.0,3136.979208384644,2136.979208384644,213.6979208384644,1,0.0,3052.3553114440183,3052.3553114440183,3052.3553114440183,55.47347113553083,0.8828483004137928,99.99973675966947,0.9345612513774376,False,Deribit perp + Deribit 8h funding,funded_holdout,perp,2023-01-01 00:00:00+00:00,2026-08-12 00:40:00+00:00,1319.03125,0.0005,1.0,5.0,915.3761030593744,Deribit 8h aggregation,3,0.0022743964557321,0,0.0,0.2272727272727272,0.8940700508577021,0.4841652081705339,1.0349845616859263,3,constant_1x_notional_10pct_relative_band
buy_and_hold,spot,1000.0,3827.031352237645,2827.031352237645,282.7031352237645,1,0.0,2827.031352237645,2827.031352237645,2827.031352237645,53.9541536559191,1.026436688847615,99.99973675966947,3.9839983600000006,False,Bitstamp BTC spot,holdout,spot,2023-01-01 00:00:00+00:00,2026-08-12 00:40:00+00:00,1319.03125,0.004,1.0,10.0,0.0,not charged,1,0.0007581321519107,0,0.0,0.0757575757575757,1.0263858403912451,0.4678258197397199,0.9999920308744554,1,native
kelly_regime_v4,futures_5x,1000.0,962.0827805889444,-37.91721941105561,-3.791721941105563,9,12.5,64.37099168653421,-28.75251706118399,-4.128931034302895,12.445457717339814,-0.2852211663620089,56.11444063926941,6.349406457417606,False,Deribit perp + Deribit 8h funding,beta_perp_00,perp,2026-02-15 00:00:00+00:00,2026-07-10 23:55:00+00:00,146.0,0.0005,1.0,5.0,0.7568401023289918,Deribit 8h aggregation,36,0.2465753424657534,8,0.0547945205479452,19.17808219178082,-0.3347944164204424,0.2183501355170923,0.4477725840543621,37,native
kelly_regime_v4,futures_5x,1000.0,832.9407623887206,-167.0592376112794,-16.705923761127938,6,0.0,-4.255353069011658,-44.120680679239406,-23.473896205938775,23.810887821409903,-1.3965627796745572,52.76229653220099,7.665802395382494,False,Deribit perp + Deribit 8h funding,beta_perp_01,perp,2025-07-11 00:00:00+00:00,2025-12-14 23:55:00+00:00,157.0,0.0005,1.0,5.0,26.215860375646972,Deribit 8h aggregation,30,0.1910828025477707,6,0.0382165605095541,15.286624203821656,-1.3797812627942656,0.2791675482140652,0.5678839744180637,34,native
kelly_regime_v4,futures_5x,1000.0,849.0086062447942,-150.99139375520576,-15.099139375520576,11,9.090909090909092,49.218492344039426,-79.93810229747193,-12.20753530063766,17.31714422828671,-1.4425785496945722,63.55776306107432,7.889924921166023,False,Deribit perp + Deribit 8h funding,beta_perp_02,perp,2023-04-29 00:00:00+00:00,2023-09-26 23:55:00+00:00,151.0,0.0005,1.0,5.0,16.708505448191058,Deribit 8h aggregation,39,0.2582781456953642,11,0.0728476821192053,20.52980132450331,-1.6081609079875454,0.2299255373186369,0.5176689285697103,40,native
kelly_regime_v4,futures_5x,1000.0,831.688699946656,-168.31130005334398,-16.831130005334394,12,18.181818181818183,88.36133696210565,-150.5146448648806,-11.930674462472458,26.089110899362858,-0.8218007690494195,65.47417043740573,11.0235317048712,False,Deribit perp + Deribit 8h funding,beta_perp_03,perp,2024-03-14 00:00:00+00:00,2024-10-20 23:55:00+00:00,221.0,0.0005,1.0,5.0,25.143206503674783,Deribit 8h aggregation,75,0.3393665158371041,11,0.0497737556561085,22.171945701357465,-0.8750946019990468,0.2976808759309936,0.5221904556739443,81,native
kelly_regime_v4,futures_5x,1000.0,802.8309896989795,-197.1690103010205,-19.71690103010205,10,10.0,7.379659181227268,-114.19679996746112,-18.272240009095896,24.14233387115857,-1.9221229830227131,54.24635701275046,7.848105272876496,False,Deribit perp + Deribit 8h funding,beta_perp_04,perp,2024-12-09 00:00:00+00:00,2025-04-09 23:55:00+00:00,122.0,0.0005,1.0,5.0,14.44661021006092,Deribit 8h aggregation,48,0.3934426229508196,10,0.081967213114754,25.40983606557377,-2.123206747832836,0.2896401801417725,0.3743614325126007,50,native
kelly_regime_v4,futures_5x,1000.0,1077.145829275504,77.14582927550396,7.714582927550406,10,10.0,264.6175931696831,-76.98409549428759,10.803947344577404,17.184675358091535,0.5634480655234058,69.84557331303907,10.703108429907962,False,Deribit perp + Deribit 8h funding,beta_perp_05,perp,2025-01-26 00:00:00+00:00,2025-09-01 23:55:00+00:00,219.0,0.0005,1.0,5.0,30.893644170269972,Deribit 8h aggregation,58,0.2648401826484018,10,0.045662100456621,17.35159817351598,0.5677075084043628,0.2924478076950358,0.6730229838304932,64,native
kelly_regime_v4,futures_5x,1000.0,1333.7269664929377,333.72696649293766,33.372696649293765,3,50.0,438.4352663550218,-54.27271308612446,136.56990588676368,18.75305111552958,1.8489468882053297,97.1511994949495,8.631812479194583,False,Deribit perp + Deribit 8h funding,beta_perp_06,perp,2023-12-12 00:00:00+00:00,2024-04-21 23:55:00+00:00,132.0,0.0005,1.0,5.0,75.9827511673541,Deribit 8h aggregation,38,0.2878787878787879,2,0.0151515151515151,21.21212121212121,1.7600989853341342,0.5330222295976189,0.8555983247362297,57,native
kelly_regime_v4,futures_5x,1000.0,1156.669774879281,156.66977487928102,15.666977487928111,5,25.0,314.33011551573264,-52.96570174683102,41.04473325918445,22.752570540399592,0.8676461317587342,67.54895264116576,12.546278912715948,False,Deribit perp + Deribit 8h funding,beta_perp_07,perp,2025-04-05 00:00:00+00:00,2025-12-04 23:55:00+00:00,244.0,0.0005,1.0,5.0,48.55389141664254,Deribit 8h aggregation,43,0.1762295081967213,4,0.0163934426229508,13.114754098360656,0.8470860723495999,0.3163299364027885,0.7069348704715854,48,native
kelly_regime_v4,futures_5x,1000.0,1782.6191101327802,782.6191101327802,78.26191101327802,14,23.076923076923077,589.6935647766169,-47.478360129256494,66.63095981676369,20.64663509897475,1.618121925861264,83.11767964545743,22.0090427063923,False,Deribit perp + Deribit 8h funding,beta_perp_08,perp,2023-05-05 00:00:00+00:00,2024-04-19 23:55:00+00:00,351.0,0.0005,1.0,5.0,150.21432730191304,Deribit 8h aggregation,90,0.2564102564102564,13,0.037037037037037,19.08831908831909,1.5612084586763344,0.4490081643709916,0.7736911065972786,114,native
kelly_regime_v4,futures_5x,1000.0,1414.958304809249,414.95830480924906,41.49583048092491,15,14.285714285714286,438.0390572951248,-30.080595219071203,33.03377950477007,25.079043031573573,1.1847795977528617,70.09661835748793,21.294211023969407,False,Deribit perp + Deribit 8h funding,beta_perp_09,perp,2024-07-05 00:00:00+00:00,2025-06-14 23:55:00+00:00,345.0,0.0005,1.0,5.0,80.54838776230285,Deribit 8h aggregation,102,0.2956521739130435,14,0.0405797101449275,19.130434782608695,1.1957706182998418,0.3609326425931456,0.6181926135183142,105,native
kelly_regime_v4,futures_5x,1000.0,1382.7646079390274,382.7646079390274,38.27646079390274,12,18.181818181818183,460.28995984217096,-31.60858771569855,37.67385583046865,25.07904303157356,1.519000470456328,73.09027777777777,16.68018467394032,False,Deribit perp + Deribit 8h funding,beta_perp_10,perp,2024-09-12 00:00:00+00:00,2025-04-25 23:55:00+00:00,226.0,0.0005,1.0,5.0,69.32166202659542,Deribit 8h aggregation,75,0.331858407079646,11,0.0486725663716814,21.68141592920354,1.5188627253463958,0.3954612755122517,0.6265461416257779,77,native
kelly_regime_v4,futures_5x,1000.0,1054.030100072164,54.03010007216403,5.403010007216413,15,7.142857142857143,293.9017417978678,-49.52345076258166,6.787793517217806,25.506619635562483,0.3449125275744545,56.49947051156729,16.332137365924456,False,Deribit perp + Deribit 8h funding,beta_perp_11,perp,2025-02-06 00:00:00+00:00,2026-01-12 23:55:00+00:00,341.0,0.0005,1.0,5.0,47.7868026861038,Deribit 8h aggregation,68,0.1994134897360703,14,0.0410557184750733,14.07624633431085,0.3429842915447459,0.273283819906999,0.5511864630324237,73,native
kelly_regime_v4,futures_5x,1000.0,1364.066532767703,364.06653276770294,36.406653276770285,11,20.0,297.96004848607294,-27.03658599170505,38.131729235979165,25.079043031573633,1.620948679385795,70.94907407407408,11.354658954299635,False,Deribit perp + Deribit 8h funding,beta_perp_12,perp,2024-11-07 00:00:00+00:00,2025-05-26 23:55:00+00:00,201.0,0.0005,1.0,5.0,55.38248882806547,Deribit 8h aggregation,53,0.263681592039801,10,0.0497512437810945,17.412935323383085,1.6645994752312077,0.3822291744333724,0.615473479972214,56,native
kelly_regime_v4,futures_5x,1000.0,837.8626555303961,-162.13734446960393,-16.213734446960395,15,7.142857142857143,56.01374816594939,-42.246253659518814,-10.018660982698858,31.41490861653981,-0.8410229822392058,46.24368686868687,11.406036913280577,False,Deribit perp + Deribit 8h funding,beta_perp_13,perp,2025-09-30 00:00:00+00:00,2026-07-23 23:55:00+00:00,297.0,0.0005,1.0,5.0,11.857429729121096,Deribit 8h aggregation,62,0.2087542087542087,14,0.0471380471380471,15.151515151515152,-0.7989171961127118,0.2366850318222864,0.3929235304099585,63,native
kelly_regime_v4,futures_5x,1000.0,1157.8954781268649,157.89547812686487,15.78954781268649,14,21.428571428571427,315.05236010200827,-53.08740243491874,17.80871193263299,25.079043031573544,0.5962226670988842,72.52236346516007,22.471497601481055,False,Deribit perp + Deribit 8h funding,beta_perp_14,perp,2024-11-11 00:00:00+00:00,2025-10-30 23:55:00+00:00,354.0,0.0005,1.0,5.0,91.42648892999986,Deribit 8h aggregation,92,0.2598870056497175,14,0.03954802259887,18.07909604519774,0.5965563926394462,0.3637755935905078,0.7033446066669257,99,native
kelly_regime_v4,futures_5x,1000.0,1539.4651217265357,539.4651217265357,53.94651217265356,11,27.272727272727273,378.1935038024967,-30.32290989760056,57.85358596596823,25.07904303157357,1.5749483278768002,79.91071428571429,20.223665061124745,False,Deribit perp + Deribit 8h funding,beta_perp_15,perp,2024-11-05 00:00:00+00:00,2025-08-25 23:55:00+00:00,294.0,0.0005,1.0,5.0,96.92432389911473,Deribit 8h aggregation,78,0.2653061224489796,11,0.0374149659863945,18.367346938775512,1.5765932396021936,0.386650831662239,0.7475190191485135,85,native
kelly_regime_v4,futures_5x,1000.0,1679.2540734753318,679.2540734753318,67.92540734753318,2,100.0,606.6170152574048,188.0871063242728,397.3520607908388,19.605113102928012,2.453456506875625,97.76072854291417,10.42723672544067,False,Deribit perp + Deribit 8h funding,beta_perp_16,perp,2023-10-29 00:00:00+00:00,2024-04-12 23:55:00+00:00,167.0,0.0005,1.0,5.0,115.45004810634352,Deribit 8h aggregation,39,0.2335329341317365,1,0.0059880239520958,17.365269461077844,2.318546848633992,0.5556947290477532,0.9916355170718842,60,native
kelly_regime_v4,futures_5x,1000.0,858.1428842452074,-141.85711575479263,-14.185711575479266,12,9.090909090909092,49.70531885390244,-70.86582174574562,-10.133219148264358,20.64663509897476,-1.00173269501019,66.56626506024097,9.708425166341076,False,Deribit perp + Deribit 8h funding,beta_perp_17,perp,2023-05-06 00:00:00+00:00,2023-10-18 23:55:00+00:00,166.0,0.0005,1.0,5.0,20.258485975620985,Deribit 8h aggregation,46,0.2771084337349397,11,0.0662650602409638,21.686746987951807,-1.2909666590314746,0.2389040387610129,0.5615026283728657,48,native
kelly_regime_v4,futures_5x,1000.0,804.5518648508561,-195.44813514914392,-19.544813514914395,14,7.142857142857143,53.56222165834805,-45.0618419495837,-13.208969079285854,31.414908620023553,-1.1722167350011925,47.444661458333336,11.38765332448339,False,Deribit perp + Deribit 8h funding,beta_perp_18,perp,2025-09-18 00:00:00+00:00,2026-05-31 23:55:00+00:00,256.0,0.0005,1.0,5.0,10.522568039141625,Deribit 8h aggregation,59,0.23046875,14,0.0546875,16.015625,-1.1033345325177382,0.2519288514251515,0.4266978194227389,60,native
kelly_regime_v4,futures_5x,1000.0,1494.3886036155443,494.3886036155443,49.438860361554426,13,16.666666666666668,582.011754404273,-81.79349549704631,43.77893308815054,27.116906380734907,1.3496969274946438,81.32987220447285,18.32748329811702,False,Deribit perp + Deribit 8h funding,beta_perp_19,perp,2023-02-17 00:00:00+00:00,2023-12-26 23:55:00+00:00,313.0,0.0005,1.0,5.0,74.7375265304149,Deribit 8h aggregation,81,0.2587859424920127,12,0.0383386581469648,18.53035143769968,1.3598675109591742,0.4032012762004507,0.7680678932069624,88,native
kelly_regime_v4,futures_5x,1000.0,1392.054724754738,392.0547247547379,39.20547247547379,7,33.333333333333336,472.1847978992578,-22.649991334896217,68.3658671371648,20.646635098974727,1.4455035983120117,82.59398946360153,12.262417354610706,False,Deribit perp + Deribit 8h funding,beta_perp_20,perp,2023-06-10 00:00:00+00:00,2024-01-27 23:55:00+00:00,232.0,0.0005,1.0,5.0,86.50634520541635,Deribit 8h aggregation,47,0.2025862068965517,6,0.0258620689655172,15.517241379310343,1.412409524181876,0.4344992745238722,0.8072683031683674,62,native
kelly_regime_v4,futures_5x,1000.0,1351.3013304704325,351.3013304704323,35.13013304704322,10,22.22222222222222,451.1825145971362,-25.613821532296623,43.530949572610226,20.646635098974777,1.2753161492135436,79.43535052910053,13.836067956461084,False,Deribit perp + Deribit 8h funding,beta_perp_21,perp,2023-05-23 00:00:00+00:00,2024-01-29 23:55:00+00:00,252.0,0.0005,1.0,5.0,84.0081652556715,Deribit 8h aggregation,57,0.2261904761904762,9,0.0357142857142857,17.46031746031746,1.247662306504786,0.4189429818023133,0.7635905379705341,72,native
kelly_regime_v4,futures_5x,1000.0,1577.2619622382708,577.2619622382708,57.72619622382709,7,50.0,537.4201829900646,-26.05071339430209,100.15800648150784,19.60511310391019,1.8012466905308049,93.29111600587372,15.390211524185837,False,Deribit perp + Deribit 8h funding,beta_perp_22,perp,2023-10-31 00:00:00+00:00,2024-06-13 23:55:00+00:00,227.0,0.0005,1.0,5.0,123.84408313228218,Deribit 8h aggregation,57,0.2511013215859031,6,0.026431718061674,18.061674008810577,1.7132657959261626,0.5008605637104283,0.8808378536451489,76,native
kelly_regime_v4,futures_5x,1000.0,852.3550969186634,-147.64490308133657,-14.76449030813366,8,0.0,-2.6862276553156543,-41.511733786951794,-16.83096510091911,24.213371935305357,-1.5284908661408156,33.1515522875817,7.085861333060267,False,Deribit perp + Deribit 8h funding,beta_perp_23,perp,2025-09-09 00:00:00+00:00,2026-02-25 23:55:00+00:00,170.0,0.0005,1.0,5.0,12.997182273983508,Deribit 8h aggregation,30,0.1764705882352941,7,0.0411764705882352,11.176470588235292,-1.3147775919546183,0.2386815129308271,0.3399471109201589,30,native
kelly_regime_v4,spot,1000.0,911.2160859590344,-88.78391404096556,-8.878391404096552,9,12.5,48.867976955189334,-37.09710254725164,-9.864879337885087,14.486821305851302,-0.9128553209363474,56.20243531202435,48.527316909828954,False,Bitstamp BTC spot,beta_spot_00,spot,2026-02-15 00:00:00+00:00,2026-07-10 23:55:00+00:00,146.0,0.004,1.0,10.0,0.0,not charged,35,0.2397260273972602,8,0.0547945205479452,19.17808219178082,-1.0231312520185236,0.206594213114935,0.4241662562572574,36,native
kelly_regime_v4,spot,1000.0,842.3753940795395,-157.62460592046045,-15.762460592046049,6,0.0,-6.910197359024423,-56.47952561663256,-26.270767653410076,20.169206474005676,-1.8428820774071792,52.76671974522293,43.077711431927256,False,Bitstamp BTC spot,beta_spot_01,spot,2025-07-11 00:00:00+00:00,2025-12-14 23:55:00+00:00,157.0,0.004,1.0,10.0,0.0,not charged,23,0.1464968152866242,6,0.0382165605095541,14.64968152866242,-1.7876670803988794,0.2105498106637084,0.4337126485561927,32,native
kelly_regime_v4,spot,1000.0,814.2448138422092,-185.75518615779083,-18.575518615779085,11,9.090909090909092,39.133194861301625,-87.11640281424332,-16.886835105253695,19.707703356182865,-2.112195405780368,63.36460632818249,58.0234752049808,False,Bitstamp BTC spot,beta_spot_02,spot,2023-04-29 00:00:00+00:00,2023-09-26 23:55:00+00:00,151.0,0.004,1.0,10.0,0.0,not charged,40,0.2649006622516556,11,0.0728476821192053,19.867549668874172,-1.94029558143941,0.2412300181381451,0.493497482791119,40,native
kelly_regime_v4,spot,1000.0,792.0240927246866,-207.97590727531335,-20.797590727531336,11,10.0,76.31216312832609,-155.43178556437255,-18.906900661392097,28.741930104339076,-1.1340792982163883,65.55586978381096,79.66014110499319,False,Bitstamp BTC spot,beta_spot_03,spot,2024-03-14 00:00:00+00:00,2024-10-20 23:55:00+00:00,221.0,0.004,1.0,10.0,0.0,not charged,79,0.3574660633484163,10,0.0452488687782805,24.43438914027149,-1.1773571635059612,0.2913135412104135,0.5080403750025425,79,native
kelly_regime_v4,spot,1000.0,784.4996171474342,-215.50038285256585,-21.55003828525659,10,10.0,3.46764650871477,-123.13118081347643,-21.55003828525658,25.62791963868079,-2.244588147096805,54.252049180327866,56.43558708049675,False,Bitstamp BTC spot,beta_spot_04,spot,2024-12-09 00:00:00+00:00,2025-04-09 23:55:00+00:00,122.0,0.004,1.0,10.0,0.0,not charged,48,0.3934426229508196,10,0.081967213114754,26.229508196721312,-2.4826115202057433,0.2769678965604086,0.3647255196901331,48,native
kelly_regime_v4,spot,1000.0,995.9932765266868,-4.006723473313059,-0.4006723473313101,10,10.0,171.07812119952104,-74.31071161035723,-0.4006723473313201,18.78470222175245,0.1014259062157925,69.84874429223744,65.67090646444282,False,Bitstamp BTC spot,beta_spot_05,spot,2025-01-26 00:00:00+00:00,2025-09-01 23:55:00+00:00,219.0,0.004,1.0,10.0,0.0,not charged,53,0.2420091324200913,10,0.045662100456621,15.981735159817353,0.0968159838394939,0.2502678531333823,0.5855496936707641,60,native
kelly_regime_v4,spot,1000.0,1421.4798622652384,421.4798622652383,42.14798622652383,2,100.0,403.87271793249175,17.607144332746742,210.73993113261923,16.719371993067384,2.406869144634595,97.16698232323232,48.27108742939017,False,Bitstamp BTC spot,beta_spot_06,spot,2023-12-12 00:00:00+00:00,2024-04-21 23:55:00+00:00,132.0,0.004,1.0,10.0,0.0,not charged,49,0.3712121212121212,1,0.0075757575757575,27.272727272727273,2.43911442355404,0.4383631877962892,0.7783342238209864,49,native
kelly_regime_v4,spot,1000.0,1106.1384599276694,106.13845992766936,10.613845992766937,5,25.0,207.38874791513663,-48.12140872223649,21.227691985533976,18.591277661551743,0.7366962517408021,67.54895264116576,65.24662638200417,False,Bitstamp BTC spot,beta_spot_07,spot,2025-04-05 00:00:00+00:00,2025-12-04 23:55:00+00:00,244.0,0.004,1.0,10.0,0.0,not charged,34,0.1393442622950819,4,0.0163934426229508,11.885245901639344,0.721049041087254,0.2540298219523229,0.5849428023898888,46,native
kelly_regime_v4,spot,1000.0,1798.9796579949686,798.9796579949686,79.89796579949686,13,16.666666666666668,509.62631542066566,-53.41020159538265,61.459973691920666,19.55912781635988,1.8583136133768856,82.99303577081355,120.4907147005618,False,Bitstamp BTC spot,beta_spot_08,spot,2023-05-05 00:00:00+00:00,2024-04-19 23:55:00+00:00,351.0,0.004,1.0,10.0,0.0,not charged,95,0.2706552706552707,12,0.0341880341880341,20.22792022792023,1.851459299339508,0.3660853733703939,0.6950592075773666,103,native
kelly_regime_v4,spot,1000.0,1331.369050179016,331.3690501790161,33.13690501790161,15,14.285714285714286,356.89840832849313,-46.75890623368628,22.0912700119344,26.69857017257687,1.063865695293898,70.0895732689211,144.90160797944202,False,Bitstamp BTC spot,beta_spot_09,spot,2024-07-05 00:00:00+00:00,2025-06-14 23:55:00+00:00,345.0,0.004,1.0,10.0,0.0,not charged,100,0.2898550724637681,14,0.0405797101449275,20.0,1.0635657033797576,0.3377728008148289,0.5857103512542008,101,native
kelly_regime_v4,spot,1000.0,1302.3557331409793,302.3557331409793,30.23557331409792,12,18.181818181818183,375.8725395514322,-49.24479466023946,25.196311095081583,26.6985701725768,1.3539818111548922,73.07952310717798,114.9711287880374,False,Bitstamp BTC spot,beta_spot_10,spot,2024-09-12 00:00:00+00:00,2025-04-25 23:55:00+00:00,226.0,0.004,1.0,10.0,0.0,not charged,74,0.3274336283185841,11,0.0486725663716814,22.123893805309734,1.3541258039563535,0.3632987217576849,0.5907815939312575,74,native
kelly_regime_v4,spot,1000.0,977.1240956823924,-22.875904317607592,-2.2875904317607554,15,7.142857142857143,190.41251176572968,-44.18233099249842,-1.5250602878404862,22.579841470123064,-0.0041561950889149,56.50354349951124,96.16906802978134,False,Bitstamp BTC spot,beta_spot_11,spot,2025-02-06 00:00:00+00:00,2026-01-12 23:55:00+00:00,341.0,0.004,1.0,10.0,0.0,not charged,59,0.1730205278592375,14,0.0410557184750733,13.196480938416425,0.0008602913841083,0.2238268714347212,0.4653467912378647,71,native
kelly_regime_v4,spot,1000.0,1317.5372107168591,317.53721071685914,31.753721071685906,11,20.0,278.14701589008035,-34.30817317030102,28.867019156078097,26.69857017257921,1.5544947005993293,70.95252902155887,80.10874679522374,False,Bitstamp BTC spot,beta_spot_12,spot,2024-11-07 00:00:00+00:00,2025-05-26 23:55:00+00:00,201.0,0.004,1.0,10.0,0.0,not charged,53,0.263681592039801,10,0.0497512437810945,17.91044776119403,1.5916237936283308,0.3536633693663024,0.5850086305082578,54,native
kelly_regime_v4,spot,1000.0,799.4154213183612,-200.58457868163885,-20.05845786816388,15,7.142857142857143,42.89119546581207,-40.534012868540984,-13.372305245442588,30.322151289830412,-1.2584880425449363,46.289281705948376,80.17971101133827,False,Bitstamp BTC spot,beta_spot_13,spot,2025-09-30 00:00:00+00:00,2026-07-23 23:55:00+00:00,297.0,0.004,1.0,10.0,0.0,not charged,58,0.1952861952861952,14,0.0471380471380471,15.151515151515152,-1.22871040485669,0.2065468468832867,0.3573344545334544,62,native
kelly_regime_v4,spot,1000.0,1080.1833462689212,80.18334626892124,8.01833462689212,14,21.428571428571427,202.4716736341461,-46.98047632560547,5.72738187635155,26.698570172579277,0.4100331988477669,72.52432517263026,133.4086623969799,False,Bitstamp BTC spot,beta_spot_14,spot,2024-11-11 00:00:00+00:00,2025-10-30 23:55:00+00:00,354.0,0.004,1.0,10.0,0.0,not charged,83,0.2344632768361582,14,0.03954802259887,17.51412429378531,0.4105419479657024,0.3101053878040247,0.6050892998356237,95,native
kelly_regime_v4,spot,1000.0,1391.914729814416,391.914729814416,39.19147298144159,11,27.272727272727273,288.568165434377,-38.05261301836313,35.628611801310576,26.6985701725768,1.3717674449307122,79.91307634164777,124.75350261611956,False,Bitstamp BTC spot,beta_spot_15,spot,2024-11-05 00:00:00+00:00,2025-08-25 23:55:00+00:00,294.0,0.004,1.0,10.0,0.0,not charged,74,0.2517006802721088,11,0.0374149659863945,17.687074829931973,1.373155821118008,0.3409180755976387,0.6647397900501516,81,native
kelly_regime_v4,spot,1000.0,1726.0642020921578,726.0642020921578,72.60642020921577,2,100.0,505.705475913877,220.3587261782809,363.032101046079,13.77689299492181,2.9154661700816353,97.76072854291417,57.587358118576184,False,Bitstamp BTC spot,beta_spot_16,spot,2023-10-29 00:00:00+00:00,2024-04-12 23:55:00+00:00,167.0,0.004,1.0,10.0,0.0,not charged,52,0.311377245508982,1,0.0059880239520958,22.15568862275449,2.9290433540936003,0.4411087918505472,0.8584154581223447,54,native
kelly_regime_v4,spot,1000.0,856.9818013688993,-143.01819863110074,-14.301819863110076,12,9.090909090909092,39.66813334022254,-74.63757084968417,-11.918183219258417,19.559126312952067,-1.2622534163998311,66.29016064257029,60.3509199266857,False,Bitstamp BTC spot,beta_spot_17,spot,2023-05-06 00:00:00+00:00,2023-10-18 23:55:00+00:00,166.0,0.004,1.0,10.0,0.0,not charged,40,0.2409638554216867,11,0.0662650602409638,18.674698795180724,-1.2547279153181534,0.246676012638678,0.5314525154528695,46,native
kelly_regime_v4,spot,1000.0,776.9584988125202,-223.04150118747975,-22.304150118747977,14,7.142857142857143,41.2438445730934,-40.47249101758601,-15.931535799105692,30.322117990008536,-1.605069188449738,47.49755859375,77.39592985883964,False,Bitstamp BTC spot,beta_spot_18,spot,2025-09-18 00:00:00+00:00,2026-05-31 23:55:00+00:00,256.0,0.004,1.0,10.0,0.0,not charged,54,0.2109375,14,0.0546875,16.015625,-1.5458273792794746,0.2174455506722195,0.377090850520451,59,native
kelly_regime_v4,spot,1000.0,1300.1498569020075,300.1498569020075,30.014985690200756,13,16.666666666666668,450.3961230219489,-134.41422655376286,23.088450530923645,28.25373248137524,1.0594125874292744,81.19786119985801,96.16301952059064,False,Bitstamp BTC spot,beta_spot_19,spot,2023-02-17 00:00:00+00:00,2023-12-26 23:55:00+00:00,313.0,0.004,1.0,10.0,0.0,not charged,77,0.2460063897763578,12,0.0383386581469648,17.891373801916934,1.0531195753543432,0.3474248501203406,0.6928618615919153,85,native
kelly_regime_v4,spot,1000.0,1472.86557210156,472.86557210156,47.286557210156,7,33.333333333333336,507.4723786962916,-31.963555171463785,67.55222458593714,19.2396256795008,1.9344443056503704,82.53412356321839,57.76798247985031,False,Bitstamp BTC spot,beta_spot_20,spot,2023-06-10 00:00:00+00:00,2024-01-27 23:55:00+00:00,232.0,0.004,1.0,10.0,0.0,not charged,46,0.1982758620689655,6,0.0258620689655172,15.517241379310343,1.9203165697784703,0.349016873764086,0.7174366296142277,54,native
kelly_regime_v4,spot,1000.0,1410.314433167281,410.3144331672813,41.03144331672812,10,22.22222222222222,479.77110738516205,-31.191532636105062,41.03144331672815,19.23962567950079,1.6574568090222552,79.01372354497354,70.81392259537729,False,Bitstamp BTC spot,beta_spot_21,spot,2023-05-23 00:00:00+00:00,2024-01-29 23:55:00+00:00,252.0,0.004,1.0,10.0,0.0,not charged,56,0.2222222222222222,9,0.0357142857142857,17.46031746031746,1.6426150758581082,0.3378893984112891,0.6782702869340503,64,native
kelly_regime_v4,spot,1000.0,1605.1132765886066,605.1132765886066,60.51132765886067,6,40.0,457.55098479386686,-51.39325745218374,100.85221276476784,20.37644937642773,2.069680128829433,93.30641213901126,96.79896096982009,False,Bitstamp BTC spot,beta_spot_22,spot,2023-10-31 00:00:00+00:00,2024-06-13 23:55:00+00:00,227.0,0.004,1.0,10.0,0.0,not charged,70,0.3083700440528634,5,0.0220264317180616,22.026431718061673,2.080908902242807,0.4053337579395102,0.7817320787732396,72,native
kelly_regime_v4,spot,1000.0,861.1772512778396,-138.82274872216044,-13.88227487221605,8,0.0,-4.00675685960679,-39.95621062442259,-17.352843590270073,20.30115112453905,-1.8904839687549408,33.15563725490196,43.69949027325409,False,Bitstamp BTC spot,beta_spot_23,spot,2025-09-09 00:00:00+00:00,2026-02-25 23:55:00+00:00,170.0,0.004,1.0,10.0,0.0,not charged,25,0.1470588235294117,7,0.0411764705882352,11.176470588235292,-1.5855408787910474,0.1907960233616226,0.2682270094126313,30,native
kelly_regime_v4,spot,1000.0,3391.8542228921915,2391.8542228921915,239.18542228921913,51,19.607843137254903,1104.4890810763534,-147.5579805261599,46.89910240965082,27.991185544707623,1.2246530330299032,70.78058655210448,313.75554862775437,False,Bitstamp BTC spot,discount_holdout,spot,2023-01-01 00:00:00+00:00,2026-08-12 00:40:00+00:00,1319.03125,0.001,1.0,10.0,0.0,not charged,331,0.2509417422824516,51,0.0386647397474472,18.333333333333332,1.2124369230807075,0.3207366408070291,0.5853722187481305,356,native
kelly_regime_v4,spot,1000.0,1662.2650732773163,662.2650732773163,66.22650732773164,74,10.95890410958904,715.4891240514683,-63.32692356158804,8.949528017261027,41.598177584281345,0.5825230301948807,65.5091574319679,703.6485024144058,False,Coinbase ETH spot,eth_holdout,eth,2023-01-01 00:00:00+00:00,2026-08-12 00:40:00+00:00,1319.03125,0.004,1.0,5.0,0.0,not charged,402,0.3047691250681134,73,0.0553436470894832,19.848484848484848,0.5647677128240384,0.365002476745105,0.4649926525185906,417,native
kelly_regime_v4,futures_5x,1000.0,3193.1810646685417,2193.1810646685417,219.31810646685415,52,21.153846153846153,1189.9325699916872,-171.7306721101888,54.774701983066386,33.98922603537821,1.0693824903841895,70.80533114317379,186.5692916727466,False,Deribit perp + Deribit 8h funding,funded_holdout,perp,2023-01-01 00:00:00+00:00,2026-08-12 00:40:00+00:00,1319.03125,0.0005,1.0,5.0,655.1034384509135,Deribit 8h aggregation,336,0.2547324030420053,52,0.0394228718993579,18.03030303030303,1.05694899708662,0.3668127350044891,0.6447474325192112,371,native
kelly_regime_v4,spot,1000.0,2453.7487704635955,1453.7487704635955,145.37487704635956,51,19.607843137254903,875.8475808241074,-133.08633141003867,28.50487785222736,34.28333981873071,0.9429662305795982,70.78058655210448,1039.2649853623086,False,Bitstamp BTC spot,holdout,spot,2023-01-01 00:00:00+00:00,2026-08-12 00:40:00+00:00,1319.03125,0.004,1.0,10.0,0.0,not charged,331,0.2509417422824516,51,0.0386647397474472,18.333333333333332,0.9308772114456528,0.3218606170188465,0.5841411912161043,356,native
r191_conformal_tail,futures_5x,1000.0,831.2952875665376,-168.70471243346242,-16.87047124334624,2,0.0,-2.627193196765261,-165.3466753812351,-83.98693428900017,20.03558041764095,-3.2023633026870155,20.54794520547945,1.9085387800682247,False,Deribit perp + Deribit 8h funding,beta_perp_00,perp,2026-02-15 00:00:00+00:00,2026-07-10 23:55:00+00:00,146.0,0.0005,1.0,5.0,0.7308438554616791,Deribit 8h aggregation,4,0.0273972602739726,2,0.0136986301369863,2.73972602739726,-2.8720841576102054,0.1565061688816723,0.2050391040816828,4,native
r191_conformal_tail,futures_5x,1000.0,938.0120317359026,-61.98796826409739,-6.198796826409736,1,0.0,-39.12555594528413,-39.12555594528413,-39.12555594528413,18.13175872028711,-0.3705355067011434,57.961783439490446,0.9780259349948556,False,Deribit perp + Deribit 8h funding,beta_perp_01,perp,2025-07-11 00:00:00+00:00,2025-12-14 23:55:00+00:00,157.0,0.0005,1.0,5.0,22.8624123188132,Deribit 8h aggregation,2,0.0127388535031847,1,0.0063694267515923,1.2738853503184713,-0.4664463667823924,0.2511503865963401,0.5853980767013475,2,native
r191_conformal_tail,futures_5x,1000.0,743.0444766448592,-256.9555233551408,-25.695552335514083,11,18.181818181818183,61.50079788537981,-125.8573425479,-21.690025660471555,30.07722118103558,-1.777000498072064,70.86092715231788,9.119581734001262,False,Deribit perp + Deribit 8h funding,beta_perp_02,perp,2023-04-29 00:00:00+00:00,2023-09-26 23:55:00+00:00,151.0,0.0005,1.0,5.0,18.36524108995396,Deribit 8h aggregation,22,0.1456953642384106,11,0.0728476821192053,14.56953642384106,-2.2072616557831344,0.3041874548452188,0.7081708830607685,22,native
r191_conformal_tail,futures_5x,1000.0,868.245432303095,-131.75456769690504,-13.175456769690507,9,25.0,34.502002340161944,-70.12711265370318,-12.170586758390671,22.44706902957861,-0.4906672767309348,62.44343891402715,6.921736808200372,False,Deribit perp + Deribit 8h funding,beta_perp_03,perp,2024-03-14 00:00:00+00:00,2024-10-20 23:55:00+00:00,221.0,0.0005,1.0,5.0,22.21928687138883,Deribit 8h aggregation,18,0.0814479638009049,8,0.0361990950226244,8.144796380090497,-0.4937543977776581,0.3495295542643563,0.5210633755490308,83,native
r191_conformal_tail,futures_5x,1000.0,922.4770373428944,-77.52296265710572,-7.752296265710568,2,0.0,-8.182139361797894,-48.982025877610226,-28.58208261970406,17.666768000330155,-0.3732279051279972,59.83606557377049,1.9381746587699096,False,Deribit perp + Deribit 8h funding,beta_perp_04,perp,2024-12-09 00:00:00+00:00,2025-04-09 23:55:00+00:00,122.0,0.0005,1.0,5.0,20.35879741769714,Deribit 8h aggregation,4,0.0327868852459016,2,0.0163934426229508,3.278688524590164,-0.5656923613270134,0.3307408437529802,0.6035337600093615,4,native
r191_conformal_tail,futures_5x,1000.0,977.0810651970456,-22.918934802954368,-2.291893480295437,3,0.0,108.95829757418448,-58.79308962610856,0.9479186452405534,14.79929501851689,0.0137401030552089,65.29680365296804,2.3084333355340103,False,Deribit perp + Deribit 8h funding,beta_perp_05,perp,2025-01-26 00:00:00+00:00,2025-09-01 23:55:00+00:00,219.0,0.0005,1.0,5.0,25.762690738675506,Deribit 8h aggregation,5,0.0228310502283105,2,0.0091324200913242,2.2831050228310503,-0.0123216948279384,0.2669691505518893,0.6388395474145637,5,native
r191_conformal_tail,futures_5x,1000.0,1469.4775650155873,469.4775650155873,46.947756501558736,1,0.0,553.5750371498157,553.5750371498157,553.5750371498157,21.828487379335996,2.116453178988225,99.24242424242424,0.7930466502652658,False,Deribit perp + Deribit 8h funding,beta_perp_06,perp,2023-12-12 00:00:00+00:00,2024-04-21 23:55:00+00:00,132.0,0.0005,1.0,5.0,84.09747213422882,Deribit 8h aggregation,2,0.0151515151515151,0,0.0,1.5151515151515151,2.120190905774293,0.5821427089723157,0.9964293655434782,20,native
r191_conformal_tail,futures_5x,1000.0,1123.5927648551751,123.59276485517512,12.359276485517512,1,100.0,159.69657174474463,159.69657174474463,159.69657174474463,17.731049578893053,0.7533404057503231,64.34426229508196,1.0399756006427403,False,Deribit perp + Deribit 8h funding,beta_perp_07,perp,2025-04-05 00:00:00+00:00,2025-12-04 23:55:00+00:00,244.0,0.0005,1.0,5.0,36.10380688957025,Deribit 8h aggregation,2,0.0081967213114754,1,0.0040983606557377,0.819672131147541,0.7937846014492024,0.2633660888310296,0.6294626604991628,2,native
r191_conformal_tail,futures_5x,1000.0,1459.086422122601,459.08642212260133,45.90864221226014,12,18.181818181818183,826.7268182391545,-134.26926598047484,48.40046018691397,29.9048908870245,1.076348928160368,80.05698005698005,9.709301018103597,False,Deribit perp + Deribit 8h funding,beta_perp_08,perp,2023-05-05 00:00:00+00:00,2024-04-19 23:55:00+00:00,351.0,0.0005,1.0,5.0,121.7191001203633,Deribit 8h aggregation,24,0.0683760683760683,11,0.0313390313390313,6.837606837606837,1.0896319626372588,0.4553763970237097,0.8107416628740357,56,native
r191_conformal_tail,futures_5x,1000.0,1295.743039662345,295.7430396623449,29.57430396623448,7,33.333333333333336,390.3903400502671,-63.766566336680256,52.86688274137958,18.05253440589987,0.9166398634016238,60.289855072463766,6.245329333536569,False,Deribit perp + Deribit 8h funding,beta_perp_09,perp,2024-07-05 00:00:00+00:00,2025-06-14 23:55:00+00:00,345.0,0.0005,1.0,5.0,74.3251395273122,Deribit 8h aggregation,13,0.0376811594202898,6,0.017391304347826,3.768115942028986,0.9765580481121334,0.3390557865738531,0.5920135209606439,28,native
r191_conformal_tail,futures_5x,1000.0,1276.9818906124135,276.9818906124135,27.69818906124135,4,50.0,415.1183660730816,-67.80565529455744,86.10690475965042,18.036021223983976,1.1450493786470786,65.929203539823,4.361210561656819,False,Deribit perp + Deribit 8h funding,beta_perp_10,perp,2024-09-12 00:00:00+00:00,2025-04-25 23:55:00+00:00,226.0,0.0005,1.0,5.0,67.44572842618824,Deribit 8h aggregation,8,0.0353982300884955,4,0.0176991150442477,3.5398230088495577,1.2334058465292297,0.377339861949664,0.66176087496344,15,native
r191_conformal_tail,futures_5x,1000.0,1065.4019643896647,65.40196438966473,6.5401964389664835,3,33.333333333333336,151.42589607639218,-50.34840746997106,33.64108786927259,17.731049578893053,0.3944435211915172,50.146627565982406,2.954658041004284,False,Deribit perp + Deribit 8h funding,beta_perp_11,perp,2025-02-06 00:00:00+00:00,2026-01-12 23:55:00+00:00,341.0,0.0005,1.0,5.0,35.52129921815416,Deribit 8h aggregation,6,0.0175953079178885,3,0.0087976539589442,1.7595307917888563,0.4082331706873597,0.2322897972100235,0.4913846793277412,6,native
r191_conformal_tail,futures_5x,1000.0,1296.5473938046132,296.5473938046132,29.65473938046133,3,50.0,270.7594977450968,-61.487307972246555,117.81324329289716,18.02457463532238,1.3246833369051552,62.18905472636816,2.8744998028060156,False,Deribit perp + Deribit 8h funding,beta_perp_12,perp,2024-11-07 00:00:00+00:00,2025-05-26 23:55:00+00:00,201.0,0.0005,1.0,5.0,56.89233607407716,Deribit 8h aggregation,5,0.0248756218905472,2,0.0099502487562189,2.487562189054726,1.460887215786822,0.3692541478240259,0.6302507092402969,5,native
r191_conformal_tail,futures_5x,1000.0,819.8815744977256,-180.11842550227436,-18.011842550227442,3,0.0,-2.591121743248432,-163.07645980572278,-58.357054960039726,26.016999137998077,-1.3923882952751354,13.468013468013469,2.8752288320769335,False,Deribit perp + Deribit 8h funding,beta_perp_13,perp,2025-09-30 00:00:00+00:00,2026-07-23 23:55:00+00:00,297.0,0.0005,1.0,5.0,5.047260622155593,Deribit 8h aggregation,6,0.0202020202020202,3,0.0101010101010101,2.0202020202020203,-1.5535313912086186,0.1497832531781804,0.1344710813590005,6,native
r191_conformal_tail,futures_5x,1000.0,1115.0285273968805,115.02852739688046,11.502852739688052,3,66.66666666666667,158.4793341436519,-52.69364288264735,64.21093859490657,18.000454415588777,0.485138848180476,72.88135593220339,3.089344160406974,False,Deribit perp + Deribit 8h funding,beta_perp_14,perp,2024-11-11 00:00:00+00:00,2025-10-30 23:55:00+00:00,354.0,0.0005,1.0,5.0,77.60428838783984,Deribit 8h aggregation,6,0.0169491525423728,3,0.0084745762711864,1.694915254237288,0.5100995962156691,0.321384203996677,0.7252622811549466,6,native
r191_conformal_tail,futures_5x,1000.0,1398.4229402677263,398.4229402677265,39.84229402677266,3,50.0,388.88222489415017,-67.15781840385172,162.2889330706728,17.998764063467874,1.250050726708572,74.14965986394557,3.0896075491829285,False,Deribit perp + Deribit 8h funding,beta_perp_15,perp,2024-11-05 00:00:00+00:00,2025-08-25 23:55:00+00:00,294.0,0.0005,1.0,5.0,88.44385894429344,Deribit 8h aggregation,5,0.0170068027210884,2,0.0068027210884353,1.7006802721088434,1.3298307299132874,0.3620116413741244,0.7385387744006113,5,native
r191_conformal_tail,futures_5x,1000.0,1819.258570153287,819.2585701532873,81.92585701532873,1,0.0,939.2547636623405,939.2547636623405,939.2547636623405,22.079110928707173,2.6614090105888555,99.40119760479044,0.49854985,False,Deribit perp + Deribit 8h funding,beta_perp_16,perp,2023-10-29 00:00:00+00:00,2024-04-12 23:55:00+00:00,167.0,0.0005,1.0,5.0,119.99619350905314,Deribit 8h aggregation,1,0.0059880239520958,0,0.0,0.5988023952095808,2.609591286055235,0.5625028868581303,1.0233868489445992,28,native
r191_conformal_tail,futures_5x,1000.0,752.2006374675943,-247.79936253240567,-24.779936253240564,11,18.181818181818183,62.25864107493927,-115.11671255552972,-20.83989120029384,28.240563630069275,-1.6951080564152547,60.24096385542169,9.225813648152414,False,Deribit perp + Deribit 8h funding,beta_perp_17,perp,2023-05-06 00:00:00+00:00,2023-10-18 23:55:00+00:00,166.0,0.0005,1.0,5.0,18.56055932917339,Deribit 8h aggregation,22,0.1325301204819277,11,0.0662650602409638,13.25301204819277,-2.1158770693627797,0.2776289377286678,0.6021126765463032,22,native
r191_conformal_tail,futures_5x,1000.0,880.1412841739054,-119.85871582609457,-11.985871582609454,3,0.0,-2.518667375914783,-75.32688835235253,-37.75489847812355,18.950708811064658,-0.9127552537388728,19.53125,2.411704878928752,False,Deribit perp + Deribit 8h funding,beta_perp_18,perp,2025-09-18 00:00:00+00:00,2026-05-31 23:55:00+00:00,256.0,0.0005,1.0,5.0,6.594020391724368,Deribit 8h aggregation,5,0.01953125,2,0.0078125,1.953125,-1.1111647369513935,0.1531978091278405,0.195063242874719,5,native
r191_conformal_tail,futures_5x,1000.0,1217.807447451325,217.80744745132503,21.780744745132495,12,27.272727272727273,366.28312126487776,-87.92959799641685,22.58894321910044,32.64857555578763,0.7566240321072192,77.63578274760384,11.180870809272768,False,Deribit perp + Deribit 8h funding,beta_perp_19,perp,2023-02-17 00:00:00+00:00,2023-12-26 23:55:00+00:00,313.0,0.0005,1.0,5.0,53.259871177879646,Deribit 8h aggregation,23,0.0734824281150159,11,0.0351437699680511,7.348242811501597,0.7682439234632271,0.4041016325842821,0.7782624181965112,23,native
r191_conformal_tail,futures_5x,1000.0,1134.132849446094,134.13284944609404,13.413284944609403,12,18.181818181818183,338.3170362133393,-83.99589520177433,16.547610674645902,25.709230919511416,0.691204440085487,69.82758620689656,10.700895187491694,False,Deribit perp + Deribit 8h funding,beta_perp_20,perp,2023-06-10 00:00:00+00:00,2024-01-27 23:55:00+00:00,232.0,0.0005,1.0,5.0,64.43847864965663,Deribit 8h aggregation,23,0.0991379310344827,11,0.0474137931034482,9.913793103448276,0.7119628323459773,0.377963763905619,0.7062983210698743,23,native
r191_conformal_tail,futures_5x,1000.0,1105.4789030208465,105.47890302084647,10.54789030208465,12,18.181818181818183,352.32649026065843,-79.51950881329991,14.135302403159498,26.394628480008215,0.5623833396739444,72.22222222222223,10.15856327650791,False,Deribit perp + Deribit 8h funding,beta_perp_21,perp,2023-05-23 00:00:00+00:00,2024-01-29 23:55:00+00:00,252.0,0.0005,1.0,5.0,64.14472581706609,Deribit 8h aggregation,23,0.0912698412698412,11,0.0436507936507936,9.126984126984128,0.5671269208446917,0.3882273475716126,0.7298943369338702,23,native
r191_conformal_tail,futures_5x,1000.0,1801.440732607592,801.4407326075918,80.14407326075919,2,100.0,907.7657892913566,17.68222998841418,462.72400963988537,22.05618972616224,2.130469028855205,97.3568281938326,3.0511266423813233,False,Deribit perp + Deribit 8h funding,beta_perp_22,perp,2023-10-31 00:00:00+00:00,2024-06-13 23:55:00+00:00,227.0,0.0005,1.0,5.0,124.0072866721784,Deribit 8h aggregation,5,0.0220264317180616,2,0.0088105726872246,2.202643171806167,2.104052487061697,0.5126033884285828,0.9158035525950228,82,native
r191_conformal_tail,futures_5x,1000.0,1004.6225925778356,4.622592577835576,0.4622592577835593,1,100.0,12.949472520911952,12.949472520911952,12.949472520911952,17.878966770816977,0.1499504796797621,18.235294117647054,1.004076474497705,False,Deribit perp + Deribit 8h funding,beta_perp_23,perp,2025-09-09 00:00:00+00:00,2026-02-25 23:55:00+00:00,170.0,0.0005,1.0,5.0,8.326879943076264,Deribit 8h aggregation,2,0.0117647058823529,1,0.0058823529411764,1.1764705882352942,0.1437002435981602,0.1651328848410845,0.1825517184808183,2,native
r191_conformal_tail,spot,1000.0,819.9849346380621,-180.0150653619379,-18.00150653619379,2,0.0,-9.767101635045435,-170.24796372689258,-90.007532680969,19.98246507185492,-3.417966925462758,20.54794520547945,15.198904563012348,False,Bitstamp BTC spot,beta_spot_00,spot,2026-02-15 00:00:00+00:00,2026-07-10 23:55:00+00:00,146.0,0.004,1.0,10.0,0.0,not charged,4,0.0273972602739726,2,0.0136986301369863,2.73972602739726,-3.094447579916166,0.1563298115818538,0.2054759580847289,4,native
r191_conformal_tail,spot,1000.0,953.1154731678924,-46.88452683210767,-4.688452683210764,1,0.0,-46.8845268321077,-46.8845268321077,-46.8845268321077,13.657766288730365,-0.3339014823831956,57.961783439490446,7.811705434409207,False,Bitstamp BTC spot,beta_spot_01,spot,2025-07-11 00:00:00+00:00,2025-12-14 23:55:00+00:00,157.0,0.004,1.0,10.0,0.0,not charged,2,0.0127388535031847,1,0.0063694267515923,1.2738853503184713,-0.3276639877125532,0.2472097026788557,0.579608121199553,2,native
r191_conformal_tail,spot,1000.0,654.078395339046,-345.921604660954,-34.5921604660954,13,15.384615384615383,62.38733651652434,-137.53910779709403,-26.609354204688785,36.96192652965262,-3.1819191100854978,70.86092715231788,82.10855140308605,False,Bitstamp BTC spot,beta_spot_02,spot,2023-04-29 00:00:00+00:00,2023-09-26 23:55:00+00:00,151.0,0.004,1.0,10.0,0.0,not charged,27,0.1788079470198675,13,0.086092715231788,17.880794701986755,-2.916768926447239,0.3325885831241619,0.7050233095779544,27,native
r191_conformal_tail,spot,1000.0,858.2848992311273,-141.71510076887273,-14.171510076887271,7,0.0,29.226930666287785,-70.21546653094437,-20.24501439555323,24.82091742500987,-0.4507207820648853,59.72850678733032,46.95035533857333,False,Bitstamp BTC spot,beta_spot_03,spot,2024-03-14 00:00:00+00:00,2024-10-20 23:55:00+00:00,221.0,0.004,1.0,10.0,0.0,not charged,16,0.0723981900452488,6,0.0271493212669683,7.239819004524887,-0.5497329424285428,0.3493668614583246,0.5789123873728239,19,native
r191_conformal_tail,spot,1000.0,928.689322435687,-71.31067756431298,-7.131067756431298,2,0.0,-15.08641416096132,-56.22426340335164,-35.655338782156484,17.063547183057278,-0.3313960996622725,59.83606557377049,15.5929138867386,False,Bitstamp BTC spot,beta_spot_04,spot,2024-12-09 00:00:00+00:00,2025-04-09 23:55:00+00:00,122.0,0.004,1.0,10.0,0.0,not charged,4,0.0327868852459016,2,0.0163934426229508,3.278688524590164,-0.5028988249800688,0.3315736183036976,0.5983509234818081,4,native
r191_conformal_tail,spot,1000.0,985.585580371392,-14.414419628607902,-1.44144196286079,3,0.0,104.47389600287558,-65.54447476575938,-4.804806542869263,15.714320993426126,0.0650928648383187,65.29680365296804,18.494165791244857,False,Bitstamp BTC spot,beta_spot_05,spot,2025-01-26 00:00:00+00:00,2025-09-01 23:55:00+00:00,219.0,0.004,1.0,10.0,0.0,not charged,6,0.0273972602739726,2,0.0091324200913242,2.73972602739726,0.044704909336432,0.2704123311656349,0.6485744681402383,6,native
r191_conformal_tail,spot,1000.0,1558.0545717350003,558.0545717350005,55.80545717350005,1,0.0,558.0545717350004,558.0545717350004,558.0545717350004,21.350448522578784,2.446956484658643,99.24242424242424,3.98399836,False,Bitstamp BTC spot,beta_spot_06,spot,2023-12-12 00:00:00+00:00,2024-04-21 23:55:00+00:00,132.0,0.004,1.0,10.0,0.0,not charged,1,0.0075757575757575,0,0.0,0.7575757575757576,2.6694466156251897,0.5081079720897173,0.9924111725521344,1,native
r191_conformal_tail,spot,1000.0,1152.0500867819342,152.05008678193417,15.20500867819341,1,100.0,152.0500867819343,152.0500867819343,152.0500867819343,13.613888790729748,0.9337289483139142,64.34426229508196,8.577921668867702,False,Bitstamp BTC spot,beta_spot_07,spot,2025-04-05 00:00:00+00:00,2025-12-04 23:55:00+00:00,244.0,0.004,1.0,10.0,0.0,not charged,3,0.0122950819672131,1,0.0040983606557377,1.2295081967213115,0.9298816509451177,0.2657852430420192,0.6389440838074663,3,native
r191_conformal_tail,spot,1000.0,1374.0888838843516,374.0888838843516,37.408888388435166,14,15.384615384615383,727.2388366705447,-147.0703316040127,26.720634563167984,36.797000235304274,0.9790970331122344,80.34188034188034,83.82223050416111,False,Bitstamp BTC spot,beta_spot_08,spot,2023-05-05 00:00:00+00:00,2024-04-19 23:55:00+00:00,351.0,0.004,1.0,10.0,0.0,not charged,28,0.0797720797720797,13,0.037037037037037,7.977207977207978,0.9991994329084772,0.4177479655260319,0.8018708466484858,28,native
r191_conformal_tail,spot,1000.0,1277.7316497167578,277.73164971675783,27.77316497167579,7,16.666666666666668,355.9507266962957,-76.33411575925766,39.67594995953691,17.694379060835097,0.899151364659885,59.130434782608695,51.46407938785115,False,Bitstamp BTC spot,beta_spot_09,spot,2024-07-05 00:00:00+00:00,2025-06-14 23:55:00+00:00,345.0,0.004,1.0,10.0,0.0,not charged,15,0.0434782608695652,6,0.017391304347826,4.3478260869565215,0.9501016864634652,0.3295295528644077,0.5704790045700601,18,native
r191_conformal_tail,spot,1000.0,1289.817203115735,289.8172031157351,28.98172031157351,4,25.0,388.0659679774822,-78.08749429783117,72.45430077893371,16.67099376075586,1.2287397180472768,65.48672566371681,34.10039928487143,False,Bitstamp BTC spot,beta_spot_10,spot,2024-09-12 00:00:00+00:00,2025-04-25 23:55:00+00:00,226.0,0.004,1.0,10.0,0.0,not charged,9,0.0398230088495575,4,0.0176991150442477,3.982300884955752,1.3128857987181413,0.3627725795085776,0.626294437546772,12,native
r191_conformal_tail,spot,1000.0,1078.228209970424,78.22820997042413,7.822820997042412,3,33.333333333333336,142.30691423728445,-56.66209806105565,26.076069990141416,13.613888790729764,0.4587735785895209,50.146627565982406,23.711575957613572,False,Bitstamp BTC spot,beta_spot_11,spot,2025-02-06 00:00:00+00:00,2026-01-12 23:55:00+00:00,341.0,0.004,1.0,10.0,0.0,not charged,7,0.0205278592375366,3,0.0087976539589442,2.0527859237536656,0.4607059567899067,0.2350786429932698,0.498246703056383,7,native
r191_conformal_tail,spot,1000.0,1334.341476668033,334.341476668033,33.434147666803305,3,50.0,262.53943909991784,-72.07266810174201,111.44715888934428,17.733008053269288,1.4771964248483784,62.18905472636816,23.588655595425102,False,Bitstamp BTC spot,beta_spot_12,spot,2024-11-07 00:00:00+00:00,2025-05-26 23:55:00+00:00,201.0,0.004,1.0,10.0,0.0,not charged,6,0.0298507462686567,2,0.0099502487562189,2.985074626865672,1.6136886085639224,0.3659101541119341,0.6188534472580163,6,native
r191_conformal_tail,spot,1000.0,805.5179589512422,-194.48204104875776,-19.448204104875774,3,0.0,-9.594780881436384,-167.24428274700395,-64.8273470162526,27.02150668733992,-2.01650884533992,13.468013468013469,22.85989200881558,False,Bitstamp BTC spot,beta_spot_13,spot,2025-09-30 00:00:00+00:00,2026-07-23 23:55:00+00:00,297.0,0.004,1.0,10.0,0.0,not charged,6,0.0202020202020202,3,0.0101010101010101,2.0202020202020203,-1.7064142091726962,0.1491447450253453,0.1346778955292264,6,native
r191_conformal_tail,spot,1000.0,1172.906088215415,172.90608821541468,17.290608821541475,3,66.66666666666667,154.80270740517747,-61.63752642744713,57.63536273847158,17.73298708434645,0.6329071544903534,72.88135593220339,25.44383580095848,False,Bitstamp BTC spot,beta_spot_14,spot,2024-11-11 00:00:00+00:00,2025-10-30 23:55:00+00:00,354.0,0.004,1.0,10.0,0.0,not charged,7,0.019774011299435,3,0.0084745762711864,1.9774011299435028,0.6730905555250122,0.3209093450442752,0.7257085889284405,7,native
r191_conformal_tail,spot,1000.0,1468.619488890677,468.6194888906771,46.86194888906772,3,50.0,381.194335420939,-78.84613964358016,156.20649629689228,17.733018693564617,1.4206047032529627,74.14965986394557,25.431129834412,False,Bitstamp BTC spot,beta_spot_15,spot,2024-11-05 00:00:00+00:00,2025-08-25 23:55:00+00:00,294.0,0.004,1.0,10.0,0.0,not charged,6,0.0204081632653061,2,0.0068027210884353,2.0408163265306123,1.5027435336474515,0.3605393574232973,0.7383077652743701,6,native
r191_conformal_tail,spot,1000.0,1925.0717908287124,925.0717908287124,92.50717908287125,1,0.0,925.0717908287124,925.0717908287124,925.0717908287124,21.350496448429126,3.035484127740632,99.40119760479044,3.9839983600000006,False,Bitstamp BTC spot,beta_spot_16,spot,2023-10-29 00:00:00+00:00,2024-04-12 23:55:00+00:00,167.0,0.004,1.0,10.0,0.0,not charged,1,0.0059880239520958,0,0.0,0.5988023952095808,3.1772855449136608,0.488939956486958,0.9939998081216652,1,native
r191_conformal_tail,spot,1000.0,661.8360857571153,-338.16391424288474,-33.81639142428847,13,15.384615384615383,63.12728091180164,-127.30989881070984,-26.01260878791422,35.34620426310217,-3.1204198108482917,60.24096385542169,83.0351476829633,False,Bitstamp BTC spot,beta_spot_17,spot,2023-05-06 00:00:00+00:00,2023-10-18 23:55:00+00:00,166.0,0.004,1.0,10.0,0.0,not charged,27,0.1626506024096385,13,0.0783132530120482,16.265060240963855,-2.8966850133017603,0.2977973100553965,0.5991484514347145,27,native
r191_conformal_tail,spot,1000.0,869.3146237512277,-130.6853762487723,-13.06853762487723,3,0.0,-9.34533909590764,-78.15808257746943,-43.56179208292412,20.080540261274862,-1.337417601761259,19.53125,19.21831464078365,False,Bitstamp BTC spot,beta_spot_18,spot,2025-09-18 00:00:00+00:00,2026-05-31 23:55:00+00:00,256.0,0.004,1.0,10.0,0.0,not charged,5,0.01953125,2,0.0078125,1.953125,-1.2179382003412431,0.1541406099680481,0.195309229241939,5,native
r191_conformal_tail,spot,1000.0,1092.5742564629095,92.57425646290947,9.257425646290953,14,23.076923076923077,307.07062530873355,-108.18523031738788,6.612446890207784,39.21117900652706,0.4593813636481355,77.95527156549521,100.9357272235602,False,Bitstamp BTC spot,beta_spot_19,spot,2023-02-17 00:00:00+00:00,2023-12-26 23:55:00+00:00,313.0,0.004,1.0,10.0,0.0,not charged,28,0.0894568690095846,13,0.0415335463258785,8.945686900958467,0.4514655647404898,0.4255261680284301,0.7778168440912977,28,native
r191_conformal_tail,spot,1000.0,1025.8053948181164,25.805394818116383,2.580539481811628,14,15.384615384615383,282.46471178914203,-102.37824474421784,1.8432424870083337,33.42336281809172,0.2918089605325489,70.25862068965517,95.40644098827842,False,Bitstamp BTC spot,beta_spot_20,spot,2023-06-10 00:00:00+00:00,2024-01-27 23:55:00+00:00,232.0,0.004,1.0,10.0,0.0,not charged,27,0.1163793103448275,13,0.0560344827586206,11.637931034482758,0.2914636578263165,0.3676495585687855,0.7016957363217197,27,native
r191_conformal_tail,spot,1000.0,999.9870020906892,-0.0129979093107976,-0.0012997909310752,14,15.384615384615383,295.98816618240176,-96.95980156578317,-0.0009284220936162,33.68985014811188,0.1815120441978666,72.61904761904762,90.87589316506458,False,Bitstamp BTC spot,beta_spot_21,spot,2023-05-23 00:00:00+00:00,2024-01-29 23:55:00+00:00,252.0,0.004,1.0,10.0,0.0,not charged,28,0.1111111111111111,13,0.0515873015873015,11.11111111111111,0.1870078219868559,0.3765422064309308,0.724038472578958,28,native
r191_conformal_tail,spot,1000.0,1967.8749680230956,967.8749680230956,96.78749680230956,1,100.0,967.8749680230954,967.8749680230954,967.8749680230954,23.040933872324516,2.396779384265906,97.3568281938326,13.5106278235378,False,Bitstamp BTC spot,beta_spot_22,spot,2023-10-31 00:00:00+00:00,2024-06-13 23:55:00+00:00,227.0,0.004,1.0,10.0,0.0,not charged,5,0.0220264317180616,1,0.0044052863436123,2.202643171806167,2.508337297411632,0.4804370679940024,0.9693370275953324,5,native
r191_conformal_tail,spot,1000.0,1004.6191005929278,4.6191005929277935,0.4619100592927694,1,100.0,4.619100592927737,4.619100592927737,4.619100592927737,12.595862735059931,0.1408051494756411,18.235294117647054,8.018547311618185,False,Bitstamp BTC spot,beta_spot_23,spot,2025-09-09 00:00:00+00:00,2026-02-25 23:55:00+00:00,170.0,0.004,1.0,10.0,0.0,not charged,2,0.0117647058823529,1,0.0058823529411764,1.1764705882352942,0.1435835273917198,0.1645713807250846,0.1823500559679486,2,native
r191_conformal_tail,spot,1000.0,2715.739177213262,1715.739177213262,171.5739177213262,25,32.0,1361.543274825863,-544.2423041520661,68.62956708853042,34.67476159685799,0.9571155416157592,60.49894572247625,91.51142460485973,False,Bitstamp BTC spot,discount_holdout,spot,2023-01-01 00:00:00+00:00,2026-08-12 00:40:00+00:00,1319.03125,0.001,1.0,10.0,0.0,not charged,58,0.0439716648108223,25,0.0189533037977682,4.393939393939394,0.9562735415339813,0.353836077147104,0.598465674965686,58,native
r191_conformal_tail,spot,1000.0,1747.4271785262151,747.4271785262151,74.74271785262152,24,29.166666666666668,862.0582271147168,-202.32987423201348,31.142799105258963,36.13061690804936,0.6032247362499931,53.50005399895163,229.88811624519616,False,Coinbase ETH spot,eth_holdout,eth,2023-01-01 00:00:00+00:00,2026-08-12 00:40:00+00:00,1319.03125,0.004,1.0,5.0,0.0,not charged,85,0.064441232912412,24,0.0181951716458575,6.4393939393939394,0.5964557394051194,0.3771168332986209,0.4577665263382867,96,native
r191_conformal_tail,futures_5x,1000.0,2447.550954706381,1447.5509547063812,144.7550954706381,25,36.0,1302.4439545748344,-486.82389908829634,75.532632930164,32.716401189810725,0.8549048410572901,60.878011798431615,43.70084716709091,False,Deribit perp + Deribit 8h funding,funded_holdout,perp,2023-01-01 00:00:00+00:00,2026-08-12 00:40:00+00:00,1319.03125,0.0005,1.0,5.0,440.7648685477134,Deribit 8h aggregation,51,0.0386647397474472,25,0.0189533037977682,3.863636363636364,0.8732189637005863,0.3553434171694481,0.5952303226193626,145,native
r191_conformal_tail,spot,1000.0,2342.1064831899957,1342.1064831899955,134.21064831899955,25,24.0,1243.2593793459816,-486.2758359952699,53.68425932759982,39.21121423092255,0.841331637774649,60.49894572247625,334.3696065778763,False,Bitstamp BTC spot,holdout,spot,2023-01-01 00:00:00+00:00,2026-08-12 00:40:00+00:00,1319.03125,0.004,1.0,10.0,0.0,not charged,56,0.0424554005070008,25,0.0189533037977682,4.242424242424242,0.8403439167772567,0.3539309074477141,0.5980866215605458,59,native
r191_conformal_tail_high,spot,1000.0,2799.200605240935,1799.2006052409351,179.92006052409351,25,32.0,1390.884571135535,-560.9682255066393,71.96802420963742,34.6992649513517,0.9741481838451208,60.49894572247625,92.93628065231044,False,Bitstamp BTC spot,discount_holdout,spot,2023-01-01 00:00:00+00:00,2026-08-12 00:40:00+00:00,1319.03125,0.001,1.0,10.0,0.0,not charged,50,0.0379066075955365,25,0.0189533037977682,3.787878787878788,0.9740991238338624,0.3571465826135164,0.6049889360013418,50,native
r191_conformal_tail_high,spot,1000.0,1872.6390758198431,872.6390758198434,87.26390758198434,24,29.166666666666668,947.6439646841176,-291.4403353164524,36.359961492493476,42.37975691090591,0.6217817206271905,53.50005399895163,265.63454303985907,False,Coinbase ETH spot,eth_holdout,eth,2023-01-01 00:00:00+00:00,2026-08-12 00:40:00+00:00,1319.03125,0.004,1.0,5.0,0.0,not charged,70,0.0530692506337511,24,0.0181951716458575,5.303030303030303,0.6148704952799884,0.4329357380915937,0.5177496450415131,74,native
r191_conformal_tail_high,futures_5x,1000.0,2479.202352946925,1479.2023529469252,147.92023529469253,25,36.0,1355.3049245653958,-493.119439973125,77.30723917460625,32.716401189810725,0.8480832211084932,60.878011798431615,45.980821282662234,False,Deribit perp + Deribit 8h funding,funded_holdout,perp,2023-01-01 00:00:00+00:00,2026-08-12 00:40:00+00:00,1319.03125,0.0005,1.0,5.0,453.47862641823315,Deribit 8h aggregation,50,0.0379066075955365,25,0.0189533037977682,3.787878787878788,0.8651154917963283,0.3679929688305886,0.6194671129922394,130,native
r191_conformal_tail_high,spot,1000.0,2409.27447669552,1409.2744766955202,140.92744766955204,25,24.0,1272.872515129675,-500.2214752855626,56.37097906782083,39.235254979689586,0.8578814732174832,60.49894572247625,340.09860666662655,False,Bitstamp BTC spot,holdout,spot,2023-01-01 00:00:00+00:00,2026-08-12 00:40:00+00:00,1319.03125,0.004,1.0,10.0,0.0,not charged,50,0.0379066075955365,25,0.0189533037977682,3.787878787878788,0.8574588313900182,0.3574064050909938,0.6049817284482618,50,native
r191_conformal_tail_low,spot,1000.0,2419.006976640754,1419.006976640754,141.9006976640754,25,32.0,1243.946018423096,-360.3825203167902,56.76027906563024,30.34114316832625,0.9735177222055462,60.49894572247625,69.66999666589601,False,Bitstamp BTC spot,discount_holdout,spot,2023-01-01 00:00:00+00:00,2026-08-12 00:40:00+00:00,1319.03125,0.001,1.0,10.0,0.0,not charged,104,0.0788457437987159,25,0.0189533037977682,7.878787878787879,0.9699784929486286,0.2971327146117528,0.4947438989938942,104,native
r191_conformal_tail_low,spot,1000.0,1668.751609272751,668.751609272751,66.8751609272751,24,29.166666666666668,774.3655144357951,-122.72516542277836,27.86465038636464,31.594571556896884,0.6420697200335911,53.50005399895163,165.9136171498452,False,Coinbase ETH spot,eth_holdout,eth,2023-01-01 00:00:00+00:00,2026-08-12 00:40:00+00:00,1319.03125,0.004,1.0,5.0,0.0,not charged,84,0.0636831007605013,24,0.0181951716458575,6.363636363636363,0.6349399954960232,0.287716560884373,0.3464135834089252,93,native
r191_conformal_tail_low,futures_5x,1000.0,2240.0153620921387,1240.0153620921387,124.00153620921384,25,36.0,1253.2783012722552,-325.84806236950817,63.739683294144726,32.34109820562197,0.8507451978532561,60.878011798431615,33.511550269950256,False,Deribit perp + Deribit 8h funding,funded_holdout,perp,2023-01-01 00:00:00+00:00,2026-08-12 00:40:00+00:00,1319.03125,0.0005,1.0,5.0,353.47672026148336,Deribit 8h aggregation,53,0.0401810040512686,25,0.0189533037977682,4.015151515151516,0.86637245880554,0.3140960743099702,0.5072380839074918,341,native
r191_conformal_tail_low,spot,1000.0,2135.073907291659,1135.073907291659,113.50739072916588,25,24.0,1143.9404727254544,-329.03457992046634,45.40295629166636,34.375334525409706,0.8571239701329758,60.49894572247625,257.67177560977717,False,Bitstamp BTC spot,holdout,spot,2023-01-01 00:00:00+00:00,2026-08-12 00:40:00+00:00,1319.03125,0.004,1.0,10.0,0.0,not charged,102,0.0773294794948944,25,0.0189533037977682,7.727272727272728,0.8538984610938299,0.2970059884147862,0.4942080584779665,111,native
r191_cost_olmar,futures_5x,1000.0,862.48589927951,-137.51410072048998,-13.751410072048998,7,57.142857142857146,34.45111400115837,-185.3911300500114,-19.5729939630396,25.18336434902916,-1.1329561383093842,52.73972602739726,5.942664382762598,False,Deribit perp + Deribit 8h funding,beta_perp_00,perp,2026-02-15 00:00:00+00:00,2026-07-10 23:55:00+00:00,146.0,0.0005,1.0,5.0,0.5031429792125162,Deribit 8h aggregation,17,0.1164383561643835,7,0.047945205479452,11.643835616438356,-1.3277904821152446,0.2542637390247879,0.4274329345932421,27,native
r191_cost_olmar,futures_5x,1000.0,877.9133074318819,-122.08669256811812,-12.20866925681181,10,66.66666666666667,22.13212508053116,-94.20738554997524,-11.601346932002878,24.8787699440902,-1.091797600556269,51.59235668789809,7.196152483125549,False,Deribit perp + Deribit 8h funding,beta_perp_01,perp,2025-07-11 00:00:00+00:00,2025-12-14 23:55:00+00:00,157.0,0.0005,1.0,5.0,6.073223248090107,Deribit 8h aggregation,22,0.1401273885350318,9,0.0573248407643312,14.012738853503183,-1.1863941989532625,0.2324126726513329,0.3866163253517048,29,native
r191_cost_olmar,futures_5x,1000.0,1023.227966772457,23.227966772456966,2.3227966772456865,8,57.142857142857146,45.05204939047714,-17.499351908945076,3.6754456474458057,9.307068847300863,0.3577990097826593,58.27814569536424,6.2306031953460606,False,Deribit perp + Deribit 8h funding,beta_perp_02,perp,2023-04-29 00:00:00+00:00,2023-09-26 23:55:00+00:00,151.0,0.0005,1.0,5.0,6.175598407110152,Deribit 8h aggregation,18,0.119205298013245,7,0.0463576158940397,11.920529801324504,0.3618383782651142,0.2196732349556206,0.4570162553734987,24,native
r191_cost_olmar,futures_5x,1000.0,1050.7126564058894,50.71265640588945,5.071265640588951,14,50.0,77.77181696528741,-61.73594882623402,3.903182367777295,24.44364222093514,0.4474634209294351,49.7737556561086,10.352199107717327,False,Deribit perp + Deribit 8h funding,beta_perp_03,perp,2024-03-14 00:00:00+00:00,2024-10-20 23:55:00+00:00,221.0,0.0005,1.0,5.0,3.931896742992582,Deribit 8h aggregation,32,0.1447963800904977,14,0.0633484162895927,14.479638009049774,0.4321937089284963,0.2753549294046408,0.2849019658186135,57,native
r191_cost_olmar,futures_5x,1000.0,1027.2807889325584,27.28078893255838,2.7280788932558364,9,62.5,34.00874187854706,-43.08083023988515,3.822743347439911,10.738492988543824,0.416408783365572,62.295081967213115,6.273286840072262,False,Deribit perp + Deribit 8h funding,beta_perp_04,perp,2024-12-09 00:00:00+00:00,2025-04-09 23:55:00+00:00,122.0,0.0005,1.0,5.0,7.123901194400049,Deribit 8h aggregation,19,0.1557377049180328,8,0.0655737704918032,15.57377049180328,0.4402039299210623,0.2577264289719233,0.4384717231285653,33,native
r191_cost_olmar,futures_5x,1000.0,962.7919179232912,-37.20808207670882,-3.720808207670878,12,54.54545454545455,32.548130918836165,-72.9435134652946,-2.539227170312893,10.73849298854383,-0.1433581307811693,44.29223744292238,8.778586861809705,False,Deribit perp + Deribit 8h funding,beta_perp_05,perp,2025-01-26 00:00:00+00:00,2025-09-01 23:55:00+00:00,219.0,0.0005,1.0,5.0,6.737356032954583,Deribit 8h aggregation,26,0.1187214611872146,11,0.0502283105022831,11.872146118721462,-0.1808341576965528,0.2185063216890122,0.3456907677941696,37,native
r191_cost_olmar,futures_5x,1000.0,1092.592861761239,92.59286176123896,9.259286176123904,7,66.66666666666667,37.08797387441073,-13.880894320175477,14.637717647155572,5.902606615383615,1.460650647735009,40.15151515151515,4.694587916649467,False,Deribit perp + Deribit 8h funding,beta_perp_06,perp,2023-12-12 00:00:00+00:00,2024-04-21 23:55:00+00:00,132.0,0.0005,1.0,5.0,9.871161768849149,Deribit 8h aggregation,17,0.1287878787878787,6,0.0454545454545454,12.87878787878788,1.3719217134975774,0.1919365814443539,0.1970864637062908,29,native
r191_cost_olmar,futures_5x,1000.0,883.9935351390983,-116.0064648609017,-11.600646486090172,12,50.0,22.339262946120193,-95.0890865477122,-9.141146797879404,24.87876994409023,-0.7051853971672557,40.16393442622951,9.167557398656047,False,Deribit perp + Deribit 8h funding,beta_perp_07,perp,2025-04-05 00:00:00+00:00,2025-12-04 23:55:00+00:00,244.0,0.0005,1.0,5.0,6.31270328634903,Deribit 8h aggregation,28,0.1147540983606557,12,0.0491803278688524,11.475409836065571,-0.726669415121898,0.2205178537153828,0.3037135142143189,40,native
r191_cost_olmar,futures_5x,1000.0,1259.5607183173424,259.56071831734243,25.95607183173425,18,70.58823529411765,44.0887138557197,-24.2794247224861,15.547416424203274,9.307068847300894,1.2972108480453828,43.01994301994302,14.69805235111993,False,Deribit perp + Deribit 8h funding,beta_perp_08,perp,2023-05-05 00:00:00+00:00,2024-04-19 23:55:00+00:00,351.0,0.0005,1.0,5.0,20.292777318318077,Deribit 8h aggregation,43,0.1225071225071225,17,0.0484330484330484,12.250712250712253,1.3055957187292129,0.1990467055401341,0.2961896816388249,60,native
r191_cost_olmar,futures_5x,1000.0,1197.6972420055097,197.69724200550945,19.769724200550943,19,57.89473684210526,97.29823699413816,-57.66040587680391,11.077212154432498,21.451868766412066,0.896379500288087,41.73913043478261,14.77817555659175,False,Deribit perp + Deribit 8h funding,beta_perp_09,perp,2024-07-05 00:00:00+00:00,2025-06-14 23:55:00+00:00,345.0,0.0005,1.0,5.0,12.769788928707182,Deribit 8h aggregation,43,0.1246376811594203,19,0.0550724637681159,12.46376811594203,0.9092933823529268,0.2416855589316351,0.2710297742140472,75,native
r191_cost_olmar,futures_5x,1000.0,1209.919280174229,209.91928017422904,20.99192801742291,14,64.28571428571429,98.18642047715582,-49.752471495501055,15.848495336415644,10.738492988543827,1.36241994847387,43.36283185840708,11.504947034699375,False,Deribit perp + Deribit 8h funding,beta_perp_10,perp,2024-09-12 00:00:00+00:00,2025-04-25 23:55:00+00:00,226.0,0.0005,1.0,5.0,11.95965453559285,Deribit 8h aggregation,31,0.1371681415929203,14,0.0619469026548672,13.716814159292037,1.4202350956640553,0.2362270621960617,0.3052863841176386,45,native
r191_cost_olmar,futures_5x,1000.0,927.0360485056212,-72.96395149437888,-7.296395149437885,19,55.55555555555556,33.986665072188444,-98.3821377851483,-3.3837975149814996,24.87876994409031,-0.2318657163405004,44.868035190615835,13.96001032293444,False,Deribit perp + Deribit 8h funding,beta_perp_11,perp,2025-02-06 00:00:00+00:00,2026-01-12 23:55:00+00:00,341.0,0.0005,1.0,5.0,8.671798709730574,Deribit 8h aggregation,42,0.1231671554252199,18,0.0527859237536656,12.316715542521994,-0.2813230887983958,0.2100351684726462,0.3322959614377969,60,native
r191_cost_olmar,futures_5x,1000.0,1068.030318480629,68.03031848062892,6.8030318480629015,11,63.63636363636363,34.669561216078364,-43.917928119044994,6.889026548579446,10.73849298854381,0.6153885287458492,39.30348258706468,7.80838519077204,False,Deribit perp + Deribit 8h funding,beta_perp_12,perp,2024-11-07 00:00:00+00:00,2025-05-26 23:55:00+00:00,201.0,0.0005,1.0,5.0,7.748973553744673,Deribit 8h aggregation,24,0.1194029850746268,11,0.0547263681592039,11.940298507462687,0.6827816195704974,0.2060332668560601,0.2747907265423089,38,native
r191_cost_olmar,futures_5x,1000.0,661.4801724598636,-338.51982754013636,-33.85198275401363,16,56.25,47.64060108740178,-186.79323402282176,-20.9296796506158,39.93376406545583,-1.4851303680502028,54.54545454545455,10.327480370993898,False,Deribit perp + Deribit 8h funding,beta_perp_13,perp,2025-09-30 00:00:00+00:00,2026-07-23 23:55:00+00:00,297.0,0.0005,1.0,5.0,3.6449531302828233,Deribit 8h aggregation,36,0.1212121212121212,16,0.0538720538720538,12.12121212121212,-1.520514798139624,0.3035016876803331,0.4215003053764164,59,native
r191_cost_olmar,futures_5x,1000.0,1038.1063461908411,38.10634619084112,3.810634619084108,19,61.111111111111114,34.669561216078364,-54.832814623064536,2.747466118427623,10.73849298854381,0.2857113193426425,40.96045197740113,14.710510246819515,False,Deribit perp + Deribit 8h funding,beta_perp_14,perp,2024-11-11 00:00:00+00:00,2025-10-30 23:55:00+00:00,354.0,0.0005,1.0,5.0,14.095510059283436,Deribit 8h aggregation,43,0.1214689265536723,18,0.0508474576271186,12.146892655367232,0.294411937343219,0.1959320902763229,0.2913351260209228,69,native
r191_cost_olmar,futures_5x,1000.0,1121.999135829539,121.999135829539,12.199913582953892,17,62.5,85.14952972925126,-75.73274450511354,7.943954807877109,10.73849298854383,0.7327110539634559,39.45578231292517,14.487124035049272,False,Deribit perp + Deribit 8h funding,beta_perp_15,perp,2024-11-05 00:00:00+00:00,2025-08-25 23:55:00+00:00,294.0,0.0005,1.0,5.0,13.048095904372875,Deribit 8h aggregation,37,0.1258503401360544,16,0.0544217687074829,12.585034013605442,0.7485190976796374,0.2241124742683037,0.2952933511042903,56,native
r191_cost_olmar,futures_5x,1000.0,1206.312589582286,206.31258958228617,20.631258958228617,9,77.77777777777777,40.47495670526563,-2.9486332208850348,24.289347456414404,5.9026066153836325,2.744586477060337,29.940119760479043,6.93859269409455,False,Deribit perp + Deribit 8h funding,beta_perp_16,perp,2023-10-29 00:00:00+00:00,2024-04-12 23:55:00+00:00,167.0,0.0005,1.0,5.0,12.291537525443678,Deribit 8h aggregation,22,0.1317365269461078,9,0.0538922155688622,13.173652694610778,2.3914059292243803,0.1781958757632263,0.1607485961982477,32,native
r191_cost_olmar,futures_5x,1000.0,1063.383064930888,63.38306493088794,6.338306493088797,8,62.5,44.0887138557197,-17.12516809805999,8.959124208473277,9.307068847300894,0.6867440049545944,56.626506024096386,7.077155835919076,False,Deribit perp + Deribit 8h funding,beta_perp_17,perp,2023-05-06 00:00:00+00:00,2023-10-18 23:55:00+00:00,166.0,0.0005,1.0,5.0,8.289928736898366,Deribit 8h aggregation,20,0.1204819277108433,8,0.0481927710843373,12.048192771084338,0.7168379562813345,0.2230400473049043,0.4491124238063924,27,native
r191_cost_olmar,futures_5x,1000.0,759.2912125283967,-240.70878747160327,-24.07087874716033,15,64.28571428571429,47.953744165091706,-188.02103146572657,-15.757145989027975,34.29325031484117,-1.1846637805466873,55.859375,9.75162169842356,False,Deribit perp + Deribit 8h funding,beta_perp_18,perp,2025-09-18 00:00:00+00:00,2026-05-31 23:55:00+00:00,256.0,0.0005,1.0,5.0,4.351597636183564,Deribit 8h aggregation,33,0.12890625,14,0.0546875,12.890625,-1.166930076061306,0.2981413105582915,0.413813290570318,56,native
r191_cost_olmar,futures_5x,1000.0,1400.7183170957553,400.7183170957553,40.071831709575534,18,77.77777777777777,62.81510145737147,-20.072088607232157,22.864174090907607,9.307068847300927,1.978772138792777,44.72843450479233,16.935998183465692,False,Deribit perp + Deribit 8h funding,beta_perp_19,perp,2023-02-17 00:00:00+00:00,2023-12-26 23:55:00+00:00,313.0,0.0005,1.0,5.0,10.83681654058409,Deribit 8h aggregation,43,0.1373801916932907,18,0.0575079872204472,13.738019169329071,2.053416552876413,0.2013763897997181,0.3152545332035764,57,native
r191_cost_olmar,futures_5x,1000.0,1256.5194396966967,256.51943969669674,25.651943969669677,13,76.92307692307692,45.4353159562813,-16.692196702497846,21.089409046957066,9.307068847300934,1.9913652449494788,42.241379310344826,11.287714344465885,False,Deribit perp + Deribit 8h funding,beta_perp_20,perp,2023-06-10 00:00:00+00:00,2024-01-27 23:55:00+00:00,232.0,0.0005,1.0,5.0,17.642877913744503,Deribit 8h aggregation,31,0.1336206896551724,13,0.0560344827586206,13.362068965517242,2.143599913952495,0.1748414734162004,0.2923058622137605,43,native
r191_cost_olmar,futures_5x,1000.0,1249.313427033581,249.31342703358132,24.931342703358126,14,71.42857142857143,45.174748987088584,-17.547011525971108,19.199848350919584,9.307068847300911,1.699162597825122,44.44444444444444,12.233140672966394,False,Deribit perp + Deribit 8h funding,beta_perp_21,perp,2023-05-23 00:00:00+00:00,2024-01-29 23:55:00+00:00,252.0,0.0005,1.0,5.0,19.484449879291628,Deribit 8h aggregation,33,0.1309523809523809,14,0.0555555555555555,13.095238095238097,1.6704596146296538,0.2057802826819848,0.3204813738001418,45,native
r191_cost_olmar,futures_5x,1000.0,1356.4451236829982,356.4451236829982,35.64451236829982,16,73.33333333333333,92.27514655970543,-15.932030653552795,23.067622607126797,12.663365736109643,2.6543087155898357,35.242290748898675,13.0003851113879,False,Deribit perp + Deribit 8h funding,beta_perp_22,perp,2023-10-31 00:00:00+00:00,2024-06-13 23:55:00+00:00,227.0,0.0005,1.0,5.0,12.636838031030948,Deribit 8h aggregation,35,0.1541850220264317,15,0.066079295154185,15.418502202643172,2.3053585683821525,0.2235777232987358,0.210894730802444,49,native
r191_cost_olmar,futures_5x,1000.0,756.6951925711443,-243.30480742885572,-24.330480742885573,10,55.55555555555556,47.953744165091706,-188.02103146572657,-23.953161087093523,34.29325031484117,-1.7274050105206853,58.23529411764706,6.420117056833214,False,Deribit perp + Deribit 8h funding,beta_perp_23,perp,2025-09-09 00:00:00+00:00,2026-02-25 23:55:00+00:00,170.0,0.0005,1.0,5.0,3.773196557920579,Deribit 8h aggregation,21,0.1235294117647058,9,0.0529411764705882,12.352941176470589,-1.6241025044756747,0.3339427045163559,0.4171475492433019,40,native
r191_cost_olmar,spot,1000.0,828.1692593532658,-171.83074064673417,-17.18307406467342,7,57.142857142857146,28.729173121821688,-185.6398340890644,-24.54724866381911,26.77787514384408,-1.4469792185070132,52.73972602739726,47.813454916999675,False,Bitstamp BTC spot,beta_spot_00,spot,2026-02-15 00:00:00+00:00,2026-07-10 23:55:00+00:00,146.0,0.004,1.0,10.0,0.0,not charged,19,0.1301369863013698,7,0.047945205479452,13.013698630136986,-1.668226068507935,0.2620213960542044,0.4385326168457297,19,native
r191_cost_olmar,spot,1000.0,830.9983084895708,-169.00169151042917,-16.90016915104292,10,55.55555555555556,16.71617183447917,-95.13163759113972,-16.900169151042903,26.80261588690434,-1.601153720066318,51.59235668789809,56.26055510775902,False,Bitstamp BTC spot,beta_spot_01,spot,2025-07-11 00:00:00+00:00,2025-12-14 23:55:00+00:00,157.0,0.004,1.0,10.0,0.0,not charged,24,0.1528662420382165,9,0.0573248407643312,15.286624203821656,-1.7294361296120282,0.233144742003105,0.3937617499656283,24,native
r191_cost_olmar,spot,1000.0,952.9613897509158,-47.03861024908417,-4.703861024908418,8,57.142857142857146,12.613966730639527,-50.30640810015263,-5.8798262811355,14.02772806221021,-0.4701225186022237,56.95364238410596,52.49122363661762,False,Bitstamp BTC spot,beta_spot_02,spot,2023-04-29 00:00:00+00:00,2023-09-26 23:55:00+00:00,151.0,0.004,1.0,10.0,0.0,not charged,26,0.1721854304635761,7,0.0463576158940397,17.218543046357617,-0.371092476107978,0.2381819017338525,0.4671179892256944,28,native
r191_cost_olmar,spot,1000.0,1053.697194309868,53.69719430986788,5.369719430986786,14,57.142857142857146,61.143924823095645,-57.91383409630669,3.83551387927631,20.192851984102216,0.4544562908683145,49.321266968325794,88.22024855097779,False,Bitstamp BTC spot,beta_spot_03,spot,2024-03-14 00:00:00+00:00,2024-10-20 23:55:00+00:00,221.0,0.004,1.0,10.0,0.0,not charged,40,0.1809954751131221,14,0.0633484162895927,18.099547511312217,0.4484824281103281,0.2786980801675355,0.3009570766203018,41,native
r191_cost_olmar,spot,1000.0,984.9239746910002,-15.07602530899976,-1.5076025308999763,9,62.5,29.75106690186292,-49.4235909873109,-1.6751139232221963,12.424592141371086,0.0150309718241677,62.295081967213115,49.59271342818016,False,Bitstamp BTC spot,beta_spot_04,spot,2024-12-09 00:00:00+00:00,2025-04-09 23:55:00+00:00,122.0,0.004,1.0,10.0,0.0,not charged,21,0.1721311475409836,8,0.0655737704918032,17.21311475409836,-0.0345666413935238,0.2701813514683022,0.4531240629277482,21,native
r191_cost_olmar,spot,1000.0,909.7190822650182,-90.2809177349818,-9.02809177349818,12,54.54545454545455,26.825584125464975,-72.35218057608913,-7.52340981124847,12.973503696095433,-0.5179816891033828,44.74885844748859,70.56540529412618,False,Bitstamp BTC spot,beta_spot_05,spot,2025-01-26 00:00:00+00:00,2025-09-01 23:55:00+00:00,219.0,0.004,1.0,10.0,0.0,not charged,28,0.1278538812785388,11,0.0502283105022831,12.78538812785388,-0.583706887549248,0.2265929566943802,0.3579940144449868,28,native
r191_cost_olmar,spot,1000.0,1190.1597166170088,190.15971661700885,19.01597166170088,8,85.71428571428571,45.651837312810386,-17.015202550822863,23.76996457712609,12.425302315556248,2.0359078344984063,43.93939393939394,50.96908265738255,False,Bitstamp BTC spot,beta_spot_06,spot,2023-12-12 00:00:00+00:00,2024-04-21 23:55:00+00:00,132.0,0.004,1.0,10.0,0.0,not charged,22,0.1666666666666666,7,0.053030303030303,16.666666666666668,2.1819298726553207,0.233046467596568,0.2600161613624353,22,native
r191_cost_olmar,spot,1000.0,825.7805337885142,-174.21946621148584,-17.42194662114859,12,41.666666666666664,16.71322467113253,-94.0465446753672,-14.51828885095717,27.18975991171599,-1.1506168603972673,40.57377049180328,72.43900794340442,False,Bitstamp BTC spot,beta_spot_07,spot,2025-04-05 00:00:00+00:00,2025-12-04 23:55:00+00:00,244.0,0.004,1.0,10.0,0.0,not charged,31,0.1270491803278688,12,0.0491803278688524,12.704918032786884,-1.1784683549818582,0.2221384538352493,0.3158829457848355,31,native
r191_cost_olmar,spot,1000.0,1230.4992325367775,230.49923253677753,23.04992325367776,17,75.0,48.879296645265015,-49.67974939410883,13.558778384516328,14.027728062210212,1.121762551218226,42.73504273504273,112.69760635137077,False,Bitstamp BTC spot,beta_spot_08,spot,2023-05-05 00:00:00+00:00,2024-04-19 23:55:00+00:00,351.0,0.004,1.0,10.0,0.0,not charged,53,0.150997150997151,16,0.0455840455840455,15.0997150997151,1.0879790789637058,0.2204961938886656,0.3068118715882832,55,native
r191_cost_olmar,spot,1000.0,1117.7925289471675,117.79252894716753,11.779252894716752,20,60.0,92.51687748342584,-55.70051207209896,5.889626447358383,16.3042306066907,0.6097420335481988,40.869565217391305,123.64519842789224,False,Bitstamp BTC spot,beta_spot_09,spot,2024-07-05 00:00:00+00:00,2025-06-14 23:55:00+00:00,345.0,0.004,1.0,10.0,0.0,not charged,52,0.1507246376811594,20,0.0579710144927536,15.07246376811594,0.6206530649024559,0.2333011253030488,0.2735286770276381,53,native
r191_cost_olmar,spot,1000.0,1135.7744216205135,135.77442162051352,13.577442162051344,14,64.28571428571429,93.33403721169738,-56.192489498786045,9.698172972893843,12.424592141371114,0.9287575292609044,43.36283185840708,90.69782824091776,False,Bitstamp BTC spot,beta_spot_10,spot,2024-09-12 00:00:00+00:00,2025-04-25 23:55:00+00:00,226.0,0.004,1.0,10.0,0.0,not charged,33,0.1460176991150442,14,0.0619469026548672,14.601769911504425,0.9549494411331204,0.2468715761532954,0.3135321156871454,33,native
r191_cost_olmar,spot,1000.0,839.0237493407174,-160.97625065928264,-16.097625065928266,19,50.0,28.143628549993338,-95.55816008117029,-8.472434245225415,27.70139780019263,-0.6737000952860812,45.16129032258065,109.09976971360018,False,Bitstamp BTC spot,beta_spot_11,spot,2025-02-06 00:00:00+00:00,2026-01-12 23:55:00+00:00,341.0,0.004,1.0,10.0,0.0,not charged,46,0.1348973607038123,18,0.0527859237536656,13.489736070381232,-0.7631837432422451,0.2157808439710588,0.3435233164598912,46,native
r191_cost_olmar,spot,1000.0,1014.6712921611004,14.671292161100382,1.4671292161100302,11,63.63636363636363,30.218980613408597,-50.20090683864059,1.3337538328273146,12.42459214137112,0.2309036330500176,39.30348258706468,61.90453610630406,False,Bitstamp BTC spot,beta_spot_12,spot,2024-11-07 00:00:00+00:00,2025-05-26 23:55:00+00:00,201.0,0.004,1.0,10.0,0.0,not charged,26,0.1293532338308457,11,0.0547263681592039,12.935323383084578,0.2297524212190437,0.21600009791082,0.2839519690173059,26,native
r191_cost_olmar,spot,1000.0,608.5920605109042,-391.40793948909584,-39.14079394890958,16,50.0,39.85984269982557,-176.35227612863258,-24.462996218068483,43.74023229453178,-1.790898076576834,54.54545454545455,80.57405267846725,False,Bitstamp BTC spot,beta_spot_13,spot,2025-09-30 00:00:00+00:00,2026-07-23 23:55:00+00:00,297.0,0.004,1.0,10.0,0.0,not charged,41,0.138047138047138,16,0.0538720538720538,13.804713804713804,-1.8156507766870151,0.3095693651946262,0.4321521746375397,41,native
r191_cost_olmar,spot,1000.0,938.8560388292792,-61.143961170720786,-6.114396117072074,19,55.55555555555556,30.218980613408597,-57.610545438516915,-3.218103219511614,13.886440680662275,-0.1739228220340466,41.24293785310734,114.89115643295888,False,Bitstamp BTC spot,beta_spot_14,spot,2024-11-11 00:00:00+00:00,2025-10-30 23:55:00+00:00,354.0,0.004,1.0,10.0,0.0,not charged,48,0.135593220338983,18,0.0508474576271186,13.559322033898304,-0.216635447826696,0.2044506704825215,0.3052608141662171,48,native
r191_cost_olmar,spot,1000.0,1033.8003738747673,33.800373874767274,3.38003738747672,17,62.5,80.66726328481796,-73.18208668379931,1.9882572867510544,12.554642626878977,0.2919408693658377,39.795918367346935,114.4600893725579,False,Bitstamp BTC spot,beta_spot_15,spot,2024-11-05 00:00:00+00:00,2025-08-25 23:55:00+00:00,294.0,0.004,1.0,10.0,0.0,not charged,40,0.1360544217687075,16,0.0544217687074829,13.605442176870747,0.2921825088517811,0.2324635373094421,0.3088916424139755,40,native
r191_cost_olmar,spot,1000.0,1235.8178492545967,235.8178492545967,23.581784925459655,8,87.5,48.359622869584726,-12.675470943009133,29.477231156824587,12.42530231555624,2.2763289061205243,30.538922155688624,51.75508290753304,False,Bitstamp BTC spot,beta_spot_16,spot,2023-10-29 00:00:00+00:00,2024-04-12 23:55:00+00:00,167.0,0.004,1.0,10.0,0.0,not charged,22,0.1317365269461078,8,0.0479041916167664,13.173652694610778,2.33794781031794,0.2071534652475301,0.1857580303333773,22,native
r191_cost_olmar,spot,1000.0,1010.7460262269155,10.746026226915546,1.074602622691545,8,62.5,48.18009479152092,-49.67974939410883,1.3432532783644495,14.027728062210212,0.2167718769829028,55.42168674698795,58.60663324932936,False,Bitstamp BTC spot,beta_spot_17,spot,2023-05-06 00:00:00+00:00,2023-10-18 23:55:00+00:00,166.0,0.004,1.0,10.0,0.0,not charged,30,0.180722891566265,8,0.0481927710843373,18.072289156626507,0.2169075340360464,0.2419530735139479,0.447245415307543,32,native
r191_cost_olmar,spot,1000.0,705.9668593498355,-294.03314065016446,-29.40331406501645,15,57.142857142857146,39.960098214151465,-176.79583754153032,-19.602209376677624,36.42040913439361,-1.509392666533692,55.859375,76.31310119450055,False,Bitstamp BTC spot,beta_spot_18,spot,2025-09-18 00:00:00+00:00,2026-05-31 23:55:00+00:00,256.0,0.004,1.0,10.0,0.0,not charged,38,0.1484375,14,0.0546875,14.84375,-1.4700462439852204,0.305782200133088,0.4256778108141331,38,native
r191_cost_olmar,spot,1000.0,1222.972032964566,222.9720329645661,22.297203296456615,15,80.0,55.24946365089551,-56.15423495667864,14.864802197637763,18.6662516572295,1.1736979642951155,42.81150159744409,116.66435045481332,False,Bitstamp BTC spot,beta_spot_19,spot,2023-02-17 00:00:00+00:00,2023-12-26 23:55:00+00:00,313.0,0.004,1.0,10.0,0.0,not charged,48,0.1533546325878594,15,0.047923322683706,15.335463258785945,0.950378187125914,0.2898732082859523,0.3419106930033804,50,native
r191_cost_olmar,spot,1000.0,1151.2476818110213,151.24768181102127,15.124768181102134,12,75.0,49.49313864127933,-50.30364373430133,12.603973484251783,14.027728062210224,1.2563244514028165,42.672413793103445,82.07776186397646,False,Bitstamp BTC spot,beta_spot_20,spot,2023-06-10 00:00:00+00:00,2024-01-27 23:55:00+00:00,232.0,0.004,1.0,10.0,0.0,not charged,37,0.1594827586206896,12,0.0517241379310344,15.948275862068966,1.1169261921484035,0.2200028872766958,0.3281448808396617,39,native
r191_cost_olmar,spot,1000.0,1138.1078193297164,138.10781932971645,13.81078193297165,13,69.23076923076923,48.92824453049049,-49.729498855297095,10.62367840997821,14.02772806221023,1.08476072319911,43.25396825396825,87.44345124012645,False,Bitstamp BTC spot,beta_spot_21,spot,2023-05-23 00:00:00+00:00,2024-01-29 23:55:00+00:00,252.0,0.004,1.0,10.0,0.0,not charged,41,0.1626984126984127,13,0.0515873015873015,16.26984126984127,0.9679876765795518,0.2180582682084994,0.326424955199228,43,native
r191_cost_olmar,spot,1000.0,1350.17291111794,350.17291111794,35.017291111793995,14,84.61538461538461,71.61052491342882,-12.675470943009133,25.01235079413857,12.42530231555624,2.239097346708408,35.242290748898675,97.04805377311524,False,Bitstamp BTC spot,beta_spot_22,spot,2023-10-31 00:00:00+00:00,2024-06-13 23:55:00+00:00,227.0,0.004,1.0,10.0,0.0,not charged,37,0.1629955947136563,13,0.0572687224669603,16.29955947136564,2.1581224273127693,0.2367559853937947,0.2217627452746895,37,native
r191_cost_olmar,spot,1000.0,724.354033917428,-275.64596608257204,-27.564596608257208,10,44.44444444444444,39.960098214151465,-176.79583754153032,-27.564596608257197,36.42040913439361,-1.9971030970783732,58.23529411764706,50.71387170721185,False,Bitstamp BTC spot,beta_spot_23,spot,2025-09-09 00:00:00+00:00,2026-02-25 23:55:00+00:00,170.0,0.004,1.0,10.0,0.0,not charged,25,0.1470588235294117,9,0.0529411764705882,14.705882352941176,-1.8529720171658832,0.3419142180357983,0.4302397957328738,25,native
r191_cost_olmar,spot,1000.0,1345.9508308236786,345.95083082367864,34.59508308236787,72,69.01408450704226,172.56361053240394,-363.2030107362008,4.8048726503288925,42.44658602578434,0.4536873596078619,45.11123220166315,185.88535831332857,False,Bitstamp BTC spot,discount_holdout,spot,2023-01-01 00:00:00+00:00,2026-08-12 00:40:00+00:00,1319.03125,0.001,1.0,10.0,0.0,not charged,197,0.1493520339264138,71,0.0538273827856618,14.924242424242424,0.4399961998387067,0.2670942290475573,0.3401302989887744,197,native
r191_cost_olmar,spot,1000.0,922.0579313535476,-77.94206864645241,-7.794206864645236,83,60.97560975609756,98.10713468863788,-313.0514330444749,-0.9390610680295328,44.463498550627506,0.075308491812245,50.86437834036198,571.3178272255223,False,Coinbase ETH spot,eth_holdout,eth,2023-01-01 00:00:00+00:00,2026-08-12 00:40:00+00:00,1319.03125,0.004,1.0,5.0,0.0,not charged,235,0.1781610556990215,82,0.0621668364566798,17.803030303030305,0.0655374298583338,0.2883933074876433,0.3242372210271596,237,native
r191_cost_olmar,futures_5x,1000.0,1338.981696559277,338.981696559277,33.89816965592769,74,64.38356164383562,165.36709546832157,-376.0275619034171,5.485361206364435,42.22894069753795,0.4541572113137491,45.414485062427445,91.65564132989132,False,Deribit perp + Deribit 8h funding,funded_holdout,perp,2023-01-01 00:00:00+00:00,2026-08-12 00:40:00+00:00,1319.03125,0.0005,1.0,5.0,66.93503271169531,Deribit 8h aggregation,170,0.1288824658248241,73,0.0553436470894832,12.87878787878788,0.4495842807385612,0.2474233662346552,0.3228080641843324,256,native
r191_cost_olmar,spot,1000.0,951.5312816482696,-48.468718351730445,-4.84687183517305,72,61.971830985915496,134.92910392616034,-276.5757946685327,-0.6731766437740331,48.729851119632386,0.0705691533644421,45.11123220166315,618.7644347047581,False,Bitstamp BTC spot,holdout,spot,2023-01-01 00:00:00+00:00,2026-08-12 00:40:00+00:00,1319.03125,0.004,1.0,10.0,0.0,not charged,197,0.1493520339264138,71,0.0538273827856618,14.924242424242424,0.0809911578766333,0.2674590654756641,0.3396832292487989,200,native
r191_cost_olmar_high,spot,1000.0,1154.5591624404117,154.55916244041146,15.455916244041145,45,75.0,99.92268133245494,-285.00385949069585,3.4346480542313707,35.218202224774174,0.2884003034985136,45.414485062427445,94.76374288720498,False,Bitstamp BTC spot,discount_holdout,spot,2023-01-01 00:00:00+00:00,2026-08-12 00:40:00+00:00,1319.03125,0.001,1.0,10.0,0.0,not charged,148,0.112203558482788,44,0.0333578146840721,11.212121212121213,0.2894158074919781,0.2234494109089778,0.3118250411945591,148,native
r191_cost_olmar_high,spot,1000.0,965.1224767623096,-34.87752323769041,-3.4877523237690444,57,78.57142857142857,91.50903121160432,-301.8234273490002,-0.6118863725910708,43.1731608133457,0.1071106644756112,53.19818668886331,374.4269254515521,False,Coinbase ETH spot,eth_holdout,eth,2023-01-01 00:00:00+00:00,2026-08-12 00:40:00+00:00,1319.03125,0.004,1.0,5.0,0.0,not charged,167,0.1266080693690919,56,0.0424554005070008,12.651515151515152,0.1032096714331301,0.2772744144822545,0.3208977956389549,170,native
r191_cost_olmar_high,futures_5x,1000.0,1142.1426378775666,142.1426378775666,14.214263787756654,47,78.26086956521739,103.1403677808722,-266.6860838511031,4.168673030975778,33.85597861842415,0.2723548117426356,46.02099078395603,49.824223567147406,False,Deribit perp + Deribit 8h funding,funded_holdout,perp,2023-01-01 00:00:00+00:00,2026-08-12 00:40:00+00:00,1319.03125,0.0005,1.0,5.0,53.78499457829052,Deribit 8h aggregation,115,0.0871851974697339,46,0.0348740789878935,8.712121212121213,0.2723610963772858,0.2422380694277519,0.3184511706622516,279,native
r191_cost_olmar_high,spot,1000.0,936.8337251367687,-63.16627486323125,-6.316627486323123,45,65.9090909090909,83.64898968439849,-245.5805687668602,-1.4036949969606844,36.88715935477844,0.0352610271589397,45.414485062427445,339.7619995545702,False,Bitstamp BTC spot,holdout,spot,2023-01-01 00:00:00+00:00,2026-08-12 00:40:00+00:00,1319.03125,0.004,1.0,10.0,0.0,not charged,148,0.112203558482788,44,0.0333578146840721,11.212121212121213,0.0307439713184316,0.223544748205437,0.3113124640794205,148,native
r191_cost_olmar_low,spot,1000.0,1011.291538108127,11.291538108127044,1.1291538108127108,99,66.3265306122449,63.717214024084875,-219.8467390627972,0.1140559404861436,38.24468201362181,0.1290746206363027,45.490298277618514,174.02449780088995,False,Bitstamp BTC spot,discount_holdout,spot,2023-01-01 00:00:00+00:00,2026-08-12 00:40:00+00:00,1319.03125,0.001,1.0,10.0,0.0,not charged,266,0.2016631524082541,98,0.0742969508872515,20.151515151515152,0.1270741442610793,0.2259914735731575,0.334119538437779,266,native
r191_cost_olmar_low,spot,1000.0,650.8532678010719,-349.14673219892813,-34.91467321989281,124,64.22764227642277,68.04844092425432,-225.96035471857195,-2.8156994532171624,56.21021257322505,-0.2152414561128093,49.57419851068257,728.8635526101913,False,Coinbase ETH spot,eth_holdout,eth,2023-01-01 00:00:00+00:00,2026-08-12 00:40:00+00:00,1319.03125,0.004,1.0,5.0,0.0,not charged,330,0.2501836101305408,123,0.0932502546850197,25.0,-0.2239504976242426,0.312701726055651,0.3436389531683288,331,native
r191_cost_olmar_low,futures_5x,1000.0,1241.4559738236917,241.4559738236917,24.145597382369168,105,67.3076923076923,76.2834229462724,-239.34600567511035,2.822554436891802,35.41473140906932,0.3664152065874406,45.187045416854225,106.5591863380154,False,Deribit perp + Deribit 8h funding,funded_holdout,perp,2023-01-01 00:00:00+00:00,2026-08-12 00:40:00+00:00,1319.03125,0.0005,1.0,5.0,54.912242049949626,Deribit 8h aggregation,241,0.1827098486104859,104,0.0788457437987159,18.25757575757576,0.3656572923973859,0.2466514872004412,0.3221654633318486,359,native
r191_cost_olmar_low,spot,1000.0,652.2021170107246,-347.7978829892754,-34.77978829892754,99,61.224489795918366,42.88181123766577,-155.1752634680038,-3.513109929184603,48.83875835093719,-0.3944302676144107,45.490298277618514,559.8086511732239,False,Bitstamp BTC spot,holdout,spot,2023-01-01 00:00:00+00:00,2026-08-12 00:40:00+00:00,1319.03125,0.004,1.0,10.0,0.0,not charged,266,0.2016631524082541,98,0.0742969508872515,20.151515151515152,-0.4100623128785841,0.2259274819141955,0.3336013362004884,266,native
r191_cost_proximal,futures_5x,1000.0,843.4808036634263,-156.5191963365737,-15.651919633657377,1,0.0,-156.08435232786908,-156.08435232786908,-156.08435232786908,22.831945646823776,-2.4883965412266416,39.04109589041096,0.919147010638612,False,Deribit perp + Deribit 8h funding,beta_perp_00,perp,2026-02-15 00:00:00+00:00,2026-07-10 23:55:00+00:00,146.0,0.0005,1.0,5.0,0.4348440087054425,Deribit 8h aggregation,6,0.0410958904109589,1,0.0068493150684931,4.109589041095891,-2.2994209455931247,0.1781090092882582,0.2955194097150911,17,native
r191_cost_proximal,futures_5x,1000.0,920.560156274825,-79.43984372517502,-7.943984372517498,2,0.0,-15.469176687142747,-46.12863258144345,-30.7989046342931,14.198786758265236,-0.7994809160803796,56.05095541401274,1.129094551964738,False,Deribit perp + Deribit 8h funding,beta_perp_01,perp,2025-07-11 00:00:00+00:00,2025-12-14 23:55:00+00:00,157.0,0.0005,1.0,5.0,17.842034456588195,Deribit 8h aggregation,6,0.0382165605095541,2,0.0127388535031847,3.821656050955414,-0.9167824067354988,0.1903032314296777,0.477444703905545,19,native
r191_cost_proximal,futures_5x,1000.0,771.8654796826511,-228.13452031734892,-22.813452031734897,2,0.0,-88.46872694493834,-129.99285783636873,-109.23079239065352,28.77625403215896,-2.15969553799051,68.87417218543047,1.6266226559103765,False,Deribit perp + Deribit 8h funding,beta_perp_02,perp,2023-04-29 00:00:00+00:00,2023-09-26 23:55:00+00:00,151.0,0.0005,1.0,5.0,9.67293553604128,Deribit 8h aggregation,7,0.0463576158940397,2,0.0132450331125827,4.635761589403973,-3.2875775758660826,0.1850885875282075,0.4674468648506638,41,native
r191_cost_proximal,futures_5x,1000.0,831.323355868383,-168.67664413161697,-16.867664413161698,3,0.0,45.95188870122048,-164.1608603583678,-52.422448568304496,24.578208801351245,-0.8332409949608455,47.963800904977376,1.470650179785439,False,Deribit perp + Deribit 8h funding,beta_perp_03,perp,2024-03-14 00:00:00+00:00,2024-10-20 23:55:00+00:00,221.0,0.0005,1.0,5.0,11.40929842670356,Deribit 8h aggregation,10,0.0452488687782805,2,0.0090497737556561,4.524886877828054,-0.8462916333936487,0.3055053114229875,0.3048790305647841,46,native
r191_cost_proximal,futures_5x,1000.0,972.733686889642,-27.266313110358055,-2.72663131103581,1,0.0,-7.814312439820599,-7.814312439820599,-7.814312439820599,17.666768000330155,-0.0207724039262471,57.377049180327866,0.9936893884743272,False,Deribit perp + Deribit 8h funding,beta_perp_04,perp,2024-12-09 00:00:00+00:00,2025-04-09 23:55:00+00:00,122.0,0.0005,1.0,5.0,19.45200067053696,Deribit 8h aggregation,5,0.040983606557377,1,0.0081967213114754,4.098360655737705,-0.1193752778269623,0.305363545170918,0.5137293489709469,21,native
r191_cost_proximal,futures_5x,1000.0,992.7285247235754,-7.271475276424553,-0.7271475276424577,2,0.0,77.75529626826051,-59.33192358405861,9.21168634210095,14.293734838192776,0.095064110971504,67.12328767123287,1.3954715976415124,False,Deribit perp + Deribit 8h funding,beta_perp_05,perp,2025-01-26 00:00:00+00:00,2025-09-01 23:55:00+00:00,219.0,0.0005,1.0,5.0,25.694847960626923,Deribit 8h aggregation,8,0.0365296803652968,1,0.0045662100456621,3.65296803652968,0.0748657730301432,0.2490326344141244,0.607799738236365,23,native
r191_cost_proximal,futures_5x,1000.0,1375.3091889729862,375.30918897298625,37.530918897298626,1,0.0,449.792338456796,449.792338456796,449.792338456796,21.828487379335996,1.82609722074667,99.24242424242424,1.052819760810172,False,Deribit perp + Deribit 8h funding,beta_perp_06,perp,2023-12-12 00:00:00+00:00,2024-04-21 23:55:00+00:00,132.0,0.0005,1.0,5.0,74.48314948380965,Deribit 8h aggregation,4,0.0303030303030303,0,0.0,3.0303030303030303,1.8587100470194684,0.5579389050677263,0.9665553500177674,37,native
r191_cost_proximal,futures_5x,1000.0,1064.680496909982,64.68049690998191,6.46804969099819,2,50.0,112.2222176632054,-17.89098801397457,47.16561482461542,14.293734838192776,0.5046461235067181,65.98360655737704,1.2313364006224397,False,Deribit perp + Deribit 8h funding,beta_perp_07,perp,2025-04-05 00:00:00+00:00,2025-12-04 23:55:00+00:00,244.0,0.0005,1.0,5.0,29.65073273925002,Deribit 8h aggregation,9,0.0368852459016393,2,0.0081967213114754,3.6885245901639343,0.5274210954977472,0.226041303670614,0.5770053071479258,25,native
r191_cost_proximal,futures_5x,1000.0,1389.557739714627,389.5577397146267,38.95577397146266,3,0.0,723.1947513605312,-128.0356811442323,164.3130070386222,29.087597164265272,1.0214951389123543,80.05698005698005,2.574892438200332,False,Deribit perp + Deribit 8h funding,beta_perp_08,perp,2023-05-05 00:00:00+00:00,2024-04-19 23:55:00+00:00,351.0,0.0005,1.0,5.0,103.3812814012404,Deribit 8h aggregation,12,0.0341880341880341,2,0.0056980056980056,3.418803418803418,1.0505329071868037,0.4025549670522054,0.6841720494508625,82,native
r191_cost_proximal,futures_5x,1000.0,1387.145702204226,387.1457022042259,38.714570220422594,2,100.0,386.609713048878,60.30961919476701,223.45966612182252,15.391278892400488,1.3280585899216453,52.17391304347826,1.6316535946696644,False,Deribit perp + Deribit 8h funding,beta_perp_09,perp,2024-07-05 00:00:00+00:00,2025-06-14 23:55:00+00:00,345.0,0.0005,1.0,5.0,59.77363003941898,Deribit 8h aggregation,10,0.0289855072463768,1,0.0028985507246376,2.898550724637681,1.447648586339137,0.2630399386400115,0.413534290498908,131,native
r191_cost_proximal,futures_5x,1000.0,1333.6053765670397,333.6053765670397,33.36053765670397,1,100.0,386.609713048878,386.609713048878,386.609713048878,15.391278892400488,1.565802587535926,59.29203539823009,0.967566290995717,False,Deribit perp + Deribit 8h funding,beta_perp_10,perp,2024-09-12 00:00:00+00:00,2025-04-25 23:55:00+00:00,226.0,0.0005,1.0,5.0,53.00433648183838,Deribit 8h aggregation,6,0.0265486725663716,1,0.0044247787610619,2.6548672566371683,1.7161764099104444,0.2965049235531582,0.4618749619814498,124,native
r191_cost_proximal,futures_5x,1000.0,1060.9638786825146,60.96387868251463,6.096387868251463,3,33.333333333333336,111.83046902039288,-17.828533622865585,30.356771331011668,14.293734838192757,0.4064092495322107,50.43988269794721,1.721294072455522,False,Deribit perp + Deribit 8h funding,beta_perp_11,perp,2025-02-06 00:00:00+00:00,2026-01-12 23:55:00+00:00,341.0,0.0005,1.0,5.0,30.106435310519252,Deribit 8h aggregation,12,0.0351906158357771,3,0.0087976539589442,3.5190615835777126,0.4255576281003023,0.1920914028687087,0.4275734834639055,37,native
r191_cost_proximal,futures_5x,1000.0,1319.9862651408912,319.9862651408912,31.99862651408911,2,100.0,271.498838891509,103.89198799266892,187.69541344208895,17.99384452033643,1.4500387623589197,64.17910447761194,1.741625833601623,False,Deribit perp + Deribit 8h funding,beta_perp_12,perp,2024-11-07 00:00:00+00:00,2025-05-26 23:55:00+00:00,201.0,0.0005,1.0,5.0,55.404561743286486,Deribit 8h aggregation,9,0.044776119402985,1,0.0049751243781094,4.477611940298507,1.625454191636701,0.3470999155559078,0.57374144310747,28,native
r191_cost_proximal,futures_5x,1000.0,829.0286003307489,-170.97139966925113,-17.097139966925113,2,0.0,-16.516169693722816,-153.41000243502697,-84.96308606437489,22.831945646823858,-1.8880260667634312,23.232323232323232,1.068432066799658,False,Deribit perp + Deribit 8h funding,beta_perp_13,perp,2025-09-30 00:00:00+00:00,2026-07-23 23:55:00+00:00,297.0,0.0005,1.0,5.0,1.0452275405007792,Deribit 8h aggregation,8,0.0269360269360269,2,0.0067340067340067,2.6936026936026938,-1.761089888961477,0.1262967853657901,0.1520869908807771,30,native
r191_cost_proximal,futures_5x,1000.0,1114.384756304886,114.38475630488595,11.438475630488586,3,66.66666666666667,117.46127504501348,-18.726222914640644,62.063084310042974,17.957459695332496,0.4937309888039799,73.1638418079096,2.3301684102952143,False,Deribit perp + Deribit 8h funding,beta_perp_14,perp,2024-11-11 00:00:00+00:00,2025-10-30 23:55:00+00:00,354.0,0.0005,1.0,5.0,71.80449662524501,Deribit 8h aggregation,14,0.03954802259887,3,0.0084745762711864,3.9548022598870056,0.5287430893919075,0.291414588066356,0.6572393193724232,46,native
r191_cost_proximal,futures_5x,1000.0,1424.7628020122286,424.7628020122286,42.47628020122285,2,100.0,391.5002352362765,121.69121630739392,256.59572577183525,18.009165270646825,1.3342826075520045,75.51020408163265,1.8585196938732385,False,Deribit perp + Deribit 8h funding,beta_perp_15,perp,2024-11-05 00:00:00+00:00,2025-08-25 23:55:00+00:00,294.0,0.0005,1.0,5.0,88.42864953144365,Deribit 8h aggregation,9,0.0306122448979591,1,0.0034013605442176,3.061224489795918,1.4284912115604598,0.3503819603245252,0.7109495827217809,28,native
r191_cost_proximal,futures_5x,1000.0,1679.6248962965365,679.6248962965365,67.96248962965366,1,0.0,787.9944162161967,787.9944162161967,787.9944162161967,22.079110928707173,2.4264563133804966,99.40119760479044,1.1634050521308836,False,Deribit perp + Deribit 8h funding,beta_perp_16,perp,2023-10-29 00:00:00+00:00,2024-04-12 23:55:00+00:00,167.0,0.0005,1.0,5.0,108.36951991966124,Deribit 8h aggregation,4,0.0239520958083832,0,0.0,2.395209580838323,2.389867610775834,0.5346019506551898,0.980190430398322,33,native
r191_cost_proximal,futures_5x,1000.0,777.0655136299506,-222.9344863700494,-22.293448637004943,2,0.0,-82.35579751019691,-130.86861571316032,-106.61220661167862,27.403630700621324,-2.1115149523461216,58.433734939759034,1.6970828580626438,False,Deribit perp + Deribit 8h funding,beta_perp_17,perp,2023-05-06 00:00:00+00:00,2023-10-18 23:55:00+00:00,166.0,0.0005,1.0,5.0,9.710073146691611,Deribit 8h aggregation,7,0.0421686746987951,2,0.0120481927710843,4.216867469879518,-3.385551909013058,0.1599679454091289,0.3910266640685318,27,native
r191_cost_proximal,futures_5x,1000.0,914.4279204367904,-85.57207956320951,-8.557207956320955,3,0.0,-15.864347853771635,-39.08368113981199,-28.025660691108765,11.975131352956698,-1.0259092907832557,27.734375,1.3641845334290696,False,Deribit perp + Deribit 8h funding,beta_perp_18,perp,2025-09-18 00:00:00+00:00,2026-05-31 23:55:00+00:00,256.0,0.0005,1.0,5.0,1.4950974898839744,Deribit 8h aggregation,8,0.03125,2,0.0078125,3.125,-1.187174405150686,0.1030269614360239,0.1803710496826567,31,native
r191_cost_proximal,futures_5x,1000.0,1252.8081346193717,252.80813461937169,25.28081346193718,3,50.0,371.8137207202893,-153.58634793621673,98.4733869121578,31.86069260139208,0.8784859175279833,77.63578274760384,2.327795830854993,False,Deribit perp + Deribit 8h funding,beta_perp_19,perp,2023-02-17 00:00:00+00:00,2023-12-26 23:55:00+00:00,313.0,0.0005,1.0,5.0,42.61202611710111,Deribit 8h aggregation,9,0.0287539936102236,2,0.0063897763578274,2.8753993610223643,0.906037410519038,0.3611366072619338,0.6609044245977499,62,native
r191_cost_proximal,futures_5x,1000.0,1136.8707594201935,136.8707594201935,13.687075942019344,3,50.0,334.636526813449,-142.77204410878565,63.98130676484385,21.308961295018634,0.7396345099259608,69.82758620689656,1.2903476406941554,False,Deribit perp + Deribit 8h funding,beta_perp_20,perp,2023-06-10 00:00:00+00:00,2024-01-27 23:55:00+00:00,232.0,0.0005,1.0,5.0,55.07316087433732,Deribit 8h aggregation,7,0.0301724137931034,2,0.0086206896551724,3.0172413793103448,0.7681125600649903,0.3358044016592686,0.6065203608329064,41,native
r191_cost_proximal,futures_5x,1000.0,1143.3210990952912,143.32109909529115,14.332109909529112,3,0.0,358.79416451934935,-139.66473049472725,66.08078761664918,23.19307161323989,0.7300284261142147,72.22222222222223,1.5454212542651495,False,Deribit perp + Deribit 8h funding,beta_perp_21,perp,2023-05-23 00:00:00+00:00,2024-01-29 23:55:00+00:00,252.0,0.0005,1.0,5.0,54.9212637546568,Deribit 8h aggregation,8,0.0317460317460317,2,0.0079365079365079,3.1746031746031744,0.7566642766769247,0.326522142615257,0.5875976420739073,55,native
r191_cost_proximal,futures_5x,1000.0,1467.6653744557168,467.6653744557168,46.766537445571686,2,100.0,597.8185032593326,-25.572226603963134,286.1231383276847,22.05618972616224,1.5110229729276563,95.15418502202644,2.1417963644940357,False,Deribit perp + Deribit 8h funding,beta_perp_22,perp,2023-10-31 00:00:00+00:00,2024-06-13 23:55:00+00:00,227.0,0.0005,1.0,5.0,104.58090219965231,Deribit 8h aggregation,9,0.039647577092511,1,0.0044052863436123,3.9647577092511015,1.520962726451873,0.4821580648641217,0.8307469141965481,62,native
r191_cost_proximal,futures_5x,1000.0,980.0413638325272,-19.95863616747272,-1.9958636167472732,2,0.0,-0.254449741841249,-16.468704314971138,-8.361577028406193,8.000943286141423,-0.5408470609680495,16.470588235294116,1.1620306492982115,False,Deribit perp + Deribit 8h funding,beta_perp_23,perp,2025-09-09 00:00:00+00:00,2026-02-25 23:55:00+00:00,170.0,0.0005,1.0,5.0,3.2354821106602847,Deribit 8h aggregation,6,0.0352941176470588,2,0.0117647058823529,3.5294117647058822,-0.6455108547339083,0.06394816421457,0.0948303834417213,25,native
r191_cost_proximal,spot,1000.0,849.9755224050087,-150.02447759499125,-15.002447759499129,1,0.0,-150.02447759499125,-150.02447759499125,-150.02447759499125,22.931251844985866,-2.2980913028118417,39.04109589041096,7.367167787942067,False,Bitstamp BTC spot,beta_spot_00,spot,2026-02-15 00:00:00+00:00,2026-07-10 23:55:00+00:00,146.0,0.004,1.0,10.0,0.0,not charged,9,0.0616438356164383,1,0.0068493150684931,6.164383561643835,-2.166131484860635,0.1800645379614151,0.3045718469137634,24,native
r191_cost_proximal,spot,1000.0,919.087044594888,-80.91295540511203,-8.0912955405112,2,0.0,-27.340695558052545,-53.572259847059584,-40.456477702556064,13.657766288730365,-0.8229332753350952,56.05095541401274,9.81990241154876,False,Bitstamp BTC spot,beta_spot_01,spot,2025-07-11 00:00:00+00:00,2025-12-14 23:55:00+00:00,157.0,0.004,1.0,10.0,0.0,not charged,9,0.0573248407643312,2,0.0127388535031847,5.732484076433121,-0.9397642797407108,0.189733684880178,0.4813165269413273,9,native
r191_cost_proximal,spot,1000.0,766.8854471980461,-233.1145528019539,-23.311455280195393,2,0.0,-86.51436416785846,-146.60018863409542,-116.55727640097696,24.480485565906783,-3.166677832608126,65.56291390728477,12.743895528735914,False,Bitstamp BTC spot,beta_spot_02,spot,2023-04-29 00:00:00+00:00,2023-09-26 23:55:00+00:00,151.0,0.004,1.0,10.0,0.0,not charged,15,0.0993377483443708,2,0.0132450331125827,9.933774834437086,-2.9255452826572843,0.2115195972908637,0.4354480224048552,15,native
r191_cost_proximal,spot,1000.0,873.0815248172966,-126.91847518270345,-12.69184751827035,3,0.0,52.77577141165759,-164.59301766477637,-42.30615839423445,24.20309813370518,-0.5884988913618607,66.0633484162896,10.89163601117186,False,Bitstamp BTC spot,beta_spot_03,spot,2024-03-14 00:00:00+00:00,2024-10-20 23:55:00+00:00,221.0,0.004,1.0,10.0,0.0,not charged,10,0.0452488687782805,2,0.0090497737556561,4.524886877828054,-0.7638867896187945,0.2521252775972111,0.2938851801631692,10,native
r191_cost_proximal,spot,1000.0,985.6705512381188,-14.329448761881167,-1.4329448761881136,1,0.0,-14.32944876188115,-14.32944876188115,-14.32944876188115,17.063547183057278,0.0778476335281596,57.377049180327866,7.942448719831803,False,Bitstamp BTC spot,beta_spot_04,spot,2024-12-09 00:00:00+00:00,2025-04-09 23:55:00+00:00,122.0,0.004,1.0,10.0,0.0,not charged,7,0.0573770491803278,1,0.0081967213114754,5.737704918032787,0.0093722398027035,0.3046565781994528,0.5021426947105669,7,native
r191_cost_proximal,spot,1000.0,1015.528803506738,15.528803506737972,1.552880350673802,2,0.0,78.28865306097583,-62.75984955423788,7.764401753368976,13.62195498711339,0.2298096153071289,67.12328767123287,11.169604844385663,False,Bitstamp BTC spot,beta_spot_05,spot,2025-01-26 00:00:00+00:00,2025-09-01 23:55:00+00:00,219.0,0.004,1.0,10.0,0.0,not charged,14,0.0639269406392694,1,0.0045662100456621,6.392694063926941,0.2263664841112884,0.2414538172878731,0.5952657665593478,14,native
r191_cost_proximal,spot,1000.0,1439.5060325233203,439.5060325233203,43.95060325233202,1,0.0,439.5060325233202,439.5060325233202,439.5060325233202,21.350448522578784,2.1162611574080388,99.24242424242424,7.478731930720079,False,Bitstamp BTC spot,beta_spot_06,spot,2023-12-12 00:00:00+00:00,2024-04-21 23:55:00+00:00,132.0,0.004,1.0,10.0,0.0,not charged,4,0.0303030303030303,0,0.0,3.0303030303030303,2.3172428155114084,0.4859051387775089,0.949307432446219,8,native
r191_cost_proximal,spot,1000.0,1076.077608491716,76.07760849171609,7.607760849171608,2,50.0,108.08840710282828,-32.01079861111221,38.03880424585803,13.621954987113396,0.5733866523552947,65.98360655737704,10.790883080017656,False,Bitstamp BTC spot,beta_spot_07,spot,2025-04-05 00:00:00+00:00,2025-12-04 23:55:00+00:00,244.0,0.004,1.0,10.0,0.0,not charged,15,0.0614754098360655,2,0.0081967213114754,6.147540983606557,0.6006845854775951,0.224376543503372,0.5774428787512301,15,native
r191_cost_proximal,spot,1000.0,1508.2661071207265,508.2661071207265,50.82661071207264,3,0.0,748.1017647628297,-145.31536149205573,169.42203570690882,24.614292442377973,1.2775151265262017,78.34757834757835,19.366363251993775,False,Bitstamp BTC spot,beta_spot_08,spot,2023-05-05 00:00:00+00:00,2024-04-19 23:55:00+00:00,351.0,0.004,1.0,10.0,0.0,not charged,20,0.0569800569800569,2,0.0056980056980056,5.698005698005698,1.3362515356116813,0.3714462385780718,0.674929598592766,24,native
r191_cost_proximal,spot,1000.0,1542.4973516517175,542.4973516517175,54.24973516517176,2,100.0,474.4489258969359,68.04842575478112,271.2486758258585,17.02267317154625,1.568332185926206,64.05797101449275,15.728800840108375,False,Bitstamp BTC spot,beta_spot_09,spot,2024-07-05 00:00:00+00:00,2025-06-14 23:55:00+00:00,345.0,0.004,1.0,10.0,0.0,not charged,17,0.0492753623188405,1,0.0028985507246376,4.927536231884058,1.6749744604060963,0.3006322850781583,0.4649293694771215,17,native
r191_cost_proximal,spot,1000.0,1485.793842182188,485.793842182188,48.57938421821879,1,100.0,485.793842182188,485.793842182188,485.793842182188,17.022673168999383,1.8858605488982183,69.91150442477876,9.91891025837904,False,Bitstamp BTC spot,beta_spot_10,spot,2024-09-12 00:00:00+00:00,2025-04-25 23:55:00+00:00,226.0,0.004,1.0,10.0,0.0,not charged,10,0.0442477876106194,1,0.0044247787610619,4.424778761061947,2.0176081076708776,0.3466240747073881,0.5333702490695528,10,native
r191_cost_proximal,spot,1000.0,1069.721055935753,69.72105593575293,6.972105593575284,3,33.333333333333336,107.44991259739726,-31.82170600094715,23.240351978584396,13.621954987113408,0.4523145859335146,50.43988269794721,14.680991974505584,False,Bitstamp BTC spot,beta_spot_11,spot,2025-02-06 00:00:00+00:00,2026-01-12 23:55:00+00:00,341.0,0.004,1.0,10.0,0.0,not charged,20,0.0586510263929618,3,0.0087976539589442,5.865102639296188,0.4742522579494626,0.1901364131343326,0.4238028757996065,20,native
r191_cost_proximal,spot,1000.0,1371.8508874998706,371.8508874998706,37.185088749987074,2,100.0,263.50982540929374,108.34106209057654,185.9254437499351,17.063602758396097,1.6601053818309828,64.17910447761194,14.0758122635197,False,Bitstamp BTC spot,beta_spot_12,spot,2024-11-07 00:00:00+00:00,2025-05-26 23:55:00+00:00,201.0,0.004,1.0,10.0,0.0,not charged,14,0.0696517412935323,1,0.0049751243781094,6.965174129353234,1.843757049878222,0.3433033389357445,0.5617685315707905,14,native
r191_cost_proximal,spot,1000.0,825.4211681696642,-174.57883183033584,-17.457883183033584,2,0.0,-28.888307472511656,-145.69052435782424,-87.28941591516795,22.93125184498589,-1.8656979809347365,23.232323232323232,9.304591822818647,False,Bitstamp BTC spot,beta_spot_13,spot,2025-09-30 00:00:00+00:00,2026-07-23 23:55:00+00:00,297.0,0.004,1.0,10.0,0.0,not charged,12,0.0404040404040404,2,0.0067340067340067,4.040404040404041,-1.7536007078600109,0.1296505733855573,0.1604956929786905,27,native
r191_cost_proximal,spot,1000.0,1162.778009757361,162.77800975736068,16.277800975736078,3,66.66666666666667,116.79717326804472,-34.58993329667382,54.25933658578675,17.063569379388664,0.6248657398725556,73.1638418079096,19.983886931971355,False,Bitstamp BTC spot,beta_spot_14,spot,2024-11-11 00:00:00+00:00,2025-10-30 23:55:00+00:00,354.0,0.004,1.0,10.0,0.0,not charged,22,0.0621468926553672,3,0.0084745762711864,6.214689265536723,0.6835713255389715,0.2881917751156518,0.6501613498572465,22,native
r191_cost_proximal,spot,1000.0,1509.9097158234435,509.90971582344355,50.99097158234436,2,100.0,382.255935987512,127.65377983593146,254.95485791172172,17.063619695961528,1.5519180937585673,75.51020408163265,15.024258767221363,False,Bitstamp BTC spot,beta_spot_15,spot,2024-11-05 00:00:00+00:00,2025-08-25 23:55:00+00:00,294.0,0.004,1.0,10.0,0.0,not charged,14,0.0476190476190476,1,0.0034013605442176,4.761904761904762,1.654257060099786,0.3450979867259113,0.69948376769513,14,native
r191_cost_proximal,spot,1000.0,1776.130207828417,776.130207828417,77.61302078284172,1,0.0,776.130207828417,776.130207828417,776.130207828417,21.350496448429126,2.758393361932721,99.40119760479044,8.153289080920171,False,Bitstamp BTC spot,beta_spot_16,spot,2023-10-29 00:00:00+00:00,2024-04-12 23:55:00+00:00,167.0,0.004,1.0,10.0,0.0,not charged,4,0.0239520958083832,0,0.0,2.395209580838323,2.9009827115768556,0.4718054196685909,0.9621145106825254,8,native
r191_cost_proximal,spot,1000.0,775.3966815520309,-224.60331844796903,-22.46033184479691,2,0.0,-76.37609598977099,-148.227222458198,-112.3016592239845,22.879559943611618,-3.1342067422128936,55.42168674698795,12.882937718402548,False,Bitstamp BTC spot,beta_spot_17,spot,2023-05-06 00:00:00+00:00,2023-10-18 23:55:00+00:00,166.0,0.004,1.0,10.0,0.0,not charged,14,0.0843373493975903,2,0.0120481927710843,8.433734939759036,-2.956266811369096,0.1834127568972926,0.3637953743979277,14,native
r191_cost_proximal,spot,1000.0,908.92167753041,-91.07832246959016,-9.107832246959012,3,0.0,-18.824953558721777,-44.65507085543536,-30.35944082319674,11.774633191712368,-1.0495828174292947,27.734375,11.70422606194508,False,Bitstamp BTC spot,beta_spot_18,spot,2025-09-18 00:00:00+00:00,2026-05-31 23:55:00+00:00,256.0,0.004,1.0,10.0,0.0,not charged,13,0.05078125,2,0.0078125,5.078125,-1.2065015084643742,0.1080777112527598,0.1901177737469009,28,native
r191_cost_proximal,spot,1000.0,1267.0898443884523,267.0898443884523,26.70898443884524,3,50.0,365.88694077358815,-172.27672809576055,89.02994812948407,28.513335679924605,0.965626982460588,75.71884984025559,20.672186095646666,False,Bitstamp BTC spot,beta_spot_19,spot,2023-02-17 00:00:00+00:00,2023-12-26 23:55:00+00:00,313.0,0.004,1.0,10.0,0.0,not charged,22,0.0702875399361022,2,0.0063897763578274,7.0287539936102235,0.91343094760148,0.3795984604275377,0.6383087751792798,22,native
r191_cost_proximal,spot,1000.0,1171.1099464780054,171.10994647800544,17.11099464780055,2,0.0,331.59434041218003,-160.48439393417473,85.55497323900265,21.29843636572977,0.91404215621163,69.39655172413794,10.017152834682,False,Bitstamp BTC spot,beta_spot_20,spot,2023-06-10 00:00:00+00:00,2024-01-27 23:55:00+00:00,232.0,0.004,1.0,10.0,0.0,not charged,11,0.0474137931034482,1,0.0043103448275862,4.741379310344827,0.9062117130643692,0.3365839546275056,0.6183752479494248,11,native
r191_cost_proximal,spot,1000.0,1188.1642658790618,188.16426587906176,18.816426587906165,3,0.0,360.60783625361313,-158.19824086076162,62.72142195968724,21.298436365729778,0.9389977918835364,69.84126984126983,12.024461650479571,False,Bitstamp BTC spot,beta_spot_21,spot,2023-05-23 00:00:00+00:00,2024-01-29 23:55:00+00:00,252.0,0.004,1.0,10.0,0.0,not charged,14,0.0555555555555555,2,0.0079365079365079,5.555555555555555,0.9308032030517676,0.324889182298811,0.5860793885361153,14,native
r191_cost_proximal,spot,1000.0,1546.2396054171627,546.2396054171627,54.62396054171628,2,100.0,554.1541742654638,-7.914568848301025,273.1198027085814,21.35049677865592,1.7421241147239852,94.7136563876652,14.863671204331348,False,Bitstamp BTC spot,beta_spot_22,spot,2023-10-31 00:00:00+00:00,2024-06-13 23:55:00+00:00,227.0,0.004,1.0,10.0,0.0,not charged,9,0.039647577092511,1,0.0044052863436123,3.9647577092511015,1.8543482998227117,0.4273924193092321,0.7952600690851516,13,native
r191_cost_proximal,spot,1000.0,968.7518905637096,-31.248109436290292,-3.1248109436290306,2,0.0,-2.4300005673259566,-28.8181088689644,-15.624054718145178,7.556234381205754,-0.9384732563524164,16.470588235294116,10.135261605145836,False,Bitstamp BTC spot,beta_spot_23,spot,2025-09-09 00:00:00+00:00,2026-02-25 23:55:00+00:00,170.0,0.004,1.0,10.0,0.0,not charged,9,0.0529411764705882,2,0.0117647058823529,5.294117647058823,-1.0531189111120522,0.0628918843247307,0.0915747472920382,9,native
r191_cost_proximal,spot,1000.0,2798.576782481368,1798.576782481368,179.85767824813678,8,50.0,985.6196052892988,-476.4839290212143,224.82209781017116,27.85454127599395,1.0496321326284406,63.37984789973702,29.367438171352955,False,Bitstamp BTC spot,discount_holdout,spot,2023-01-01 00:00:00+00:00,2026-08-12 00:40:00+00:00,1319.03125,0.001,1.0,10.0,0.0,not charged,66,0.0500367220261081,8,0.0060650572152858,5.0,1.0603411494604256,0.3147367749669365,0.505266722665019,68,native
r191_cost_proximal,spot,1000.0,2100.409165645454,1100.409165645454,110.04091656454536,9,50.0,699.896732779239,-174.10734687322667,122.26768507171712,41.106787385292485,0.7432936348611577,56.782663439022016,98.43108028135444,False,Coinbase ETH spot,eth_holdout,eth,2023-01-01 00:00:00+00:00,2026-08-12 00:40:00+00:00,1319.03125,0.004,1.0,5.0,0.0,not charged,83,0.0629249686085905,8,0.0060650572152858,6.287878787878788,0.7363224910080268,0.3718921923563904,0.4210247834599336,84,native
r191_cost_proximal,futures_5x,1000.0,2321.6974896867305,1321.6974896867305,132.16974896867305,8,50.0,992.5389216448394,-429.62524743312787,209.2093128714459,31.906455740040613,0.8744789912012753,60.878011798431615,12.964765996554874,False,Deribit perp + Deribit 8h funding,funded_holdout,perp,2023-01-01 00:00:00+00:00,2026-08-12 00:40:00+00:00,1319.03125,0.0005,1.0,5.0,351.97701328483583,Deribit 8h aggregation,40,0.0303252860764291,8,0.0060650572152858,3.0303030303030303,0.8974735423164683,0.3142639441694229,0.5045472998483307,302,native
r191_cost_proximal,spot,1000.0,2683.6185539283206,1683.6185539283206,168.36185539283207,8,50.0,944.1271932692512,-473.6706658071041,210.45231924104,28.491220293294298,1.0146126896221004,63.37984789973702,114.22604463211796,False,Bitstamp BTC spot,holdout,spot,2023-01-01 00:00:00+00:00,2026-08-12 00:40:00+00:00,1319.03125,0.004,1.0,10.0,0.0,not charged,66,0.0500367220261081,8,0.0060650572152858,5.0,1.024883170781993,0.3141045785301949,0.5042310583429445,86,native
r191_cost_proximal_high,spot,1000.0,2108.779038882794,1108.779038882794,110.8779038882794,6,50.0,933.373723958098,-548.3406642319155,184.7965064804657,36.82421346932792,0.7917053685431006,67.70120116562818,20.401017947651983,False,Bitstamp BTC spot,discount_holdout,spot,2023-01-01 00:00:00+00:00,2026-08-12 00:40:00+00:00,1319.03125,0.001,1.0,10.0,0.0,not charged,44,0.0333578146840721,6,0.0045487929114643,3.3333333333333335,0.8017762054550339,0.3210827881115723,0.515205113204533,44,native
r191_cost_proximal_high,spot,1000.0,2128.2593251802286,1128.2593251802286,112.82593251802284,7,66.66666666666667,715.5066424773294,-176.87895612248704,161.17990359717547,41.99314097547495,0.7475687885524286,54.9619768357668,61.777342323314755,False,Coinbase ETH spot,eth_holdout,eth,2023-01-01 00:00:00+00:00,2026-08-12 00:40:00+00:00,1319.03125,0.004,1.0,5.0,0.0,not charged,51,0.0386647397474472,6,0.0045487929114643,3.863636363636364,0.7441719797799762,0.3741966291224046,0.420436047011792,52,native
r191_cost_proximal_high,futures_5x,1000.0,1706.061321337696,706.061321337696,70.6061321337696,6,66.66666666666667,862.1284813570306,-439.0308212986098,174.44098228108206,40.52270861088319,0.6043378176269621,67.54957473524604,8.810598093121042,False,Deribit perp + Deribit 8h funding,funded_holdout,perp,2023-01-01 00:00:00+00:00,2026-08-12 00:40:00+00:00,1319.03125,0.0005,1.0,5.0,340.5845723487968,Deribit 8h aggregation,30,0.0227439645573219,6,0.0045487929114643,2.272727272727273,0.6167710133025931,0.3242660874992499,0.5112689990102565,143,native
r191_cost_proximal_high,spot,1000.0,2043.983186597049,1043.983186597049,104.39831865970493,6,50.0,912.1626654915152,-543.8738210199754,173.99719776617485,37.48122683611628,0.7661699080323093,67.70120116562818,79.94374399450666,False,Bitstamp BTC spot,holdout,spot,2023-01-01 00:00:00+00:00,2026-08-12 00:40:00+00:00,1319.03125,0.004,1.0,10.0,0.0,not charged,44,0.0333578146840721,6,0.0045487929114643,3.3333333333333335,0.7757170828624151,0.3204912914374747,0.5142526335603899,44,native
r191_cost_proximal_low,spot,1000.0,2468.376240430954,1468.376240430954,146.8376240430954,17,31.25,898.1005955683378,-336.5859379010845,86.37507296652667,31.289638122958735,0.9396586662886072,61.56269989812599,49.10007522300427,False,Bitstamp BTC spot,discount_holdout,spot,2023-01-01 00:00:00+00:00,2026-08-12 00:40:00+00:00,1319.03125,0.001,1.0,10.0,0.0,not charged,122,0.092492122533109,16,0.0121301144305716,9.242424242424242,0.9393683229391964,0.3200191284719916,0.5033684639011771,122,native
r191_cost_proximal_low,spot,1000.0,1785.5136484744164,785.5136484744164,78.55136484744165,12,36.36363636363637,607.7754907086472,-161.96233975623926,65.45947070620132,42.93356178393246,0.6194400432584146,57.84473062425422,155.0335446091942,False,Coinbase ETH spot,eth_holdout,eth,2023-01-01 00:00:00+00:00,2026-08-12 00:40:00+00:00,1319.03125,0.004,1.0,5.0,0.0,not charged,155,0.1175104835461631,11,0.008339453671018,11.742424242424242,0.6154872850418488,0.371755354228412,0.4253574578337451,156,native
r191_cost_proximal_low,futures_5x,1000.0,2496.873596468679,1496.873596468679,149.6873596468679,15,35.714285714285715,984.7351568897424,-298.10201519232606,125.0242290641154,27.97832488335522,0.9307422208510748,61.86595275889029,18.53669026011299,False,Deribit perp + Deribit 8h funding,funded_holdout,perp,2023-01-01 00:00:00+00:00,2026-08-12 00:40:00+00:00,1319.03125,0.0005,1.0,5.0,378.48983949305585,Deribit 8h aggregation,59,0.044729796962733,14,0.0106138501267502,4.46969696969697,0.9540661644435112,0.3178762970476761,0.4899686330960051,433,native
r191_cost_proximal_low,spot,1000.0,2298.167810872842,1298.167810872842,129.8167810872842,17,31.25,841.9926691364458,-333.6982095517477,76.36281240428478,32.3589839228982,0.8789120612785373,61.56269989812599,187.9641297893194,False,Bitstamp BTC spot,holdout,spot,2023-01-01 00:00:00+00:00,2026-08-12 00:40:00+00:00,1319.03125,0.004,1.0,10.0,0.0,not charged,122,0.092492122533109,16,0.0121301144305716,9.242424242424242,0.8786177463139482,0.3194154456607504,0.5024065286197522,122,native
r191_robust_growth,futures_5x,1000.0,686.6403594722551,-313.3596405277449,-31.33596405277449,9,33.333333333333336,21.393016650114404,-182.3747875039759,-34.741468223412824,34.19502952926115,-3.3665727988791967,45.2054794520548,7.154739142698109,False,Deribit perp + Deribit 8h funding,beta_perp_00,perp,2026-02-15 00:00:00+00:00,2026-07-10 23:55:00+00:00,146.0,0.0005,1.0,5.0,0.6864265170298934,Deribit 8h aggregation,18,0.1232876712328767,9,0.0616438356164383,12.32876712328767,-3.775435892946574,0.2410206774307907,0.4458466306598138,19,native
r191_robust_growth,futures_5x,1000.0,814.3297116608128,-185.6702883391872,-18.56702883391872,5,20.0,18.26655115104977,-95.17172477272072,-33.24208247450529,25.564960745630692,-1.5645243152233657,55.4140127388535,4.8618148872936064,False,Deribit perp + Deribit 8h funding,beta_perp_01,perp,2025-07-11 00:00:00+00:00,2025-12-14 23:55:00+00:00,157.0,0.0005,1.0,5.0,19.45987596666065,Deribit 8h aggregation,13,0.0828025477707006,5,0.0318471337579617,8.280254777070065,-1.8606278016131896,0.240925755491424,0.5287784471319363,14,native
r191_robust_growth,futures_5x,1000.0,813.769330222656,-186.230669777344,-18.623066977734403,4,0.0,-5.394446315170083,-80.27834510860765,-45.64012981729494,20.915861018476164,-2.442991910529892,29.13907284768212,3.535940043428478,False,Deribit perp + Deribit 8h funding,beta_perp_02,perp,2023-04-29 00:00:00+00:00,2023-09-26 23:55:00+00:00,151.0,0.0005,1.0,5.0,3.670150508164323,Deribit 8h aggregation,10,0.0662251655629139,4,0.0264900662251655,6.622516556291391,-2.609892578443637,0.1843284710970283,0.2675489468549483,10,native
r191_robust_growth,futures_5x,1000.0,920.2296423955302,-79.77035760446984,-7.977035760446983,11,40.0,98.92064711139436,-142.009851944306,-5.6074476012701835,22.430084812416336,-0.195152072378563,50.2262443438914,9.47200489169218,False,Deribit perp + Deribit 8h funding,beta_perp_03,perp,2024-03-14 00:00:00+00:00,2024-10-20 23:55:00+00:00,221.0,0.0005,1.0,5.0,18.0884339904978,Deribit 8h aggregation,27,0.1221719457013574,10,0.0452488687782805,12.217194570135746,-0.195041568095128,0.3645698840316337,0.4619185740716204,33,native
r191_robust_growth,futures_5x,1000.0,937.413884369676,-62.58611563032389,-6.258611563032391,2,0.0,-18.67538910529533,-23.61237225282169,-21.14388067905851,17.666768000330155,-0.2620248363715767,65.57377049180327,1.695454979354898,False,Deribit perp + Deribit 8h funding,beta_perp_04,perp,2024-12-09 00:00:00+00:00,2025-04-09 23:55:00+00:00,122.0,0.0005,1.0,5.0,20.29835427220638,Deribit 8h aggregation,7,0.0573770491803278,2,0.0163934426229508,5.737704918032787,-0.4428987402439571,0.3211702815497635,0.6085734046745638,11,native
r191_robust_growth,futures_5x,1000.0,998.1237497812634,-1.8762502187365728,-0.1876250218736608,4,33.333333333333336,92.70305079266517,-69.08209542531708,6.170356450710326,14.280113628302392,0.1365007521782945,68.94977168949772,3.764871021887531,False,Deribit perp + Deribit 8h funding,beta_perp_05,perp,2025-01-26 00:00:00+00:00,2025-09-01 23:55:00+00:00,219.0,0.0005,1.0,5.0,26.55767602157809,Deribit 8h aggregation,12,0.0547945205479452,3,0.0136986301369863,5.47945205479452,0.1197881590992475,0.2656154896517385,0.6498048422201215,17,native
r191_robust_growth,futures_5x,1000.0,1479.7609592849042,479.7609592849042,47.976095928490416,1,0.0,562.6686095993646,562.6686095993646,562.6686095993646,21.828487379335996,2.0993459476175964,99.24242424242424,0.49854985,False,Deribit perp + Deribit 8h funding,beta_perp_06,perp,2023-12-12 00:00:00+00:00,2024-04-21 23:55:00+00:00,132.0,0.0005,1.0,5.0,82.90765031446027,Deribit 8h aggregation,1,0.0075757575757575,0,0.0,0.7575757575757576,2.1304758227305975,0.5908101825799948,1.020999868561074,23,native
r191_robust_growth,futures_5x,1000.0,981.4704725912464,-18.529527408753665,-1.8529527408753688,6,50.0,122.14888663933662,-114.70567308603002,2.3864968744438237,25.617967961590843,0.0466111924235296,63.114754098360656,7.6023903987431485,False,Deribit perp + Deribit 8h funding,beta_perp_07,perp,2025-04-05 00:00:00+00:00,2025-12-04 23:55:00+00:00,244.0,0.0005,1.0,5.0,32.84850865541526,Deribit 8h aggregation,17,0.0696721311475409,6,0.0245901639344262,6.967213114754099,0.0262223502860173,0.2646006398968802,0.6039170545978153,19,native
r191_robust_growth,futures_5x,1000.0,1680.5094325219063,680.5094325219065,68.05094325219065,5,0.0,993.4890602078106,-89.13008619041896,160.61156936545336,22.183776940308128,1.462260783313202,63.81766381766382,3.908593311785267,False,Deribit perp + Deribit 8h funding,beta_perp_08,perp,2023-05-05 00:00:00+00:00,2024-04-19 23:55:00+00:00,351.0,0.0005,1.0,5.0,122.54841430535993,Deribit 8h aggregation,11,0.0313390313390313,4,0.0113960113960113,3.133903133903134,1.463731379285705,0.4326371777800896,0.6457536348724092,48,native
r191_robust_growth,futures_5x,1000.0,1397.6342270584246,397.6342270584246,39.76342270584246,11,50.0,418.1343918645687,-51.2822302685522,42.857643056929824,18.03843587422527,1.1500237907933113,58.26086956521739,12.092802184749267,False,Deribit perp + Deribit 8h funding,beta_perp_09,perp,2024-07-05 00:00:00+00:00,2025-06-14 23:55:00+00:00,345.0,0.0005,1.0,5.0,73.799846567803,Deribit 8h aggregation,29,0.0840579710144927,10,0.0289855072463768,8.405797101449275,1.2309706104277216,0.3323127264272513,0.5524087304617704,34,native
r191_robust_growth,futures_5x,1000.0,1318.0022940469162,318.0022940469162,31.800229404691628,7,42.857142857142854,427.53399039889064,-43.152971449460985,54.91846021902815,18.038435874225293,1.274202448974414,66.8141592920354,6.929388955088991,False,Deribit perp + Deribit 8h funding,beta_perp_10,perp,2024-09-12 00:00:00+00:00,2025-04-25 23:55:00+00:00,226.0,0.0005,1.0,5.0,66.42692748628205,Deribit 8h aggregation,18,0.079646017699115,7,0.0309734513274336,7.964601769911504,1.3942464146370073,0.3679841157724617,0.6454602899036136,22,native
r191_robust_growth,futures_5x,1000.0,945.5310947169831,-54.46890528301674,-5.446890528301673,8,37.5,117.67605213595952,-110.50539335833066,-2.698218112639996,25.617967961590736,-0.1092521201079615,51.31964809384164,9.042835323312604,False,Deribit perp + Deribit 8h funding,beta_perp_11,perp,2025-02-06 00:00:00+00:00,2026-01-12 23:55:00+00:00,341.0,0.0005,1.0,5.0,32.88316038189726,Deribit 8h aggregation,24,0.0703812316715542,8,0.0234604105571847,7.038123167155425,-0.1486463031352733,0.2283439453295584,0.4751963545055941,30,native
r191_robust_growth,futures_5x,1000.0,1325.8769419811244,325.87694198112445,32.58769419811245,4,66.66666666666667,257.8210791287519,-29.646844883269484,95.6087931547621,17.99384452033643,1.4260911034393473,66.16915422885572,4.76853501554025,False,Deribit perp + Deribit 8h funding,beta_perp_12,perp,2024-11-07 00:00:00+00:00,2025-05-26 23:55:00+00:00,201.0,0.0005,1.0,5.0,56.55823063792334,Deribit 8h aggregation,12,0.0597014925373134,3,0.0149253731343283,5.970149253731344,1.5885089578275622,0.3639507483071724,0.6261699925206702,17,native
r191_robust_growth,futures_5x,1000.0,586.1340309852216,-413.8659690147784,-41.38659690147784,15,28.571428571428573,19.71159087603632,-158.55220648282523,-27.4006339242578,42.395726192439575,-2.7037851883316555,29.62962962962963,10.148413777585448,False,Deribit perp + Deribit 8h funding,beta_perp_13,perp,2025-09-30 00:00:00+00:00,2026-07-23 23:55:00+00:00,297.0,0.0005,1.0,5.0,2.8564601509110727,Deribit 8h aggregation,33,0.1111111111111111,14,0.0471380471380471,11.11111111111111,-3.2439877977095293,0.1962878272501669,0.2636151419271408,35,native
r191_robust_growth,futures_5x,1000.0,1016.9685543365398,16.968554336539796,1.6968554336539876,8,57.142857142857146,123.20333121917837,-115.6958644712357,11.41188431229052,25.61796796159076,0.2365460338727102,72.88135593220339,8.586173288317132,False,Deribit perp + Deribit 8h funding,beta_perp_14,perp,2024-11-11 00:00:00+00:00,2025-10-30 23:55:00+00:00,354.0,0.0005,1.0,5.0,74.32652016178663,Deribit 8h aggregation,22,0.0621468926553672,7,0.019774011299435,6.214689265536723,0.2127757829446517,0.3164132216829783,0.6999762662737424,28,native
r191_robust_growth,futures_5x,1000.0,1431.137505306296,431.1375053062959,43.11375053062958,4,66.66666666666667,376.5416384056821,-32.41852578217777,130.22984458828805,18.009165270646825,1.3183767667641857,76.87074829931973,5.1684116468053976,False,Deribit perp + Deribit 8h funding,beta_perp_15,perp,2024-11-05 00:00:00+00:00,2025-08-25 23:55:00+00:00,294.0,0.0005,1.0,5.0,89.78187304685524,Deribit 8h aggregation,12,0.0408163265306122,3,0.010204081632653,4.081632653061225,1.4097443980739643,0.3617947724577721,0.7465062025964051,17,native
r191_robust_growth,futures_5x,1000.0,1819.258570153287,819.2585701532873,81.92585701532873,1,0.0,939.2547636623405,939.2547636623405,939.2547636623405,22.079110928707173,2.6614090105888555,99.40119760479044,0.49854985,False,Deribit perp + Deribit 8h funding,beta_perp_16,perp,2023-10-29 00:00:00+00:00,2024-04-12 23:55:00+00:00,167.0,0.0005,1.0,5.0,119.99619350905314,Deribit 8h aggregation,1,0.0059880239520958,0,0.0,0.5988023952095808,2.609591286055235,0.5625028868581303,1.0233868489445992,28,native
r191_robust_growth,futures_5x,1000.0,817.555993401972,-182.44400659802795,-18.244400659802796,5,0.0,-5.460918876448908,-68.97614098014033,-35.7280965243335,19.381063613808013,-2.5865024970589574,23.49397590361446,3.9840711421912096,False,Deribit perp + Deribit 8h funding,beta_perp_17,perp,2023-05-06 00:00:00+00:00,2023-10-18 23:55:00+00:00,166.0,0.0005,1.0,5.0,3.803523976360623,Deribit 8h aggregation,11,0.0662650602409638,4,0.0240963855421686,6.626506024096385,-2.7934479715273546,0.1542839617916537,0.2133269048658675,11,native
r191_robust_growth,futures_5x,1000.0,737.1138848092363,-262.8861151907637,-26.288611519076365,13,25.0,19.137885289047276,-99.71151841416078,-19.898914799088978,27.50504375992441,-1.9236436086192408,31.25,9.07542336458506,False,Deribit perp + Deribit 8h funding,beta_perp_18,perp,2025-09-18 00:00:00+00:00,2026-05-31 23:55:00+00:00,256.0,0.0005,1.0,5.0,4.200222802607386,Deribit 8h aggregation,28,0.109375,12,0.046875,10.9375,-2.2912746480057593,0.1824534033264624,0.2775949635248737,30,native
r191_robust_growth,futures_5x,1000.0,1403.89125550861,403.8912555086099,40.38912555086098,5,25.0,473.1523321028964,-70.76065741497737,89.05928695046107,24.285087908769235,1.261204482936966,59.42492012779552,5.150882112091043,False,Deribit perp + Deribit 8h funding,beta_perp_19,perp,2023-02-17 00:00:00+00:00,2023-12-26 23:55:00+00:00,313.0,0.0005,1.0,5.0,41.405179243695066,Deribit 8h aggregation,13,0.0415335463258785,4,0.0127795527156549,4.15335463258786,1.2538235544208012,0.3692671543071649,0.5832677229285179,13,native
r191_robust_growth,futures_5x,1000.0,1341.632946616446,341.63294661644613,34.163294661644606,3,0.0,450.1090121586484,-43.56080088112124,133.42027905555724,22.18377694030812,1.527865863811782,48.706896551724135,1.9222578083327044,False,Deribit perp + Deribit 8h funding,beta_perp_20,perp,2023-06-10 00:00:00+00:00,2024-01-27 23:55:00+00:00,232.0,0.0005,1.0,5.0,58.62789055022567,Deribit 8h aggregation,5,0.021551724137931,2,0.0086206896551724,2.1551724137931036,1.5315815936402108,0.3394467114496431,0.4823324453963904,5,native
r191_robust_growth,futures_5x,1000.0,1301.0989324355164,301.0989324355164,30.10989324355165,4,0.0,461.6840091409636,-56.28078176583886,89.61301219916015,22.18377694030813,1.2966142984193314,50.79365079365079,2.7799871382261534,False,Deribit perp + Deribit 8h funding,beta_perp_21,perp,2023-05-23 00:00:00+00:00,2024-01-29 23:55:00+00:00,252.0,0.0005,1.0,5.0,57.35311636112424,Deribit 8h aggregation,7,0.0277777777777777,3,0.0119047619047619,2.7777777777777777,1.2818079678021894,0.3432587657388076,0.5038100764116957,7,native
r191_robust_growth,futures_5x,1000.0,1811.435135953635,811.4351359536349,81.14351359536349,3,66.66666666666667,758.4174041033825,-18.62794079143235,310.472585755347,25.026359809891392,2.080881236324962,91.62995594713657,4.935532737126496,False,Deribit perp + Deribit 8h funding,beta_perp_22,perp,2023-10-31 00:00:00+00:00,2024-06-13 23:55:00+00:00,227.0,0.0005,1.0,5.0,119.98262131240604,Deribit 8h aggregation,9,0.039647577092511,3,0.013215859030837,3.9647577092511015,2.0752327153328474,0.5278517858067611,0.922163776970858,61,native
r191_robust_growth,futures_5x,1000.0,865.3690341764809,-134.6309658235191,-13.463096582351907,7,14.285714285714286,19.621582495406265,-102.23166012105791,-18.423007669300315,18.898398352464884,-1.4695135260531058,23.529411764705884,4.827063370702086,False,Deribit perp + Deribit 8h funding,beta_perp_23,perp,2025-09-09 00:00:00+00:00,2026-02-25 23:55:00+00:00,170.0,0.0005,1.0,5.0,5.669912138416074,Deribit 8h aggregation,17,0.1,7,0.0411764705882352,10.0,-1.8984788103957164,0.156950915614662,0.1834909791531884,18,native
r191_robust_growth,spot,1000.0,655.6663370037564,-344.33366299624356,-34.43336629962436,10,40.0,15.095612291584205,-183.17487233989468,-34.43336629962436,36.21149295179742,-3.779045113276121,46.57534246575342,57.9457895894371,False,Bitstamp BTC spot,beta_spot_00,spot,2026-02-15 00:00:00+00:00,2026-07-10 23:55:00+00:00,146.0,0.004,1.0,10.0,0.0,not charged,21,0.1438356164383561,10,0.0684931506849315,14.383561643835616,-4.270402039999933,0.240099159911131,0.4486170346566383,21,native
r191_robust_growth,spot,1000.0,806.0116646093217,-193.98833539067832,-19.398833539067837,5,20.0,12.638331319487438,-101.82327096584083,-38.79766707813563,23.95410369465975,-1.9748493159730744,55.4140127388535,38.87720921219819,False,Bitstamp BTC spot,beta_spot_01,spot,2025-07-11 00:00:00+00:00,2025-12-14 23:55:00+00:00,157.0,0.004,1.0,10.0,0.0,not charged,14,0.0891719745222929,5,0.0318471337579617,8.9171974522293,-1.9809258303277335,0.238617376326018,0.52851935881261,14,native
r191_robust_growth,spot,1000.0,785.8662367650749,-214.1337632349251,-21.41337632349252,4,0.0,-21.62594693353747,-88.56383807634188,-53.53344080873126,22.93346096478361,-2.960175971520874,33.11258278145695,27.77813916132,False,Bitstamp BTC spot,beta_spot_02,spot,2023-04-29 00:00:00+00:00,2023-09-26 23:55:00+00:00,151.0,0.004,1.0,10.0,0.0,not charged,11,0.0728476821192053,4,0.0264900662251655,7.28476821192053,-2.5010987416370445,0.2227865669445345,0.2765303954929352,11,native
r191_robust_growth,spot,1000.0,810.2166063187495,-189.7833936812505,-18.97833936812504,17,43.75,84.51283269866815,-171.5197663735973,-11.16372904007356,25.335987498446727,-0.8039820717142038,48.86877828054298,92.14984218217492,False,Bitstamp BTC spot,beta_spot_03,spot,2024-03-14 00:00:00+00:00,2024-10-20 23:55:00+00:00,221.0,0.004,1.0,10.0,0.0,not charged,44,0.1990950226244343,16,0.0723981900452488,19.90950226244344,-0.9565690654377852,0.312836815148328,0.4275050849916112,44,native
r191_robust_growth,spot,1000.0,947.1269123338186,-52.87308766618139,-5.287308766618137,2,0.0,-23.4397107652121,-29.433376900969463,-26.43654383309078,17.063547183057278,-0.1943287718717658,65.57377049180327,13.647014312714916,False,Bitstamp BTC spot,beta_spot_04,spot,2024-12-09 00:00:00+00:00,2025-04-09 23:55:00+00:00,122.0,0.004,1.0,10.0,0.0,not charged,8,0.0655737704918032,2,0.0163934426229508,6.557377049180328,-0.3490315704449964,0.3201643500602672,0.5959012989845233,8,native
r191_robust_growth,spot,1000.0,1005.815331461092,5.815331461092001,0.5815331461092033,4,33.333333333333336,90.78883066509984,-73.4698315237574,1.4538328652729715,14.042114580636408,0.1787365014877092,68.94977168949772,29.8594544921138,False,Bitstamp BTC spot,beta_spot_05,spot,2025-01-26 00:00:00+00:00,2025-09-01 23:55:00+00:00,219.0,0.004,1.0,10.0,0.0,not charged,14,0.0639269406392694,3,0.0136986301369863,6.392694063926941,0.166763108891062,0.2621505815262083,0.6426324984559354,14,native
r191_robust_growth,spot,1000.0,1558.0545717350003,558.0545717350005,55.80545717350005,1,0.0,558.0545717350004,558.0545717350004,558.0545717350004,21.350448522578784,2.446956484658643,99.24242424242424,3.98399836,False,Bitstamp BTC spot,beta_spot_06,spot,2023-12-12 00:00:00+00:00,2024-04-21 23:55:00+00:00,132.0,0.004,1.0,10.0,0.0,not charged,1,0.0075757575757575,0,0.0,0.7575757575757576,2.6694466156251897,0.5081079720897173,0.9924111725521344,1,native
r191_robust_growth,spot,1000.0,974.9613658932932,-25.03863410670681,-2.5038634106706814,6,50.0,116.75882975803296,-123.16664844881318,-4.173105684451206,23.937588910178043,-0.0150229270566982,63.114754098360656,60.79083455844043,False,Bitstamp BTC spot,beta_spot_07,spot,2025-04-05 00:00:00+00:00,2025-12-04 23:55:00+00:00,244.0,0.004,1.0,10.0,0.0,not charged,19,0.0778688524590164,6,0.0245901639344262,7.786885245901639,-0.0145365282367697,0.2615876175152516,0.602509005858216,19,native
r191_robust_growth,spot,1000.0,1748.6903242811975,748.6903242811977,74.86903242811978,5,0.0,971.5088565918364,-98.63630616727971,149.73806485623953,23.797506505592796,1.633768279913482,65.52706552706553,30.611474192063156,False,Bitstamp BTC spot,beta_spot_08,spot,2023-05-05 00:00:00+00:00,2024-04-19 23:55:00+00:00,351.0,0.004,1.0,10.0,0.0,not charged,12,0.0341880341880341,4,0.0113960113960113,3.418803418803418,1.701305753204269,0.3853892149827635,0.6317785442271445,12,native
r191_robust_growth,spot,1000.0,1343.9100709038537,343.91007090385347,34.39100709038534,11,60.0,339.7749351832522,-60.680944819975046,31.264551900350316,17.052405597549562,1.0563134576998443,57.971014492753625,88.07781046874223,False,Bitstamp BTC spot,beta_spot_09,spot,2024-07-05 00:00:00+00:00,2025-06-14 23:55:00+00:00,345.0,0.004,1.0,10.0,0.0,not charged,32,0.0927536231884058,10,0.0289855072463768,9.27536231884058,1.1218903528297577,0.3254946037617856,0.5385385973509341,32,native
r191_robust_growth,spot,1000.0,1267.5937255724302,267.59372557243023,26.759372557243033,6,50.0,346.3293177001074,-51.916860058128385,44.59895426207172,17.052405597549562,1.1445814586298195,67.69911504424779,47.49840444371001,False,Bitstamp BTC spot,beta_spot_10,spot,2024-09-12 00:00:00+00:00,2025-04-25 23:55:00+00:00,226.0,0.004,1.0,10.0,0.0,not charged,20,0.0884955752212389,6,0.0265486725663716,8.849557522123893,1.230870767480851,0.3644838581838702,0.6298736849740262,20,native
r191_robust_growth,spot,1000.0,930.6030276093696,-69.39697239063025,-6.939697239063025,8,37.5,111.4465908845506,-117.56286962401462,-8.674621548828783,23.93758891017806,-0.2161439516896397,51.31964809384164,71.74726501895057,False,Bitstamp BTC spot,beta_spot_11,spot,2025-02-06 00:00:00+00:00,2026-01-12 23:55:00+00:00,341.0,0.004,1.0,10.0,0.0,not charged,27,0.0791788856304985,8,0.0234604105571847,7.917888563049853,-0.2286013241623705,0.2256621152814946,0.4712994483632677,27,native
r191_robust_growth,spot,1000.0,1361.7342434023092,361.7342434023092,36.17342434023092,4,66.66666666666667,251.83156993508487,-37.730010958466394,90.43356085057728,17.063602758396097,1.5751107773287296,66.16915422885572,38.94425698450014,False,Bitstamp BTC spot,beta_spot_12,spot,2024-11-07 00:00:00+00:00,2025-05-26 23:55:00+00:00,201.0,0.004,1.0,10.0,0.0,not charged,14,0.0696517412935323,3,0.0149253731343283,6.965174129353234,1.740866866879151,0.358934590199125,0.6116021341050524,14,native
r191_robust_growth,spot,1000.0,547.4912703877138,-452.5087296122862,-45.250872961228616,16,33.333333333333336,13.5686890584368,-156.26244927508714,-28.28179560076792,45.62271989839864,-3.4422299447121576,30.303030303030305,80.44797959915033,False,Bitstamp BTC spot,beta_spot_13,spot,2025-09-30 00:00:00+00:00,2026-07-23 23:55:00+00:00,297.0,0.004,1.0,10.0,0.0,not charged,37,0.1245791245791245,15,0.0505050505050505,12.457912457912458,-3.6707927657687174,0.1962681839242105,0.2658610379936658,37,native
r191_robust_growth,spot,1000.0,1045.4293738983313,45.42937389833128,4.542937389833135,8,57.142857142857146,121.2325788902892,-127.88592053952092,5.6786717372914275,21.53753282017501,0.307537551424338,72.88135593220339,70.48232547014024,False,Bitstamp BTC spot,beta_spot_14,spot,2024-11-11 00:00:00+00:00,2025-10-30 23:55:00+00:00,354.0,0.004,1.0,10.0,0.0,not charged,25,0.0706214689265536,7,0.019774011299435,7.062146892655368,0.3025946465590414,0.3122438846616565,0.6905958359467734,25,native
r191_robust_growth,spot,1000.0,1498.7836203739853,498.7836203739853,49.87836203739853,4,66.66666666666667,369.4801422420608,-41.27592083084669,124.69590509349628,17.063619695961528,1.4911445196144602,76.87074829931973,42.229868537745595,False,Bitstamp BTC spot,beta_spot_15,spot,2024-11-05 00:00:00+00:00,2025-08-25 23:55:00+00:00,294.0,0.004,1.0,10.0,0.0,not charged,14,0.0476190476190476,3,0.010204081632653,4.761904761904762,1.5887256482732648,0.355864207284153,0.7338430584244556,14,native
r191_robust_growth,spot,1000.0,1925.0717908287124,925.0717908287124,92.50717908287125,1,0.0,925.0717908287124,925.0717908287124,925.0717908287124,21.350496448429126,3.035484127740632,99.40119760479044,3.9839983600000006,False,Bitstamp BTC spot,beta_spot_16,spot,2023-10-29 00:00:00+00:00,2024-04-12 23:55:00+00:00,167.0,0.004,1.0,10.0,0.0,not charged,1,0.0059880239520958,0,0.0,0.5988023952095808,3.1772855449136608,0.488939956486958,0.9939998081216652,1,native
r191_robust_growth,spot,1000.0,785.8497546857584,-214.1502453142416,-21.41502453142417,5,0.0,-9.33724924139632,-77.7537487113122,-42.83004906284832,22.04831149968317,-3.182668152442167,27.10843373493976,31.228374089572448,False,Bitstamp BTC spot,beta_spot_17,spot,2023-05-06 00:00:00+00:00,2023-10-18 23:55:00+00:00,166.0,0.004,1.0,10.0,0.0,not charged,12,0.072289156626506,4,0.0240963855421686,7.228915662650603,-2.8151208060134496,0.1822103740466264,0.2214227426457198,12,native
r191_robust_growth,spot,1000.0,699.5065106811044,-300.4934893188956,-30.049348931889565,14,30.76923076923077,13.108008583418258,-105.60732078244764,-21.463820665635403,31.040077820129795,-2.687808615704088,32.03125,72.3232766242887,False,Bitstamp BTC spot,beta_spot_18,spot,2025-09-18 00:00:00+00:00,2026-05-31 23:55:00+00:00,256.0,0.004,1.0,10.0,0.0,not charged,32,0.125,13,0.05078125,12.5,-2.6856567400389664,0.1833756334081836,0.2801217839499426,32,native
r191_robust_growth,spot,1000.0,1377.9303674398388,377.9303674398389,37.79303674398389,5,25.0,442.64240446690593,-64.5861936191303,75.58607348796781,27.36707439851372,1.22685087639235,61.34185303514377,42.69010295365718,False,Bitstamp BTC spot,beta_spot_19,spot,2023-02-17 00:00:00+00:00,2023-12-26 23:55:00+00:00,313.0,0.004,1.0,10.0,0.0,not charged,14,0.0447284345047923,4,0.0127795527156549,4.472843450479234,1.150872764742373,0.3897802172610065,0.5798335421228018,14,native
r191_robust_growth,spot,1000.0,1332.9642237358012,332.96422373580117,33.29642237358013,3,0.0,421.0326360093054,-62.97332203986552,110.98807457860032,21.350540304072968,1.566005522606085,50.43103448275862,18.77565259194743,False,Bitstamp BTC spot,beta_spot_20,spot,2023-06-10 00:00:00+00:00,2024-01-27 23:55:00+00:00,232.0,0.004,1.0,10.0,0.0,not charged,6,0.0258620689655172,2,0.0086206896551724,2.586206896551724,1.5586494642589737,0.3237978554604744,0.4913753568100577,6,native
r191_robust_growth,spot,1000.0,1284.0619568818356,284.0619568818356,28.40619568818357,4,0.0,430.5995439190664,-64.11574678479333,71.01548922045887,21.35054030407297,1.2901460231844712,54.36507936507937,25.314341352495124,False,Bitstamp BTC spot,beta_spot_21,spot,2023-05-23 00:00:00+00:00,2024-01-29 23:55:00+00:00,252.0,0.004,1.0,10.0,0.0,not charged,9,0.0357142857142857,3,0.0119047619047619,3.5714285714285716,1.2645377829550717,0.3293371463619349,0.5169567437615938,9,native
r191_robust_growth,spot,1000.0,1741.012769018283,741.012769018283,74.1012769018283,8,57.142857142857146,661.788726800012,-61.66725029982428,92.62659612728538,24.025193876401325,2.051364197384297,92.95154185022028,88.48580381689135,False,Bitstamp BTC spot,beta_spot_22,spot,2023-10-31 00:00:00+00:00,2024-06-13 23:55:00+00:00,227.0,0.004,1.0,10.0,0.0,not charged,24,0.105726872246696,7,0.0308370044052863,10.572687224669604,2.144925388083979,0.4666710268608325,0.8876091511934096,24,native
r191_robust_growth,spot,1000.0,845.2944132682125,-154.70558673178755,-15.470558673178758,7,14.285714285714286,13.46874379326758,-108.51365691898886,-22.100798104541088,18.520190440741573,-2.467603964975271,23.529411764705884,38.23555395426471,False,Bitstamp BTC spot,beta_spot_23,spot,2025-09-09 00:00:00+00:00,2026-02-25 23:55:00+00:00,170.0,0.004,1.0,10.0,0.0,not charged,18,0.1058823529411764,7,0.0411764705882352,10.588235294117649,-2.216393001766231,0.1571534397449467,0.185064853980052,18,native
r191_robust_growth,spot,1000.0,2414.3046044171606,1414.3046044171606,141.43046044171606,43,44.18604651162791,1292.9864835453643,-659.9718992136789,32.89080475388744,47.90032334890985,0.8759773042647164,58.60361534269943,216.81511149478695,False,Bitstamp BTC spot,discount_holdout,spot,2023-01-01 00:00:00+00:00,2026-08-12 00:40:00+00:00,1319.03125,0.001,1.0,10.0,0.0,not charged,120,0.0909758582292876,43,0.0325996825321613,9.090909090909092,0.8798203212882122,0.3434947522125037,0.5504643835803393,120,native
r191_robust_growth,spot,1000.0,750.1270075391512,-249.87299246084876,-24.98729924608487,48,37.5,539.9114589474849,-214.95588462737516,-5.205687342934373,71.43934930161568,0.0178478968926156,52.82045743697269,522.581640476969,False,Coinbase ETH spot,eth_holdout,eth,2023-01-01 00:00:00+00:00,2026-08-12 00:40:00+00:00,1319.03125,0.004,1.0,5.0,0.0,not charged,142,0.1076547655713236,48,0.036390343291715,10.757575757575758,0.0208221666674001,0.420445300474999,0.4954506322532119,142,native
r191_robust_growth,futures_5x,1000.0,2366.6920914419193,1366.6920914419193,136.66920914419194,39,38.46153846153846,1461.1669914644851,-640.5855590956122,48.438522415376426,48.94640359356575,0.8343661330170216,58.30036248193513,100.710489899263,False,Deribit perp + Deribit 8h funding,funded_holdout,perp,2023-01-01 00:00:00+00:00,2026-08-12 00:40:00+00:00,1319.03125,0.0005,1.0,5.0,522.4102827577661,Deribit 8h aggregation,97,0.0735388187353408,39,0.0295671539245184,7.348484848484849,0.8486598129702154,0.3542212348301212,0.5651500549324437,159,native
r191_robust_growth,spot,1000.0,1906.6097246699387,906.6097246699388,90.66097246699388,43,41.86046511627907,1217.336596491516,-546.4135493922287,21.08394708534742,51.87473425136715,0.6877339822425315,58.60361534269943,760.4205053982896,False,Bitstamp BTC spot,holdout,spot,2023-01-01 00:00:00+00:00,2026-08-12 00:40:00+00:00,1319.03125,0.004,1.0,10.0,0.0,not charged,120,0.0909758582292876,43,0.0325996825321613,9.090909090909092,0.6894754959417734,0.3435650439316742,0.550063022213402,120,native
r191_robust_growth_high,spot,1000.0,3318.526850658701,2318.526850658701,231.85268506587008,14,35.714285714285715,1817.4159434824933,-758.5920713415944,165.60906076133574,35.92541979516226,1.117487410042713,60.80219858324054,76.99167572916723,False,Bitstamp BTC spot,discount_holdout,spot,2023-01-01 00:00:00+00:00,2026-08-12 00:40:00+00:00,1319.03125,0.001,1.0,10.0,0.0,not charged,38,0.0288090217726077,14,0.0106138501267502,2.878787878787879,1.1269663515147077,0.34756625455007,0.5653921777702581,38,native
r191_robust_growth_high,spot,1000.0,1122.861988719976,122.8619887199759,12.2861988719976,24,37.5,731.7079835552191,-331.5718606862199,5.119249529999,64.9527863652521,0.2852324313405104,52.76277075206052,301.43401792960356,False,Coinbase ETH spot,eth_holdout,eth,2023-01-01 00:00:00+00:00,2026-08-12 00:40:00+00:00,1319.03125,0.004,1.0,5.0,0.0,not charged,79,0.0598924400009476,24,0.0181951716458575,5.984848484848484,0.2852433894341102,0.4188502823815499,0.494412588954464,79,native
r191_robust_growth_high,futures_5x,1000.0,2327.613518582967,1327.6135185829671,132.7613518582967,17,35.294117647058826,1467.7315345335576,-528.1842297652497,105.35522304292314,38.97865758666415,0.8210555688199587,58.52780212750835,36.99795956625679,False,Deribit perp + Deribit 8h funding,funded_holdout,perp,2023-01-01 00:00:00+00:00,2026-08-12 00:40:00+00:00,1319.03125,0.0005,1.0,5.0,463.425273146727,Deribit 8h aggregation,52,0.0394228718993579,17,0.0128882465824824,3.939393939393939,0.8368038295500149,0.3534424474789601,0.5594813275255824,118,native
r191_robust_growth_high,spot,1000.0,3085.591303148906,2085.591303148906,208.55913031489055,14,35.714285714285715,1771.3783143613482,-744.4247963244871,148.97080736777897,38.06307140771622,1.0603671917966195,60.80219858324054,295.02648374841135,False,Bitstamp BTC spot,holdout,spot,2023-01-01 00:00:00+00:00,2026-08-12 00:40:00+00:00,1319.03125,0.004,1.0,10.0,0.0,not charged,38,0.0288090217726077,14,0.0106138501267502,2.878787878787879,1.0695162846594195,0.3473100822380683,0.5650865188326477,38,native
r191_robust_growth_low,spot,1000.0,2710.3452956400183,1710.3452956400183,171.03452956400184,65,44.61538461538461,1284.7159342788063,-720.9165259665008,26.31300454830796,46.18279923252494,0.9590145165799282,60.57475893766732,325.3706772685804,False,Bitstamp BTC spot,discount_holdout,spot,2023-01-01 00:00:00+00:00,2026-08-12 00:40:00+00:00,1319.03125,0.001,1.0,10.0,0.0,not charged,173,0.1311568622805562,65,0.0492785898741974,13.106060606060606,0.9668074855248536,0.3468960268774223,0.5703826697905354,173,native
r191_robust_growth_low,spot,1000.0,607.2951189061134,-392.70488109388657,-39.27048810938866,63,26.984126984126984,525.5106146420447,-196.4898821458777,-6.233410811014081,74.70542223585713,-0.1211121065107328,53.12390520418189,589.1371851297852,False,Coinbase ETH spot,eth_holdout,eth,2023-01-01 00:00:00+00:00,2026-08-12 00:40:00+00:00,1319.03125,0.004,1.0,5.0,0.0,not charged,180,0.1364637873439314,63,0.0477623255703759,13.636363636363637,-0.1182869451977475,0.4202048404078559,0.500137353610667,180,native
r191_robust_growth_low,futures_5x,1000.0,2624.342840018624,1624.342840018624,162.4342840018624,55,47.27272727272727,1194.616147080444,-688.5304010588335,38.340065602448895,45.45917916069792,0.9509496658625682,60.347319292094106,142.31121751941728,False,Deribit perp + Deribit 8h funding,funded_holdout,perp,2023-01-01 00:00:00+00:00,2026-08-12 00:40:00+00:00,1319.03125,0.0005,1.0,5.0,484.3607681160675,Deribit 8h aggregation,156,0.1182686156980738,55,0.0416972683550901,11.818181818181818,0.9727405041457956,0.3299100575127522,0.539805718424723,409,native
r191_robust_growth_low,spot,1000.0,1927.386295209095,927.3862952090948,92.7386295209095,65,38.46153846153846,1170.737099881588,-552.3378350389048,14.267481464755289,51.32681485805675,0.6910226029051514,60.57475893766732,1070.5400821643923,False,Bitstamp BTC spot,holdout,spot,2023-01-01 00:00:00+00:00,2026-08-12 00:40:00+00:00,1319.03125,0.004,1.0,10.0,0.0,not charged,173,0.1311568622805562,65,0.0492785898741974,13.106060606060606,0.6942798011824057,0.3473306652986679,0.5700216866182333,173,native
r191_sticky_expert,futures_5x,1000.0,968.1701010061618,-31.82989899383824,-3.1829898993838257,1,0.0,-31.538248599663955,-31.538248599663955,-31.538248599663955,6.76682105887198,-0.8850359333342659,8.904109589041095,0.9818214864433896,False,Deribit perp + Deribit 8h funding,beta_perp_00,perp,2026-02-15 00:00:00+00:00,2026-07-10 23:55:00+00:00,146.0,0.0005,1.0,5.0,0.2916503941742173,Deribit 8h aggregation,2,0.0136986301369863,1,0.0068493150684931,1.36986301369863,-0.9388715183308654,0.0825692001971404,0.0888425014606555,2,native
r191_sticky_expert,futures_5x,1000.0,772.3218715410829,-227.67812845891703,-22.76781284589171,3,0.0,-22.140652014084345,-137.8481205597102,-66.82033242535583,27.545638074056455,-1.5031734153226728,77.07006369426752,2.541345259209077,False,Deribit perp + Deribit 8h funding,beta_perp_01,perp,2025-07-11 00:00:00+00:00,2025-12-14 23:55:00+00:00,157.0,0.0005,1.0,5.0,27.217131182850064,Deribit 8h aggregation,6,0.0382165605095541,3,0.019108280254777,3.821656050955414,-1.8119849719204697,0.3055785312727295,0.7803964176031187,6,native
r191_sticky_expert,futures_5x,1000.0,784.1940297883853,-215.80597021161475,-21.580597021161473,5,25.0,11.227445738101627,-82.79915662617692,-38.81022259191166,25.09257849193847,-1.2830048344524172,93.3774834437086,3.8577503272591978,False,Deribit perp + Deribit 8h funding,beta_perp_02,perp,2023-04-29 00:00:00+00:00,2023-09-26 23:55:00+00:00,151.0,0.0005,1.0,5.0,21.75485725205556,Deribit 8h aggregation,9,0.0596026490066225,4,0.0264900662251655,5.960264900662252,-1.5558256705196272,0.3405540621540898,0.9376713819766216,9,native
r191_sticky_expert,futures_5x,1000.0,769.0096720972172,-230.99032790278284,-23.099032790278283,3,0.0,133.7943100730752,-243.07817805942196,-67.36740677453689,38.52131870286198,-0.5649868361454469,96.83257918552036,1.881478376921497,False,Deribit perp + Deribit 8h funding,beta_perp_03,perp,2024-03-14 00:00:00+00:00,2024-10-20 23:55:00+00:00,221.0,0.0005,1.0,5.0,28.888107579171155,Deribit 8h aggregation,5,0.0226244343891402,2,0.0090497737556561,2.262443438914027,-0.6115167868068379,0.5034474729280759,0.9757925998476952,5,native
r191_sticky_expert,futures_5x,1000.0,775.8542891164764,-224.14571088352363,-22.414571088352364,3,0.0,-35.277750414955285,-90.84928068862745,-67.68550530980407,31.4236262862548,-1.4520947363587773,66.39344262295081,2.5909962217433034,False,Deribit perp + Deribit 8h funding,beta_perp_04,perp,2024-12-09 00:00:00+00:00,2025-04-09 23:55:00+00:00,122.0,0.0005,1.0,5.0,21.0891949541114,Deribit 8h aggregation,6,0.0491803278688524,3,0.0245901639344262,4.918032786885246,-1.8365615211301585,0.3748875682677766,0.6700170262397944,6,native
r191_sticky_expert,futures_5x,1000.0,913.8623390898208,-86.13766091017908,-8.613766091017904,4,0.0,185.55383570560787,-137.23161315115146,-15.065754410079627,28.79418745338702,-0.2720167820994321,75.79908675799086,2.8892085883728575,False,Deribit perp + Deribit 8h funding,beta_perp_05,perp,2025-01-26 00:00:00+00:00,2025-09-01 23:55:00+00:00,219.0,0.0005,1.0,5.0,25.87464326985955,Deribit 8h aggregation,7,0.0319634703196347,3,0.0136986301369863,3.1963470319634704,-0.305433820747632,0.3221964472479195,0.7621016817178403,7,native
r191_sticky_expert,futures_5x,1000.0,1479.7609592849042,479.7609592849042,47.976095928490416,1,0.0,562.6686095993646,562.6686095993646,562.6686095993646,21.828487379335996,2.0993459476175964,99.24242424242424,0.49854985,False,Deribit perp + Deribit 8h funding,beta_perp_06,perp,2023-12-12 00:00:00+00:00,2024-04-21 23:55:00+00:00,132.0,0.0005,1.0,5.0,82.90765031446027,Deribit 8h aggregation,1,0.0075757575757575,0,0.0,0.7575757575757576,2.1304758227305975,0.5908101825799948,1.020999868561074,23,native
r191_sticky_expert,futures_5x,1000.0,1026.7541599233,26.75415992329999,2.6754159923300103,3,33.333333333333336,157.54962938838767,-53.80531952499398,24.76989413841217,27.702918507066972,0.2888300882307291,82.78688524590164,3.2204046705475307,False,Deribit perp + Deribit 8h funding,beta_perp_07,perp,2025-04-05 00:00:00+00:00,2025-12-04 23:55:00+00:00,244.0,0.0005,1.0,5.0,47.555522491935974,Deribit 8h aggregation,6,0.0245901639344262,3,0.0122950819672131,2.459016393442623,0.2831490702619186,0.3231675334275654,0.8392084545485017,6,native
r191_sticky_expert,futures_5x,1000.0,1713.2242303034795,713.2242303034795,71.32242303034795,6,20.0,1057.6892588968751,-91.62657296505589,143.27778228433522,24.90817391732929,1.3718556325556883,96.86609686609688,4.60401085050892,False,Deribit perp + Deribit 8h funding,beta_perp_08,perp,2023-05-05 00:00:00+00:00,2024-04-19 23:55:00+00:00,351.0,0.0005,1.0,5.0,146.44246340253034,Deribit 8h aggregation,11,0.0313390313390313,5,0.0142450142450142,3.133903133903134,1.4087126474961704,0.4786025723082178,0.9895431868351704,51,native
r191_sticky_expert,futures_5x,1000.0,1264.5096304368888,264.50963043688876,26.45096304368888,6,20.0,453.376211726938,-119.5939480113988,58.219337948822734,34.60123139711008,0.7633212954715866,82.89855072463769,5.666033754391613,False,Deribit perp + Deribit 8h funding,beta_perp_09,perp,2024-07-05 00:00:00+00:00,2025-06-14 23:55:00+00:00,345.0,0.0005,1.0,5.0,84.80639725604706,Deribit 8h aggregation,11,0.0318840579710144,5,0.0144927536231884,3.1884057971014492,0.7917470179955535,0.4296616774073379,0.8402088259506052,19,native
r191_sticky_expert,futures_5x,1000.0,1358.646743233627,358.6467432336269,35.86467432336269,4,33.333333333333336,520.694509134076,-124.56964676848202,110.28391254454276,31.887605694197447,1.301957993193802,76.54867256637168,4.538146664196188,False,Deribit perp + Deribit 8h funding,beta_perp_10,perp,2024-09-12 00:00:00+00:00,2025-04-25 23:55:00+00:00,226.0,0.0005,1.0,5.0,82.48890694454492,Deribit 8h aggregation,7,0.0309734513274336,3,0.0132743362831858,3.0973451327433628,1.369714066119983,0.4279529110948223,0.7824763865260268,15,native
r191_sticky_expert,futures_5x,1000.0,820.3154140708142,-179.6845859291858,-17.96845859291858,6,16.666666666666668,125.8727692694158,-83.49211013502621,-23.278191430791765,27.70291850706695,-0.4875120843469052,65.6891495601173,5.2163532560289125,False,Deribit perp + Deribit 8h funding,beta_perp_11,perp,2025-02-06 00:00:00+00:00,2026-01-12 23:55:00+00:00,341.0,0.0005,1.0,5.0,40.015437344436116,Deribit 8h aggregation,12,0.0351906158357771,6,0.0175953079178885,3.5190615835777126,-0.5553835302973461,0.3003937656138072,0.6649023540336593,12,native
r191_sticky_expert,futures_5x,1000.0,1209.113713406274,209.11371340627397,20.91137134062739,4,33.333333333333336,242.7181600526309,-96.3772629509825,66.73282754817349,31.74093271647528,0.9823828203013736,73.6318407960199,3.617763741122961,False,Deribit perp + Deribit 8h funding,beta_perp_12,perp,2024-11-07 00:00:00+00:00,2025-05-26 23:55:00+00:00,201.0,0.0005,1.0,5.0,57.81759678641929,Deribit 8h aggregation,7,0.0348258706467661,3,0.0149253731343283,3.482587064676617,1.0423465796719673,0.4117827937302883,0.7492353415266958,7,native
r191_sticky_expert,futures_5x,1000.0,788.0919711696143,-211.9080288303857,-21.19080288303856,4,0.0,-23.335510634994336,-111.18750731504495,-50.7128949618798,28.619232726863608,-1.2913373466171028,17.845117845117844,3.440918888283923,False,Deribit perp + Deribit 8h funding,beta_perp_13,perp,2025-09-30 00:00:00+00:00,2026-07-23 23:55:00+00:00,297.0,0.0005,1.0,5.0,9.05644898286699,Deribit 8h aggregation,8,0.0269360269360269,4,0.0134680134680134,2.6936026936026938,-1.6238214970346716,0.1711639098463707,0.1787082352021131,8,native
r191_sticky_expert,futures_5x,1000.0,991.3313421823392,-8.668657817660915,-0.8668657817660907,4,0.0,197.03814255829292,-82.61218131829303,18.19560837013556,31.70563474113915,0.1915228048639538,85.02824858757062,3.1709970872998707,False,Deribit perp + Deribit 8h funding,beta_perp_14,perp,2024-11-11 00:00:00+00:00,2025-10-30 23:55:00+00:00,354.0,0.0005,1.0,5.0,81.45109129820446,Deribit 8h aggregation,7,0.019774011299435,3,0.0084745762711864,1.9774011299435028,0.1572655390902791,0.363726359123905,0.8643276367665939,7,native
r191_sticky_expert,futures_5x,1000.0,1304.9171558926382,304.9171558926382,30.491715589263823,4,33.333333333333336,274.6850819281565,-105.37664588379954,98.44719847703806,31.755795821259404,0.9910304449262004,81.97278911564626,3.909705304546296,False,Deribit perp + Deribit 8h funding,beta_perp_15,perp,2024-11-05 00:00:00+00:00,2025-08-25 23:55:00+00:00,294.0,0.0005,1.0,5.0,88.87163801551455,Deribit 8h aggregation,7,0.0238095238095238,3,0.010204081632653,2.380952380952381,1.0320544477692386,0.39546977319784,0.8316207096599862,7,native
r191_sticky_expert,futures_5x,1000.0,1819.258570153287,819.2585701532873,81.92585701532873,1,0.0,939.2547636623405,939.2547636623405,939.2547636623405,22.079110928707173,2.6614090105888555,99.40119760479044,0.49854985,False,Deribit perp + Deribit 8h funding,beta_perp_16,perp,2023-10-29 00:00:00+00:00,2024-04-12 23:55:00+00:00,167.0,0.0005,1.0,5.0,119.99619350905314,Deribit 8h aggregation,1,0.0059880239520958,0,0.0,0.5988023952095808,2.609591286055235,0.5625028868581303,1.0233868489445992,28,native
r191_sticky_expert,futures_5x,1000.0,831.7187354451867,-168.28126455481333,-16.82812645548133,6,20.0,37.622573961221285,-71.52801115695564,-23.775918168420308,24.48596182650496,-0.8238818825868108,93.3734939759036,4.694873501055559,False,Deribit perp + Deribit 8h funding,beta_perp_17,perp,2023-05-06 00:00:00+00:00,2023-10-18 23:55:00+00:00,166.0,0.0005,1.0,5.0,25.62575554429215,Deribit 8h aggregation,11,0.0662650602409638,5,0.0301204819277108,6.626506024096385,-1.0486029593457928,0.3336872169595461,0.9373439624407934,11,native
r191_sticky_expert,futures_5x,1000.0,765.8993953772804,-234.10060462271963,-23.410060462271964,4,0.0,-22.678385442294637,-134.52346471807377,-55.90157197869333,28.646274111949204,-1.5206658733906708,25.390625,3.35887516569432,False,Deribit perp + Deribit 8h funding,beta_perp_18,perp,2025-09-18 00:00:00+00:00,2026-05-31 23:55:00+00:00,256.0,0.0005,1.0,5.0,10.494316707946489,Deribit 8h aggregation,8,0.03125,4,0.015625,3.125,-1.8329112594584969,0.1968287859457413,0.2543525703689637,8,native
r191_sticky_expert,futures_5x,1000.0,1428.8955051045098,428.89550510450977,42.88955051045098,6,40.0,534.3937310331031,-80.49393316170581,82.77755613909729,27.845118333392005,1.1490035245194294,96.48562300319487,5.423633203983852,False,Deribit perp + Deribit 8h funding,beta_perp_19,perp,2023-02-17 00:00:00+00:00,2023-12-26 23:55:00+00:00,313.0,0.0005,1.0,5.0,67.76983173007537,Deribit 8h aggregation,11,0.0351437699680511,5,0.0159744408945686,3.5143769968051117,1.1850872671211907,0.4276035311518048,0.9696517900081464,11,native
r191_sticky_expert,futures_5x,1000.0,1330.3468474677245,330.3468474677243,33.03468474677243,6,40.0,496.7587176557256,-76.87822513003125,68.62439368786914,24.485961826504973,1.2269948427185204,95.25862068965516,5.200318500881125,False,Deribit perp + Deribit 8h funding,beta_perp_20,perp,2023-06-10 00:00:00+00:00,2024-01-27 23:55:00+00:00,232.0,0.0005,1.0,5.0,81.39951465949218,Deribit 8h aggregation,11,0.0474137931034482,5,0.021551724137931,4.741379310344827,1.2959988919077174,0.4117506256239243,0.9649269393125356,11,native
r191_sticky_expert,futures_5x,1000.0,1297.0392020379345,297.0392020379343,29.703920203793423,6,20.0,508.06671889642377,-72.79088365622177,62.883538971780446,24.485961826505033,1.0712448478680854,95.63492063492065,4.951725802496919,False,Deribit perp + Deribit 8h funding,beta_perp_21,perp,2023-05-23 00:00:00+00:00,2024-01-29 23:55:00+00:00,252.0,0.0005,1.0,5.0,80.26203179274826,Deribit 8h aggregation,11,0.0436507936507936,5,0.0198412698412698,4.365079365079365,1.108128458049576,0.418779407103701,0.9680712202587844,11,native
r191_sticky_expert,futures_5x,1000.0,1793.2032960294473,793.2032960294473,79.32032960294472,1,0.0,921.832011049664,921.832011049664,921.832011049664,25.026359809891392,1.9885412285952688,99.55947136563876,0.4985498499999999,False,Deribit perp + Deribit 8h funding,beta_perp_22,perp,2023-10-31 00:00:00+00:00,2024-06-13 23:55:00+00:00,227.0,0.0005,1.0,5.0,128.6287150202162,Deribit 8h aggregation,1,0.0044052863436123,0,0.0,0.4405286343612334,1.9698648107176189,0.5550396736458069,1.0341683570139857,90,native
r191_sticky_expert,futures_5x,1000.0,828.7547324137291,-171.24526758627087,-17.12452675862709,3,0.0,-23.75844943868316,-91.13681335051552,-52.77491878607876,27.286068502152073,-1.299333918726049,35.88235294117647,2.682551514619092,False,Deribit perp + Deribit 8h funding,beta_perp_23,perp,2025-09-09 00:00:00+00:00,2026-02-25 23:55:00+00:00,170.0,0.0005,1.0,5.0,12.92051122803482,Deribit 8h aggregation,6,0.0352941176470588,3,0.0176470588235294,3.5294117647058822,-1.604506523619764,0.2341576398492389,0.3602267011856938,6,native
r191_sticky_expert,spot,1000.0,961.5779475992116,-38.42205240078829,-3.842205240078833,1,0.0,-38.42205240078829,-38.42205240078829,-38.42205240078829,6.8437484864610125,-1.0692997462606155,8.904109589041095,7.845691275498841,False,Bitstamp BTC spot,beta_spot_00,spot,2026-02-15 00:00:00+00:00,2026-07-10 23:55:00+00:00,146.0,0.004,1.0,10.0,0.0,not charged,2,0.0136986301369863,1,0.0068493150684931,1.36986301369863,-1.1524346616517402,0.082126227734533,0.0890396364552376,2,native
r191_sticky_expert,spot,1000.0,781.4734428874142,-218.5265571125858,-21.852655711258585,3,0.0,-28.054050530108555,-144.0257422827729,-72.84218570419524,27.72619209379301,-1.6398705487566876,77.07006369426752,20.59353018547554,False,Bitstamp BTC spot,beta_spot_01,spot,2025-07-11 00:00:00+00:00,2025-12-14 23:55:00+00:00,157.0,0.004,1.0,10.0,0.0,not charged,6,0.0382165605095541,3,0.019108280254777,3.821656050955414,-1.755200851702747,0.3007277598858877,0.7706875976457995,6,native
r191_sticky_expert,spot,1000.0,816.8981967172896,-183.1018032827104,-18.31018032827104,3,0.0,-17.384808255226314,-126.3221720970186,-61.033934427570166,24.959463784083443,-1.2872017284481587,90.06622516556291,17.64766847595359,False,Bitstamp BTC spot,beta_spot_02,spot,2023-04-29 00:00:00+00:00,2023-09-26 23:55:00+00:00,151.0,0.004,1.0,10.0,0.0,not charged,5,0.0331125827814569,2,0.0132450331125827,3.3112582781456954,-1.101451146531952,0.3791203245385776,0.9006469987790244,5,native
r191_sticky_expert,spot,1000.0,785.9545184339886,-214.0454815660114,-21.404548156601145,4,0.0,132.96116612130325,-234.36151465296984,-53.51137039150283,39.40050518039859,-0.5115828951744259,97.28506787330316,21.19031008770156,False,Bitstamp BTC spot,beta_spot_03,spot,2024-03-14 00:00:00+00:00,2024-10-20 23:55:00+00:00,221.0,0.004,1.0,10.0,0.0,not charged,7,0.0316742081447963,3,0.0135746606334841,3.167420814479638,-0.5944777565975082,0.4778880569748008,0.9728341978423504,7,native
r191_sticky_expert,spot,1000.0,777.255167261706,-222.744832738294,-22.274483273829404,3,0.0,-41.04987333002898,-97.29112040884726,-74.24827757943133,31.32258004980763,-1.4555220241953335,66.39344262295081,20.8735448394964,False,Bitstamp BTC spot,beta_spot_04,spot,2024-12-09 00:00:00+00:00,2025-04-09 23:55:00+00:00,122.0,0.004,1.0,10.0,0.0,not charged,6,0.0491803278688524,3,0.0245901639344262,4.918032786885246,-1.812563742303762,0.3765161881202242,0.6639235883728469,6,native
r191_sticky_expert,spot,1000.0,916.8754642725512,-83.12453572744892,-8.312453572744893,4,0.0,179.43975872505914,-143.53768548038957,-20.781133931862236,29.637381242659295,-0.2600344065537312,75.79908675799086,22.946217872968376,False,Bitstamp BTC spot,beta_spot_05,spot,2025-01-26 00:00:00+00:00,2025-09-01 23:55:00+00:00,219.0,0.004,1.0,10.0,0.0,not charged,7,0.0319634703196347,3,0.0136986301369863,3.1963470319634704,-0.2908117182437792,0.3208302014519103,0.7579801741094049,7,native
r191_sticky_expert,spot,1000.0,1558.0545717350003,558.0545717350005,55.80545717350005,1,0.0,558.0545717350004,558.0545717350004,558.0545717350004,21.350448522578784,2.446956484658643,99.24242424242424,3.98399836,False,Bitstamp BTC spot,beta_spot_06,spot,2023-12-12 00:00:00+00:00,2024-04-21 23:55:00+00:00,132.0,0.004,1.0,10.0,0.0,not charged,1,0.0075757575757575,0,0.0,0.7575757575757576,2.6694466156251897,0.5081079720897173,0.9924111725521344,1,native
r191_sticky_expert,spot,1000.0,1050.047601114711,50.047601114710915,5.004760111471085,3,33.333333333333336,150.1526048165532,-62.409431665704474,16.68253370490355,27.72626250677927,0.3875305556343645,82.78688524590164,26.301860738425574,False,Bitstamp BTC spot,beta_spot_07,spot,2025-04-05 00:00:00+00:00,2025-12-04 23:55:00+00:00,244.0,0.004,1.0,10.0,0.0,not charged,6,0.0245901639344262,3,0.0122950819672131,2.459016393442623,0.3883440250830348,0.3170591861175658,0.8278579056178099,6,native
r191_sticky_expert,spot,1000.0,1980.8640126738137,980.8640126738136,98.08640126738138,3,0.0,1155.8008332447178,-135.9773575753382,326.95467089127123,24.959460775038977,1.7896134859690171,95.72649572649571,17.49666784225779,False,Bitstamp BTC spot,beta_spot_08,spot,2023-05-05 00:00:00+00:00,2024-04-19 23:55:00+00:00,351.0,0.004,1.0,10.0,0.0,not charged,5,0.0142450142450142,2,0.0056980056980056,1.4245014245014245,1.8297593405767405,0.4419820083686948,0.9572525787159998,5,native
r191_sticky_expert,spot,1000.0,1274.2085683594366,274.20856835943664,27.420856835943663,7,16.666666666666668,431.51808022835706,-115.27790180769932,39.17265262277668,37.03186533558015,0.7870805325694001,83.18840579710145,52.39751737337177,False,Bitstamp BTC spot,beta_spot_09,spot,2024-07-05 00:00:00+00:00,2025-06-14 23:55:00+00:00,345.0,0.004,1.0,10.0,0.0,not charged,13,0.0376811594202898,6,0.017391304347826,3.768115942028986,0.811429332990342,0.4289799123965909,0.8318733371917367,13,native
r191_sticky_expert,spot,1000.0,1396.5101053063229,396.5101053063229,39.65101053063229,4,33.333333333333336,504.4214120864547,-140.66433323502042,99.12752632658074,31.322674743781825,1.4268195853776588,76.54867256637168,37.292191002554674,False,Bitstamp BTC spot,beta_spot_10,spot,2024-09-12 00:00:00+00:00,2025-04-25 23:55:00+00:00,226.0,0.004,1.0,10.0,0.0,not charged,7,0.0309734513274336,3,0.0132743362831858,3.0973451327433628,1.4924450390529969,0.4204818022758903,0.7654777076877443,7,native
r191_sticky_expert,spot,1000.0,822.5105494663834,-177.4894505336166,-17.748945053361666,6,16.666666666666668,117.61571700212866,-90.26147502745776,-29.58157508893609,27.72626250677928,-0.5339822490626371,65.6891495601173,41.60752345665265,False,Bitstamp BTC spot,beta_spot_11,spot,2025-02-06 00:00:00+00:00,2026-01-12 23:55:00+00:00,341.0,0.004,1.0,10.0,0.0,not charged,12,0.0351906158357771,6,0.0175953079178885,3.5190615835777126,-0.5552674248298095,0.2970583316350437,0.656882592847739,12,native
r191_sticky_expert,spot,1000.0,1241.3266118888534,241.32661188885345,24.13266118888535,4,33.333333333333336,244.98034397262916,-108.19542092096036,60.33165297221336,31.322632111406424,1.1032751701298376,73.6318407960199,29.603796216105664,False,Bitstamp BTC spot,beta_spot_12,spot,2024-11-07 00:00:00+00:00,2025-05-26 23:55:00+00:00,201.0,0.004,1.0,10.0,0.0,not charged,7,0.0348258706467661,3,0.0149253731343283,3.482587064676617,1.1656004928117698,0.4079290599209338,0.7363085585468988,7,native
r191_sticky_expert,spot,1000.0,774.5019712726788,-225.4980287273212,-22.549802872732116,4,0.0,-28.91474613814391,-117.76453328488296,-56.374507181830275,29.651789044892897,-1.660136026260164,17.845117845117844,27.42241505564261,False,Bitstamp BTC spot,beta_spot_13,spot,2025-09-30 00:00:00+00:00,2026-07-23 23:55:00+00:00,297.0,0.004,1.0,10.0,0.0,not charged,8,0.0269360269360269,4,0.0134680134680134,2.6936026936026938,-1.756677936448923,0.1704522144166723,0.1784482251973676,8,native
r191_sticky_expert,spot,1000.0,1050.3309173322432,50.33091733224319,5.033091733224326,4,0.0,198.24186131945444,-92.53021469158476,12.58272933306079,31.32260084278048,0.3272930126429643,85.02824858757062,25.89439293404913,False,Bitstamp BTC spot,beta_spot_14,spot,2024-11-11 00:00:00+00:00,2025-10-30 23:55:00+00:00,354.0,0.004,1.0,10.0,0.0,not charged,7,0.019774011299435,3,0.0084745762711864,1.9774011299435028,0.3207140110849184,0.3586463685277153,0.8502707255606654,7,native
r191_sticky_expert,spot,1000.0,1366.27442241089,366.2744224108901,36.627442241089,4,33.333333333333336,276.29050682000116,-118.36373793126783,91.56860560272244,31.32264797809719,1.142472014747217,81.97278911564626,32.011577380218,False,Bitstamp BTC spot,beta_spot_15,spot,2024-11-05 00:00:00+00:00,2025-08-25 23:55:00+00:00,294.0,0.004,1.0,10.0,0.0,not charged,7,0.0238095238095238,3,0.010204081632653,2.380952380952381,1.1868919656388557,0.3903648751817957,0.8197174686629434,7,native
r191_sticky_expert,spot,1000.0,1925.0717908287124,925.0717908287124,92.50717908287125,1,0.0,925.0717908287124,925.0717908287124,925.0717908287124,21.350496448429126,3.035484127740632,99.40119760479044,3.9839983600000006,False,Bitstamp BTC spot,beta_spot_16,spot,2023-10-29 00:00:00+00:00,2024-04-12 23:55:00+00:00,167.0,0.004,1.0,10.0,0.0,not charged,1,0.0059880239520958,0,0.0,0.5988023952095808,3.1772855449136608,0.488939956486958,0.9939998081216652,1,native
r191_sticky_expert,spot,1000.0,890.1865232412435,-109.81347675875644,-10.98134767587564,3,0.0,46.00851168697213,-115.95992354837578,-36.60449225291887,24.95946694036055,-0.5834946217899588,90.96385542168674,17.809727102468006,False,Bitstamp BTC spot,beta_spot_17,spot,2023-05-06 00:00:00+00:00,2023-10-18 23:55:00+00:00,166.0,0.004,1.0,10.0,0.0,not charged,5,0.0301204819277108,2,0.0120481927710843,3.0120481927710845,-0.5162973678836333,0.366679385932272,0.9096233841025528,5,native
r191_sticky_expert,spot,1000.0,754.3667758255496,-245.63322417445045,-24.563322417445043,4,0.0,-28.16303202198877,-140.70054147025684,-61.40830604361265,29.65178210553075,-1.9016706422050464,25.390625,26.813070669498178,False,Bitstamp BTC spot,beta_spot_18,spot,2025-09-18 00:00:00+00:00,2026-05-31 23:55:00+00:00,256.0,0.004,1.0,10.0,0.0,not charged,8,0.03125,4,0.015625,3.125,-1.938859690286504,0.1971908187393951,0.253901960613534,8,native
r191_sticky_expert,spot,1000.0,1470.6718314928617,470.67183149286166,47.06718314928617,4,33.333333333333336,535.1434491243193,-192.03071268333417,117.6679578732154,24.959539038133418,1.2884882918998368,94.56869009584663,25.76959857636332,False,Bitstamp BTC spot,beta_spot_19,spot,2023-02-17 00:00:00+00:00,2023-12-26 23:55:00+00:00,313.0,0.004,1.0,10.0,0.0,not charged,7,0.0223642172523961,3,0.0095846645367412,2.236421725239617,1.2236734457680438,0.4487786750777522,0.9456745035856464,7,native
r191_sticky_expert,spot,1000.0,1478.0995319481872,478.0995319481872,47.80995319481871,3,0.0,530.400214810345,-44.75033839530072,159.36651064939568,24.95949600944944,1.7412319955311155,93.53448275862068,19.50518030497376,False,Bitstamp BTC spot,beta_spot_20,spot,2023-06-10 00:00:00+00:00,2024-01-27 23:55:00+00:00,232.0,0.004,1.0,10.0,0.0,not charged,5,0.021551724137931,2,0.0086206896551724,2.1551724137931036,1.71020478244383,0.4081698296322581,0.935332291165985,5,native
r191_sticky_expert,spot,1000.0,1441.5642496998476,441.5642496998475,44.156424969984755,3,0.0,543.6072565457151,-59.641499762973545,147.18808323328247,24.959482878196784,1.530947856510602,94.04761904761904,18.690509527563822,False,Bitstamp BTC spot,beta_spot_21,spot,2023-05-23 00:00:00+00:00,2024-01-29 23:55:00+00:00,252.0,0.004,1.0,10.0,0.0,not charged,5,0.0198412698412698,2,0.0079365079365079,1.984126984126984,1.485513660326779,0.4143016017602185,0.940463138495422,5,native
r191_sticky_expert,spot,1000.0,1919.331752828732,919.331752828732,91.9331752828732,1,0.0,919.3317528287322,919.3317528287322,919.3317528287322,23.040933872324516,2.2988481852454377,99.55947136563876,3.9839983600000006,False,Bitstamp BTC spot,beta_spot_22,spot,2023-10-31 00:00:00+00:00,2024-06-13 23:55:00+00:00,227.0,0.004,1.0,10.0,0.0,not charged,1,0.0044052863436123,0,0.0,0.4405286343612334,2.4062909342723313,0.484950777498014,0.995583545447818,1,native
r191_sticky_expert,spot,1000.0,823.7019446023551,-176.29805539764493,-17.629805539764497,3,0.0,-29.57000802259163,-97.771438008015,-58.76601846588164,27.72620620725141,-1.617604508166467,35.88235294117647,21.491063470642512,False,Bitstamp BTC spot,beta_spot_23,spot,2025-09-09 00:00:00+00:00,2026-02-25 23:55:00+00:00,170.0,0.004,1.0,10.0,0.0,not charged,6,0.0352941176470588,3,0.0176470588235294,3.5294117647058822,-1.6675321255888875,0.2333007850770209,0.3588177048365599,6,native
r191_sticky_expert,spot,1000.0,2691.4793812837074,1691.4793812837074,169.14793812837075,13,30.76923076923077,1117.4443698840898,-262.9426414329217,130.11379856028526,39.13695924601417,0.8877639298441603,73.5388187353408,56.86710779201578,False,Bitstamp BTC spot,discount_holdout,spot,2023-01-01 00:00:00+00:00,2026-08-12 00:40:00+00:00,1319.03125,0.001,1.0,10.0,0.0,not charged,26,0.0197114359496789,13,0.0098557179748394,1.9696969696969695,0.8920182972702395,0.3929989990854207,0.7353876044793631,26,native
r191_sticky_expert,spot,1000.0,1811.5682890993464,811.5682890993462,81.15682890993463,13,38.46153846153846,780.0960061971596,-255.54190029928975,62.42832993071897,52.89005743223388,0.5890610236635906,58.30016568458817,156.42358995135908,False,Coinbase ETH spot,eth_holdout,eth,2023-01-01 00:00:00+00:00,2026-08-12 00:40:00+00:00,1319.03125,0.004,1.0,5.0,0.0,not charged,26,0.0197114359496789,13,0.0098557179748394,1.9696969696969695,0.5840762937383058,0.4629999195524184,0.582994181209345,26,native
r191_sticky_expert,futures_5x,1000.0,2292.7592611088244,1292.7592611088244,129.27592611088247,14,35.714285714285715,1141.918997066236,-261.1439557788691,130.11447277869905,40.99290599440277,0.7520962824920182,73.99369802648724,26.53982669586581,False,Deribit perp + Deribit 8h funding,funded_holdout,perp,2023-01-01 00:00:00+00:00,2026-08-12 00:40:00+00:00,1319.03125,0.0005,1.0,5.0,528.843357792964,Deribit 8h aggregation,28,0.0212277002535004,14,0.0106138501267502,2.121212121212121,0.7681632245913756,0.4048013656369693,0.7573181790066895,184,native
r191_sticky_expert,spot,1000.0,2489.4988706628983,1489.4988706628983,148.94988706628985,13,30.76923076923077,1084.3585185423535,-267.74232729536914,114.5768362048384,40.22239040709124,0.833323649615279,73.5388187353408,217.3367780080222,False,Bitstamp BTC spot,holdout,spot,2023-01-01 00:00:00+00:00,2026-08-12 00:40:00+00:00,1319.03125,0.004,1.0,10.0,0.0,not charged,26,0.0197114359496789,13,0.0098557179748394,1.9696969696969695,0.8372483802908522,0.3928902450723857,0.7353795444055338,26,native
r191_sticky_expert_high,spot,1000.0,2835.705939403394,1835.705939403394,183.57059394033945,8,50.0,1128.642868566153,-271.9733559686728,229.46324242542423,37.67125854731604,0.9257294532556836,74.3727641024426,34.37367508270078,False,Bitstamp BTC spot,discount_holdout,spot,2023-01-01 00:00:00+00:00,2026-08-12 00:40:00+00:00,1319.03125,0.001,1.0,10.0,0.0,not charged,16,0.0121301144305716,8,0.0060650572152858,1.2121212121212122,0.9306304952178104,0.391694360146767,0.7437270422420152,16,native
r191_sticky_expert_high,spot,1000.0,1606.2755600137302,606.2755600137302,60.627556001373016,9,33.333333333333336,775.8222558166491,-264.2123448092198,67.36395111263666,53.518322646587066,0.5159272300895895,58.451889568192776,107.26694835862826,False,Coinbase ETH spot,eth_holdout,eth,2023-01-01 00:00:00+00:00,2026-08-12 00:40:00+00:00,1319.03125,0.004,1.0,5.0,0.0,not charged,18,0.0136463787343931,9,0.0068231893671965,1.3636363636363635,0.5119517096892288,0.4663089016952451,0.5845114704476688,18,native
r191_sticky_expert_high,futures_5x,1000.0,2632.3308865963168,1632.3308865963168,163.23308865963168,7,57.142857142857146,1341.4684864351789,-297.92316820572444,318.05704377267455,41.60055699570459,0.8419221602875938,73.99369802648724,16.243112947307875,False,Deribit perp + Deribit 8h funding,funded_holdout,perp,2023-01-01 00:00:00+00:00,2026-08-12 00:40:00+00:00,1319.03125,0.0005,1.0,5.0,594.0684198124022,Deribit 8h aggregation,14,0.0106138501267502,7,0.0053069250633751,1.0606060606060606,0.8623855661030929,0.4050423560129734,0.7585826934965574,170,native
r191_sticky_expert_high,spot,1000.0,2702.777435412913,1702.7774354129128,170.2777435412913,8,50.0,1101.8162212374193,-280.28093158897235,212.8471794266141,38.41444818738896,0.8921279320292353,74.3727641024426,133.60911493339003,False,Bitstamp BTC spot,holdout,spot,2023-01-01 00:00:00+00:00,2026-08-12 00:40:00+00:00,1319.03125,0.004,1.0,10.0,0.0,not charged,16,0.0121301144305716,8,0.0060650572152858,1.2121212121212122,0.8969230721598547,0.3915592561825358,0.7437187621864529,16,native
r191_sticky_expert_low,spot,1000.0,2621.738076672278,1621.738076672278,162.1738076672278,14,28.571428571428573,1052.6085878657022,-247.6863188429638,115.83843404801988,39.13695924601414,0.8705246242007262,72.93231301381222,56.45505826620702,False,Bitstamp BTC spot,discount_holdout,spot,2023-01-01 00:00:00+00:00,2026-08-12 00:40:00+00:00,1319.03125,0.001,1.0,10.0,0.0,not charged,28,0.0212277002535004,14,0.0106138501267502,2.121212121212121,0.8757631959296945,0.3912366845295585,0.7293225533741412,28,native
r191_sticky_expert_low,spot,1000.0,1815.1057791379037,815.1057791379035,81.51057791379034,18,33.333333333333336,821.8306568880344,-265.66048895623084,45.28365439655024,47.7997690945246,0.5897284582244219,58.755337335401975,207.0418924108302,False,Coinbase ETH spot,eth_holdout,eth,2023-01-01 00:00:00+00:00,2026-08-12 00:40:00+00:00,1319.03125,0.004,1.0,5.0,0.0,not charged,36,0.0272927574687862,18,0.0136463787343931,2.727272727272727,0.5848669585779322,0.4639578311368619,0.5875459166066018,36,native
r191_sticky_expert_low,futures_5x,1000.0,2161.8038329084407,1161.8038329084409,116.18038329084408,18,38.888888888888886,1040.9842219705808,-238.0613146179384,91.54573235313543,40.99290599440272,0.7151653804613727,73.08393944419437,28.753440852300177,False,Deribit perp + Deribit 8h funding,funded_holdout,perp,2023-01-01 00:00:00+00:00,2026-08-12 00:40:00+00:00,1319.03125,0.0005,1.0,5.0,486.019349447993,Deribit 8h aggregation,36,0.0272927574687862,18,0.0136463787343931,2.727272727272727,0.7295679914279339,0.4028446151198734,0.7474209655891795,192,native
r191_sticky_expert_low,spot,1000.0,2410.4861360082805,1410.4861360082805,141.04861360082802,14,28.571428571428573,1015.3331945849152,-250.69907032577913,100.7490097148772,40.22239040709125,0.8117850605355783,72.93231301381222,214.91372566967897,False,Bitstamp BTC spot,holdout,spot,2023-01-01 00:00:00+00:00,2026-08-12 00:40:00+00:00,1319.03125,0.004,1.0,10.0,0.0,not charged,28,0.0212277002535004,14,0.0106138501267502,2.121212121212121,0.8163788232305086,0.3912368811186253,0.7293145777910175,28,native
